[Sun Sep 27 12:55:10 +03 2026] training on 64 workers
[12:59:28] (1/480) trained runs/adult/window_k8/lam0.1_mu0.01_seed43
[12:59:30] (2/480) trained runs/adult/window_k8/lam1_mu0.01_seed43
[12:59:31] (3/480) trained runs/adult/window_k8/lam0.25_mu0.01_seed42
[12:59:31] (4/480) trained runs/adult/window_k8/lam0_mu0.01_seed42
[12:59:31] (5/480) trained runs/adult/window_k8/lam1_mu0.01_seed42
[12:59:31] (6/480) trained runs/adult/window_k8/lam2_mu0.01_seed44
[12:59:31] (7/480) trained runs/adult/window_k8/lam0.1_mu0.05_seed42
[12:59:32] (8/480) trained runs/adult/window_k8/lam1_mu0.05_seed44
[12:59:32] (9/480) trained runs/adult/window_k8/lam0.1_mu0.01_seed42
[12:59:32] (10/480) trained runs/adult/window_k8/lam5_mu0.01_seed44
[12:59:33] (11/480) trained runs/adult/window_k8/lam1.5_mu0.01_seed44
[12:59:33] (12/480) trained runs/adult/window_k8/lam0.75_mu0.05_seed44
[12:59:33] (13/480) trained runs/adult/window_k8/lam5_mu0.01_seed43
[12:59:33] (14/480) trained runs/adult/window_k8/lam0.5_mu0.01_seed42
[12:59:33] (15/480) trained runs/adult/window_k8/lam0.25_mu0.05_seed42
[12:59:34] (16/480) trained runs/adult/window_k8/lam0.1_mu0.01_seed44
[12:59:34] (17/480) trained runs/adult/window_k8/lam0.75_mu0.05_seed43
[12:59:34] (18/480) trained runs/adult/window_k8/lam3_mu0.05_seed43
[12:59:34] (19/480) trained runs/adult/window_k8/lam3_mu0.05_seed44
[12:59:34] (20/480) trained runs/adult/window_k8/lam0.25_mu0.01_seed43
[12:59:34] (21/480) trained runs/adult/window_k8/lam5_mu0.01_seed42
[12:59:34] (22/480) trained runs/adult/window_k8/lam3_mu0.01_seed43
[12:59:34] (23/480) trained runs/adult/window_k8/lam3_mu0.01_seed44
[12:59:35] (24/480) trained runs/adult/window_k8/lam1.5_mu0.05_seed44
[12:59:35] (25/480) trained runs/adult/window_k8/lam5_mu0.05_seed44
[12:59:35] (26/480) trained runs/adult/window_k8/lam2_mu0.05_seed43
[12:59:36] (27/480) trained runs/adult/window_k8/lam0.75_mu0.01_seed42
[12:59:36] (28/480) trained runs/adult/window_k8/lam0.5_mu0.05_seed44
[12:59:36] (29/480) trained runs/adult/window_k8/lam0.25_mu0.01_seed44
[12:59:36] (30/480) trained runs/adult/window_k8/lam0_mu0.05_seed44
[12:59:36] (31/480) trained runs/adult/window_k8/lam3_mu0.05_seed42
[12:59:36] (32/480) trained runs/adult/window_k8/lam0_mu0.01_seed44
[12:59:37] (33/480) trained runs/adult/window_k8/lam0.5_mu0.01_seed44
[12:59:37] (34/480) trained runs/adult/window_k8/lam1.5_mu0.01_seed42
[12:59:37] (35/480) trained runs/adult/window_k8/lam1.5_mu0.05_seed42
[12:59:37] (36/480) trained runs/adult/window_k8/lam2_mu0.05_seed44
[12:59:38] (37/480) trained runs/adult/window_k8/lam1.5_mu0.05_seed43
[12:59:38] (38/480) trained runs/adult/window_k8/lam5_mu0.05_seed42
[12:59:38] (39/480) trained runs/adult/window_k8/lam0_mu0.1_seed44
[12:59:38] (40/480) trained runs/adult/window_k8/lam0.1_mu0.05_seed44
[12:59:39] (41/480) trained runs/adult/window_k8/lam0_mu0.05_seed42
[12:59:39] (42/480) trained runs/adult/window_k8/lam0.1_mu0.05_seed43
[12:59:40] (43/480) trained runs/adult/window_k8/lam5_mu0.05_seed43
[12:59:40] (44/480) trained runs/adult/window_k8/lam0.5_mu0.01_seed43
[12:59:40] (45/480) trained runs/adult/window_k8/lam1_mu0.05_seed43
[12:59:40] (46/480) trained runs/adult/window_k8/lam0.75_mu0.01_seed43
[12:59:40] (47/480) trained runs/adult/window_k8/lam0_mu0.01_seed43
[12:59:41] (48/480) trained runs/adult/window_k8/lam0.75_mu0.05_seed42
[12:59:41] (49/480) trained runs/adult/window_k8/lam0.75_mu0.01_seed44
[12:59:43] (50/480) trained runs/adult/window_k8/lam3_mu0.01_seed42
[12:59:45] (51/480) trained runs/adult/window_k8/lam2_mu0.01_seed43
[12:59:45] (52/480) trained runs/adult/window_k8/lam0.5_mu0.05_seed43
[12:59:46] (53/480) trained runs/adult/window_k8/lam1.5_mu0.01_seed43
[12:59:47] (54/480) trained runs/adult/window_k8/lam2_mu0.01_seed42
[12:59:48] (55/480) trained runs/adult/window_k8/lam0.25_mu0.05_seed43
[12:59:52] (56/480) trained runs/adult/window_k8/lam1_mu0.05_seed42
[12:59:52] (57/480) trained runs/adult/window_k8/lam1_mu0.01_seed44
[12:59:54] (58/480) trained runs/adult/window_k8/lam0.25_mu0.05_seed44
[12:59:55] (59/480) trained runs/adult/window_k8/lam0.1_mu0.1_seed42
[12:59:56] (60/480) trained runs/adult/window_k8/lam0_mu0.05_seed43
[12:59:57] (61/480) trained runs/adult/window_k8/lam0_mu0.1_seed42
[12:59:57] (62/480) trained runs/adult/window_k8/lam2_mu0.05_seed42
[12:59:59] (63/480) trained runs/adult/window_k8/lam0.5_mu0.05_seed42
[12:59:59] (64/480) trained runs/adult/window_k8/lam0_mu0.1_seed43
[13:03:15] (65/480) trained runs/adult/window_k8/lam0.25_mu0.1_seed44
[13:03:15] (66/480) trained runs/adult/window_k8/lam0.5_mu0.1_seed43
[13:03:15] (67/480) trained runs/adult/window_k8/lam0.5_mu0.1_seed42
[13:03:15] (68/480) trained runs/adult/window_k8/lam0.25_mu0.1_seed43
[13:03:16] (69/480) trained runs/adult/window_k8/lam0.5_mu0.1_seed44
[13:03:17] (70/480) trained runs/adult/window_k8/lam0.75_mu0.1_seed42
[13:03:17] (71/480) trained runs/adult/window_k8/lam2_mu0.1_seed42
[13:03:18] (72/480) trained runs/adult/window_k8/lam2_mu0.1_seed44
[13:03:18] (73/480) trained runs/adult/window_k8/lam0.1_mu0.1_seed43
[13:03:18] (74/480) trained runs/adult/window_k8/lam1.5_mu0.1_seed42
[13:03:18] (75/480) trained runs/adult/window_k8/lam1_mu0.1_seed43
[13:03:19] (76/480) trained runs/adult/window_k8/lam0.1_mu0.1_seed44
[13:03:19] (77/480) trained runs/adult/window_k8/lam1_mu0.1_seed44
[13:03:21] (78/480) trained runs/adult/window_k8/lam3_mu0.1_seed42
[13:03:21] (79/480) trained runs/adult/window_k8/lam0.25_mu0.1_seed42
[13:03:21] (80/480) trained runs/adult/window_k8/lam1.5_mu0.1_seed43
[13:03:22] (81/480) trained runs/adult/window_k8/lam5_mu0.1_seed43
[13:03:22] (82/480) trained runs/adult/window_k8/lam0.75_mu0.5_seed42
[13:03:22] (83/480) trained runs/adult/window_k8/lam0.1_mu0.5_seed42
[13:03:22] (84/480) trained runs/adult/window_k8/lam5_mu0.1_seed42
[13:03:22] (85/480) trained runs/adult/window_k8/lam0.5_mu0.5_seed43
[13:03:22] (86/480) trained runs/adult/window_k8/lam5_mu0.1_seed44
[13:03:23] (87/480) trained runs/adult/window_k8/lam2_mu0.1_seed43
[13:03:23] (88/480) trained runs/adult/window_k8/lam1.5_mu0.1_seed44
[13:03:23] (89/480) trained runs/adult/window_k8/lam0.75_mu0.5_seed44
[13:03:23] (90/480) trained runs/adult/window_k8/lam0.75_mu0.1_seed44
[13:03:23] (91/480) trained runs/adult/window_k8/lam1_mu0.1_seed42
[13:03:23] (92/480) trained runs/adult/window_k8/lam3_mu0.1_seed43
[13:03:23] (93/480) trained runs/adult/window_k8/lam0.75_mu0.1_seed43
[13:03:25] (94/480) trained runs/adult/window_k8/lam0.25_mu0.5_seed43
[13:03:25] (95/480) trained runs/adult/window_k8/lam0.5_mu0.5_seed44
[13:03:26] (96/480) trained runs/adult/window_k8/lam3_mu0.1_seed44
[13:03:27] (97/480) trained runs/adult/window_k8/lam1_mu0.5_seed44
[13:03:27] (98/480) trained runs/adult/window_k8/lam0.25_mu0.5_seed44
[13:03:27] (99/480) trained runs/adult/window_k8/lam1.5_mu0.5_seed43
[13:03:28] (100/480) trained runs/adult/window_k8/lam2_mu0.5_seed43
[13:03:28] (101/480) trained runs/adult/window_k8/lam0.5_mu0.5_seed42
[13:03:28] (102/480) trained runs/adult/window_k8/lam0.1_mu0.5_seed43
[13:03:28] (103/480) trained runs/adult/window_k8/lam0_mu0.5_seed44
[13:03:29] (104/480) trained runs/adult/window_k8/lam0.1_mu0.5_seed44
[13:03:29] (105/480) trained runs/adult/window_k8/lam0_mu0.5_seed43
[13:03:30] (106/480) trained runs/adult/window_k8/lam0.75_mu0.5_seed43
[13:03:31] (107/480) trained runs/adult/window_k8/lam0.25_mu0.5_seed42
[13:03:32] (108/480) trained runs/adult/window_k8/lam1_mu0.5_seed42
[13:03:32] (109/480) trained runs/adult/window_k8/lam1.5_mu0.5_seed42
[13:03:33] (110/480) trained runs/adult/window_k8/lam0_mu0.5_seed42
[13:03:33] (111/480) trained runs/adult/window_k8/lam1_mu0.5_seed43
[13:03:36] (112/480) trained runs/adult/window_k8/lam2_mu0.5_seed42
[13:03:38] (113/480) trained runs/adult/window_k8/lam1.5_mu0.5_seed44
[13:03:39] (114/480) trained runs/adult/window_k8/lam2_mu0.5_seed44
[13:03:42] (115/480) trained runs/adult/window_k8/lam3_mu0.5_seed42
[13:03:44] (116/480) trained runs/adult/window_k8/lam5_mu0.5_seed43
[13:03:44] (117/480) trained runs/adult/window_k8/lam3_mu0.5_seed44
[13:03:48] (118/480) trained runs/adult/window_k8/lam5_mu0.5_seed42
[13:03:48] (119/480) trained runs/adult/window_k8/lam3_mu0.5_seed43
[13:03:55] (120/480) trained runs/adult/none/lam0_mu0.01_seed42
[13:03:57] (121/480) trained runs/adult/none/lam0_mu0.01_seed44
[13:03:58] (122/480) trained runs/adult/none/lam0_mu0.01_seed43
[13:04:00] (123/480) trained runs/adult/window_k8/lam5_mu0.5_seed44
[13:04:01] (124/480) trained runs/adult/none/lam0.1_mu0.01_seed42
[13:04:02] (125/480) trained runs/adult/none/lam0.1_mu0.01_seed44
[13:04:06] (126/480) trained runs/adult/none/lam0.1_mu0.01_seed43
[13:04:08] (127/480) trained runs/adult/none/lam0.25_mu0.01_seed42
[13:04:08] (128/480) trained runs/adult/none/lam0.25_mu0.01_seed43
[13:06:58] (129/480) trained runs/adult/none/lam0.25_mu0.01_seed44
[13:06:59] (130/480) trained runs/adult/none/lam0.5_mu0.01_seed43
[13:07:00] (131/480) trained runs/adult/none/lam0.5_mu0.01_seed42
[13:07:00] (132/480) trained runs/adult/none/lam0.75_mu0.01_seed42
[13:07:01] (133/480) trained runs/adult/none/lam1_mu0.01_seed43
[13:07:02] (134/480) trained runs/adult/none/lam1.5_mu0.01_seed43
[13:07:02] (135/480) trained runs/adult/none/lam0.5_mu0.01_seed44
[13:07:02] (136/480) trained runs/adult/none/lam0.75_mu0.01_seed44
[13:07:03] (137/480) trained runs/adult/none/lam1.5_mu0.01_seed42
[13:07:04] (138/480) trained runs/adult/none/lam1_mu0.01_seed44
[13:07:04] (139/480) trained runs/adult/none/lam0.75_mu0.01_seed43
[13:07:06] (140/480) trained runs/adult/none/lam2_mu0.01_seed43
[13:07:06] (141/480) trained runs/adult/none/lam1.5_mu0.01_seed44
[13:07:07] (142/480) trained runs/adult/none/lam3_mu0.01_seed44
[13:07:07] (143/480) trained runs/adult/none/lam0_mu0.05_seed43
[13:07:07] (144/480) trained runs/adult/none/lam1_mu0.01_seed42
[13:07:07] (145/480) trained runs/adult/none/lam0_mu0.05_seed42
[13:07:08] (146/480) trained runs/adult/none/lam0.1_mu0.05_seed43
[13:07:08] (147/480) trained runs/adult/none/lam0.1_mu0.05_seed42
[13:07:08] (148/480) trained runs/adult/none/lam2_mu0.01_seed42
[13:07:09] (149/480) trained runs/adult/none/lam5_mu0.01_seed44
[13:07:09] (150/480) trained runs/adult/none/lam0.25_mu0.05_seed42
[13:07:10] (151/480) trained runs/adult/none/lam2_mu0.01_seed44
[13:07:11] (152/480) trained runs/adult/none/lam0.5_mu0.05_seed42
[13:07:11] (153/480) trained runs/adult/none/lam5_mu0.01_seed42
[13:07:11] (154/480) trained runs/adult/none/lam3_mu0.01_seed42
[13:07:13] (155/480) trained runs/adult/none/lam0.1_mu0.05_seed44
[13:07:13] (156/480) trained runs/adult/none/lam1_mu0.05_seed42
[13:07:13] (157/480) trained runs/adult/none/lam0.25_mu0.05_seed43
[13:07:16] (158/480) trained runs/adult/none/lam0_mu0.05_seed44
[13:07:16] (159/480) trained runs/adult/none/lam1_mu0.05_seed43
[13:07:16] (160/480) trained runs/adult/none/lam3_mu0.01_seed43
[13:07:17] (161/480) trained runs/adult/none/lam1.5_mu0.05_seed42
[13:07:17] (162/480) trained runs/adult/none/lam0.5_mu0.05_seed44
[13:07:18] (163/480) trained runs/adult/none/lam0.25_mu0.05_seed44
[13:07:18] (164/480) trained runs/adult/none/lam0.75_mu0.05_seed44
[13:07:18] (165/480) trained runs/adult/none/lam1_mu0.05_seed44
[13:07:19] (166/480) trained runs/adult/none/lam5_mu0.01_seed43
[13:07:20] (167/480) trained runs/adult/none/lam0.5_mu0.05_seed43
[13:07:20] (168/480) trained runs/adult/none/lam1.5_mu0.05_seed44
[13:07:21] (169/480) trained runs/adult/none/lam0.75_mu0.05_seed42
[13:07:22] (170/480) trained runs/adult/none/lam1.5_mu0.05_seed43
[13:07:23] (171/480) trained runs/adult/none/lam3_mu0.05_seed42
[13:07:23] (172/480) trained runs/adult/none/lam2_mu0.05_seed42
[13:07:23] (173/480) trained runs/adult/none/lam0.75_mu0.05_seed43
[13:07:23] (174/480) trained runs/adult/none/lam2_mu0.05_seed44
[13:07:23] (175/480) trained runs/adult/none/lam2_mu0.05_seed43
[13:07:27] (176/480) trained runs/adult/none/lam3_mu0.05_seed43
[13:07:32] (177/480) trained runs/adult/none/lam5_mu0.05_seed42
[13:07:35] (178/480) trained runs/adult/none/lam0_mu0.1_seed42
[13:07:35] (179/480) trained runs/adult/none/lam5_mu0.05_seed43
[13:07:35] (180/480) trained runs/adult/none/lam5_mu0.05_seed44
[13:07:37] (181/480) trained runs/adult/none/lam3_mu0.05_seed44
[13:07:40] (182/480) trained runs/adult/none/lam0_mu0.1_seed44
[13:07:40] (183/480) trained runs/adult/none/lam0_mu0.1_seed43
[13:07:58] (184/480) trained runs/adult/none/lam0.1_mu0.1_seed42
[13:07:59] (185/480) trained runs/adult/none/lam0.1_mu0.1_seed43
[13:07:59] (186/480) trained runs/adult/none/lam0.1_mu0.1_seed44
[13:08:07] (187/480) trained runs/adult/none/lam0.25_mu0.1_seed42
[13:08:09] (188/480) trained runs/adult/none/lam0.25_mu0.1_seed43
[13:08:10] (189/480) trained runs/adult/none/lam0.25_mu0.1_seed44
[13:08:13] (190/480) trained runs/adult/none/lam0.5_mu0.1_seed44
[13:08:14] (191/480) trained runs/adult/none/lam0.5_mu0.1_seed43
[13:08:15] (192/480) trained runs/adult/none/lam0.5_mu0.1_seed42
[13:10:40] (193/480) trained runs/adult/none/lam0.75_mu0.1_seed42
[13:10:42] (194/480) trained runs/adult/none/lam0.75_mu0.1_seed43
[13:10:43] (195/480) trained runs/adult/none/lam1_mu0.1_seed42
[13:10:44] (196/480) trained runs/adult/none/lam0.75_mu0.1_seed44
[13:10:47] (197/480) trained runs/adult/none/lam1_mu0.1_seed44
[13:10:48] (198/480) trained runs/adult/none/lam1.5_mu0.1_seed43
[13:10:48] (199/480) trained runs/adult/none/lam1.5_mu0.1_seed42
[13:10:48] (200/480) trained runs/adult/none/lam1.5_mu0.1_seed44
[13:10:49] (201/480) trained runs/adult/none/lam2_mu0.1_seed42
[13:10:49] (202/480) trained runs/adult/none/lam1_mu0.1_seed43
[13:10:49] (203/480) trained runs/adult/none/lam3_mu0.1_seed43
[13:10:49] (204/480) trained runs/adult/none/lam2_mu0.1_seed43
[13:10:50] (205/480) trained runs/adult/none/lam5_mu0.1_seed42
[13:10:52] (206/480) trained runs/adult/none/lam5_mu0.1_seed43
[13:10:52] (207/480) trained runs/adult/none/lam3_mu0.1_seed44
[13:10:53] (208/480) trained runs/adult/none/lam3_mu0.1_seed42
[13:10:53] (209/480) trained runs/adult/none/lam2_mu0.1_seed44
[13:10:54] (210/480) trained runs/adult/none/lam0_mu0.5_seed43
[13:10:55] (211/480) trained runs/adult/none/lam0_mu0.5_seed44
[13:10:56] (212/480) trained runs/adult/none/lam0.1_mu0.5_seed44
[13:10:58] (213/480) trained runs/adult/none/lam0.1_mu0.5_seed43
[13:10:58] (214/480) trained runs/adult/none/lam0.1_mu0.5_seed42
[13:10:58] (215/480) trained runs/adult/none/lam0.25_mu0.5_seed42
[13:10:59] (216/480) trained runs/adult/none/lam5_mu0.1_seed44
[13:10:59] (217/480) trained runs/adult/none/lam0_mu0.5_seed42
[13:10:59] (218/480) trained runs/adult/none/lam0.5_mu0.5_seed42
[13:11:01] (219/480) trained runs/adult/none/lam0.25_mu0.5_seed43
[13:11:01] (220/480) trained runs/adult/none/lam0.5_mu0.5_seed43
[13:11:01] (221/480) trained runs/adult/none/lam0.25_mu0.5_seed44
[13:11:04] (222/480) trained runs/adult/none/lam0.75_mu0.5_seed42
[13:11:05] (223/480) trained runs/adult/none/lam1_mu0.5_seed42
[13:11:05] (224/480) trained runs/adult/none/lam0.75_mu0.5_seed43
[13:11:07] (225/480) trained runs/adult/none/lam1.5_mu0.5_seed42
[13:11:07] (226/480) trained runs/adult/none/lam0.5_mu0.5_seed44
[13:11:09] (227/480) trained runs/adult/none/lam1.5_mu0.5_seed43
[13:11:09] (228/480) trained runs/adult/none/lam0.75_mu0.5_seed44
[13:11:10] (229/480) trained runs/adult/none/lam1_mu0.5_seed43
[13:11:10] (230/480) trained runs/adult/none/lam1_mu0.5_seed44
[13:11:12] (231/480) trained runs/adult/none/lam1.5_mu0.5_seed44
[13:11:12] (232/480) trained runs/adult/none/lam3_mu0.5_seed44
[13:11:13] (233/480) trained runs/adult/none/lam2_mu0.5_seed44
[13:11:13] (234/480) trained runs/adult/none/lam3_mu0.5_seed42
[13:11:14] (235/480) trained runs/adult/none/lam2_mu0.5_seed43
[13:11:15] (236/480) trained runs/adult/none/lam5_mu0.5_seed43
[13:11:16] (237/480) trained runs/adult/none/lam3_mu0.5_seed43
[13:11:16] (238/480) trained runs/adult/none/lam2_mu0.5_seed42
[13:11:16] (239/480) trained runs/adult/none/lam5_mu0.5_seed44
[13:11:19] (240/480) trained runs/adult/none/lam5_mu0.5_seed42
[13:11:23] (241/480) trained runs/credit/window_k8/lam0_mu0.01_seed42
[13:11:27] (242/480) trained runs/credit/window_k8/lam0_mu0.01_seed44
[13:11:29] (243/480) trained runs/credit/window_k8/lam0.1_mu0.01_seed42
[13:11:29] (244/480) trained runs/credit/window_k8/lam0_mu0.01_seed43
[13:11:31] (245/480) trained runs/credit/window_k8/lam0.1_mu0.01_seed43
[13:11:34] (246/480) trained runs/credit/window_k8/lam0.1_mu0.01_seed44
[13:11:36] (247/480) trained runs/credit/window_k8/lam0.25_mu0.01_seed42
[13:12:06] (248/480) trained runs/credit/window_k8/lam0.25_mu0.01_seed43
[13:12:08] (249/480) trained runs/credit/window_k8/lam0.25_mu0.01_seed44
[13:12:11] (250/480) trained runs/credit/window_k8/lam0.5_mu0.01_seed42
[13:12:14] (251/480) trained runs/credit/window_k8/lam0.5_mu0.01_seed43
[13:12:21] (252/480) trained runs/credit/window_k8/lam0.5_mu0.01_seed44
[13:12:22] (253/480) trained runs/credit/window_k8/lam0.75_mu0.01_seed42
[13:12:24] (254/480) trained runs/credit/window_k8/lam0.75_mu0.01_seed44
[13:12:27] (255/480) trained runs/credit/window_k8/lam1_mu0.01_seed42
[13:12:27] (256/480) trained runs/credit/window_k8/lam0.75_mu0.01_seed43
[13:14:27] (257/480) trained runs/credit/window_k8/lam1_mu0.01_seed43
[13:14:31] (258/480) trained runs/credit/window_k8/lam1_mu0.01_seed44
[13:14:31] (259/480) trained runs/credit/window_k8/lam1.5_mu0.01_seed42
[13:14:34] (260/480) trained runs/credit/window_k8/lam1.5_mu0.01_seed44
[13:14:34] (261/480) trained runs/credit/window_k8/lam1.5_mu0.01_seed43
[13:14:35] (262/480) trained runs/credit/window_k8/lam5_mu0.01_seed43
[13:14:35] (263/480) trained runs/credit/window_k8/lam3_mu0.01_seed44
[13:14:37] (264/480) trained runs/credit/window_k8/lam2_mu0.01_seed42
[13:14:37] (265/480) trained runs/credit/window_k8/lam3_mu0.01_seed43
[13:14:37] (266/480) trained runs/credit/window_k8/lam2_mu0.01_seed44
[13:14:37] (267/480) trained runs/credit/window_k8/lam3_mu0.01_seed42
[13:14:38] (268/480) trained runs/credit/window_k8/lam2_mu0.01_seed43
[13:14:39] (269/480) trained runs/credit/window_k8/lam5_mu0.01_seed42
[13:14:41] (270/480) trained runs/credit/window_k8/lam5_mu0.01_seed44
[13:14:42] (271/480) trained runs/credit/window_k8/lam0_mu0.05_seed43
[13:14:43] (272/480) trained runs/credit/window_k8/lam0_mu0.05_seed44
[13:14:43] (273/480) trained runs/credit/window_k8/lam0.1_mu0.05_seed42
[13:14:44] (274/480) trained runs/credit/window_k8/lam0.1_mu0.05_seed43
[13:14:45] (275/480) trained runs/credit/window_k8/lam0_mu0.05_seed42
[13:14:46] (276/480) trained runs/credit/window_k8/lam0.5_mu0.05_seed42
[13:14:46] (277/480) trained runs/credit/window_k8/lam0.1_mu0.05_seed44
[13:14:47] (278/480) trained runs/credit/window_k8/lam0.25_mu0.05_seed43
[13:14:47] (279/480) trained runs/credit/window_k8/lam0.25_mu0.05_seed44
[13:14:49] (280/480) trained runs/credit/window_k8/lam0.5_mu0.05_seed43
[13:14:50] (281/480) trained runs/credit/window_k8/lam0.25_mu0.05_seed42
[13:14:50] (282/480) trained runs/credit/window_k8/lam0.75_mu0.05_seed42
[13:14:51] (283/480) trained runs/credit/window_k8/lam0.5_mu0.05_seed44
[13:14:52] (284/480) trained runs/credit/window_k8/lam0.75_mu0.05_seed44
[13:14:53] (285/480) trained runs/credit/window_k8/lam1_mu0.05_seed44
[13:14:54] (286/480) trained runs/credit/window_k8/lam0.75_mu0.05_seed43
[13:14:54] (287/480) trained runs/credit/window_k8/lam1_mu0.05_seed42
[13:14:56] (288/480) trained runs/credit/window_k8/lam1_mu0.05_seed43
[13:14:56] (289/480) trained runs/credit/window_k8/lam1.5_mu0.05_seed44
[13:14:57] (290/480) trained runs/credit/window_k8/lam1.5_mu0.05_seed43
[13:15:00] (291/480) trained runs/credit/window_k8/lam2_mu0.05_seed42
[13:15:00] (292/480) trained runs/credit/window_k8/lam3_mu0.05_seed42
[13:15:01] (293/480) trained runs/credit/window_k8/lam2_mu0.05_seed43
[13:15:02] (294/480) trained runs/credit/window_k8/lam3_mu0.05_seed43
[13:15:02] (295/480) trained runs/credit/window_k8/lam1.5_mu0.05_seed42
[13:15:03] (296/480) trained runs/credit/window_k8/lam2_mu0.05_seed44
[13:15:06] (297/480) trained runs/credit/window_k8/lam5_mu0.05_seed43
[13:15:08] (298/480) trained runs/credit/window_k8/lam3_mu0.05_seed44
[13:15:10] (299/480) trained runs/credit/window_k8/lam0_mu0.1_seed42
[13:15:10] (300/480) trained runs/credit/window_k8/lam5_mu0.05_seed42
[13:15:10] (301/480) trained runs/credit/window_k8/lam0_mu0.1_seed43
[13:15:11] (302/480) trained runs/credit/window_k8/lam0.1_mu0.1_seed42
[13:15:14] (303/480) trained runs/credit/window_k8/lam5_mu0.05_seed44
[13:15:24] (304/480) trained runs/credit/window_k8/lam0_mu0.1_seed44
[13:15:28] (305/480) trained runs/credit/window_k8/lam0.1_mu0.1_seed43
[13:15:34] (306/480) trained runs/credit/window_k8/lam0.1_mu0.1_seed44
[13:15:37] (307/480) trained runs/credit/window_k8/lam0.25_mu0.1_seed43
[13:15:37] (308/480) trained runs/credit/window_k8/lam0.25_mu0.1_seed42
[13:15:38] (309/480) trained runs/credit/window_k8/lam0.25_mu0.1_seed44
[13:15:41] (310/480) trained runs/credit/window_k8/lam0.5_mu0.1_seed43
[13:15:41] (311/480) trained runs/credit/window_k8/lam0.5_mu0.1_seed42
[13:16:12] (312/480) trained runs/credit/window_k8/lam0.5_mu0.1_seed44
[13:16:20] (313/480) trained runs/credit/window_k8/lam0.75_mu0.1_seed43
[13:16:20] (314/480) trained runs/credit/window_k8/lam0.75_mu0.1_seed42
[13:16:23] (315/480) trained runs/credit/window_k8/lam0.75_mu0.1_seed44
[13:16:32] (316/480) trained runs/credit/window_k8/lam1_mu0.1_seed42
[13:16:33] (317/480) trained runs/credit/window_k8/lam1_mu0.1_seed43
[13:16:35] (318/480) trained runs/credit/window_k8/lam1_mu0.1_seed44
[13:16:40] (319/480) trained runs/credit/window_k8/lam1.5_mu0.1_seed42
[13:16:43] (320/480) trained runs/credit/window_k8/lam1.5_mu0.1_seed43
[13:18:14] (321/480) trained runs/credit/window_k8/lam1.5_mu0.1_seed44
[13:18:18] (322/480) trained runs/credit/window_k8/lam2_mu0.1_seed43
[13:18:18] (323/480) trained runs/credit/window_k8/lam3_mu0.1_seed43
[13:18:18] (324/480) trained runs/credit/window_k8/lam2_mu0.1_seed42
[13:18:23] (325/480) trained runs/credit/window_k8/lam3_mu0.1_seed44
[13:18:23] (326/480) trained runs/credit/window_k8/lam3_mu0.1_seed42
[13:18:26] (327/480) trained runs/credit/window_k8/lam5_mu0.1_seed44
[13:18:26] (328/480) trained runs/credit/window_k8/lam5_mu0.1_seed42
[13:18:27] (329/480) trained runs/credit/window_k8/lam0_mu0.5_seed42
[13:18:27] (330/480) trained runs/credit/window_k8/lam2_mu0.1_seed44
[13:18:27] (331/480) trained runs/credit/window_k8/lam0_mu0.5_seed43
[13:18:29] (332/480) trained runs/credit/window_k8/lam0.1_mu0.5_seed42
[13:18:30] (333/480) trained runs/credit/window_k8/lam5_mu0.1_seed43
[13:18:30] (334/480) trained runs/credit/window_k8/lam0_mu0.5_seed44
[13:18:32] (335/480) trained runs/credit/window_k8/lam0.1_mu0.5_seed44
[13:18:33] (336/480) trained runs/credit/window_k8/lam0.1_mu0.5_seed43
[13:18:33] (337/480) trained runs/credit/window_k8/lam0.25_mu0.5_seed42
[13:18:34] (338/480) trained runs/credit/window_k8/lam0.25_mu0.5_seed44
[13:18:34] (339/480) trained runs/credit/window_k8/lam0.25_mu0.5_seed43
[13:18:35] (340/480) trained runs/credit/window_k8/lam0.75_mu0.5_seed42
[13:18:38] (341/480) trained runs/credit/window_k8/lam0.5_mu0.5_seed43
[13:18:38] (342/480) trained runs/credit/window_k8/lam0.5_mu0.5_seed44
[13:18:39] (343/480) trained runs/credit/window_k8/lam1_mu0.5_seed42
[13:18:39] (344/480) trained runs/credit/window_k8/lam0.5_mu0.5_seed42
[13:18:40] (345/480) trained runs/credit/window_k8/lam1.5_mu0.5_seed42
[13:18:41] (346/480) trained runs/credit/window_k8/lam1_mu0.5_seed43
[13:18:42] (347/480) trained runs/credit/window_k8/lam0.75_mu0.5_seed44
[13:18:43] (348/480) trained runs/credit/window_k8/lam0.75_mu0.5_seed43
[13:18:44] (349/480) trained runs/credit/window_k8/lam2_mu0.5_seed43
[13:18:45] (350/480) trained runs/credit/window_k8/lam1_mu0.5_seed44
[13:18:46] (351/480) trained runs/credit/window_k8/lam2_mu0.5_seed44
[13:18:47] (352/480) trained runs/credit/window_k8/lam1.5_mu0.5_seed44
[13:18:47] (353/480) trained runs/credit/window_k8/lam3_mu0.5_seed43
[13:18:47] (354/480) trained runs/credit/window_k8/lam1.5_mu0.5_seed43
[13:18:47] (355/480) trained runs/credit/window_k8/lam2_mu0.5_seed42
[13:18:51] (356/480) trained runs/credit/window_k8/lam5_mu0.5_seed42
[13:18:51] (357/480) trained runs/credit/window_k8/lam3_mu0.5_seed44
[13:18:53] (358/480) trained runs/credit/window_k8/lam3_mu0.5_seed42
[13:18:54] (359/480) trained runs/credit/window_k8/lam5_mu0.5_seed43
[13:18:54] (360/480) trained runs/credit/window_k8/lam5_mu0.5_seed44
[13:18:56] (361/480) trained runs/credit/none/lam0_mu0.01_seed42
[13:18:58] (362/480) trained runs/credit/none/lam0_mu0.01_seed43
[13:18:59] (363/480) trained runs/credit/none/lam0_mu0.01_seed44
[13:19:02] (364/480) trained runs/credit/none/lam0.1_mu0.01_seed42
[13:19:03] (365/480) trained runs/credit/none/lam0.25_mu0.01_seed42
[13:19:06] (366/480) trained runs/credit/none/lam0.1_mu0.01_seed44
[13:19:07] (367/480) trained runs/credit/none/lam0.1_mu0.01_seed43
[13:19:27] (368/480) trained runs/credit/none/lam0.25_mu0.01_seed43
[13:19:32] (369/480) trained runs/credit/none/lam0.25_mu0.01_seed44
[13:19:42] (370/480) trained runs/credit/none/lam0.5_mu0.01_seed42
[13:19:43] (371/480) trained runs/credit/none/lam0.75_mu0.01_seed42
[13:19:44] (372/480) trained runs/credit/none/lam0.5_mu0.01_seed43
[13:19:45] (373/480) trained runs/credit/none/lam0.5_mu0.01_seed44
[13:19:49] (374/480) trained runs/credit/none/lam0.75_mu0.01_seed43
[13:19:49] (375/480) trained runs/credit/none/lam0.75_mu0.01_seed44
[13:20:20] (376/480) trained runs/credit/none/lam1_mu0.01_seed42
[13:20:27] (377/480) trained runs/credit/none/lam1_mu0.01_seed44
[13:20:28] (378/480) trained runs/credit/none/lam1_mu0.01_seed43
[13:20:33] (379/480) trained runs/credit/none/lam1.5_mu0.01_seed42
[13:20:43] (380/480) trained runs/credit/none/lam1.5_mu0.01_seed43
[13:20:43] (381/480) trained runs/credit/none/lam1.5_mu0.01_seed44
[13:20:48] (382/480) trained runs/credit/none/lam2_mu0.01_seed42
[13:20:53] (383/480) trained runs/credit/none/lam2_mu0.01_seed43
[13:20:59] (384/480) trained runs/credit/none/lam2_mu0.01_seed44
[13:21:59] (385/480) trained runs/credit/none/lam3_mu0.01_seed42
[13:22:01] (386/480) trained runs/credit/none/lam3_mu0.01_seed44
[13:22:02] (387/480) trained runs/credit/none/lam3_mu0.01_seed43
[13:22:03] (388/480) trained runs/credit/none/lam5_mu0.01_seed42
[13:22:09] (389/480) trained runs/credit/none/lam5_mu0.01_seed43
[13:22:09] (390/480) trained runs/credit/none/lam5_mu0.01_seed44
[13:22:12] (391/480) trained runs/credit/none/lam0_mu0.05_seed42
[13:22:12] (392/480) trained runs/credit/none/lam0_mu0.05_seed43
[13:22:12] (393/480) trained runs/credit/none/lam0_mu0.05_seed44
[13:22:13] (394/480) trained runs/credit/none/lam0.1_mu0.05_seed42
[13:22:14] (395/480) trained runs/credit/none/lam0.1_mu0.05_seed44
[13:22:15] (396/480) trained runs/credit/none/lam0.1_mu0.05_seed43
[13:22:16] (397/480) trained runs/credit/none/lam0.25_mu0.05_seed43
[13:22:16] (398/480) trained runs/credit/none/lam0.25_mu0.05_seed42
[13:22:17] (399/480) trained runs/credit/none/lam0.25_mu0.05_seed44
[13:22:20] (400/480) trained runs/credit/none/lam0.5_mu0.05_seed42
[13:22:20] (401/480) trained runs/credit/none/lam0.5_mu0.05_seed43
[13:22:20] (402/480) trained runs/credit/none/lam0.5_mu0.05_seed44
[13:22:22] (403/480) trained runs/credit/none/lam0.75_mu0.05_seed42
[13:22:24] (404/480) trained runs/credit/none/lam0.75_mu0.05_seed43
[13:22:25] (405/480) trained runs/credit/none/lam1_mu0.05_seed44
[13:22:25] (406/480) trained runs/credit/none/lam1_mu0.05_seed42
[13:22:27] (407/480) trained runs/credit/none/lam1_mu0.05_seed43
[13:22:27] (408/480) trained runs/credit/none/lam0.75_mu0.05_seed44
[13:22:28] (409/480) trained runs/credit/none/lam1.5_mu0.05_seed42
[13:22:30] (410/480) trained runs/credit/none/lam2_mu0.05_seed42
[13:22:31] (411/480) trained runs/credit/none/lam1.5_mu0.05_seed44
[13:22:32] (412/480) trained runs/credit/none/lam2_mu0.05_seed43
[13:22:33] (413/480) trained runs/credit/none/lam2_mu0.05_seed44
[13:22:33] (414/480) trained runs/credit/none/lam1.5_mu0.05_seed43
[13:22:34] (415/480) trained runs/credit/none/lam3_mu0.05_seed42
[13:22:35] (416/480) trained runs/credit/none/lam3_mu0.05_seed44
[13:22:35] (417/480) trained runs/credit/none/lam3_mu0.05_seed43
[13:22:36] (418/480) trained runs/credit/none/lam5_mu0.05_seed42
[13:22:37] (419/480) trained runs/credit/none/lam5_mu0.05_seed43
[13:22:40] (420/480) trained runs/credit/none/lam0_mu0.1_seed44
[13:22:41] (421/480) trained runs/credit/none/lam5_mu0.05_seed44
[13:22:42] (422/480) trained runs/credit/none/lam0_mu0.1_seed42
[13:22:43] (423/480) trained runs/credit/none/lam0_mu0.1_seed43
[13:22:44] (424/480) trained runs/credit/none/lam0.1_mu0.1_seed42
[13:22:45] (425/480) trained runs/credit/none/lam0.1_mu0.1_seed43
[13:22:48] (426/480) trained runs/credit/none/lam0.1_mu0.1_seed44
[13:22:48] (427/480) trained runs/credit/none/lam0.25_mu0.1_seed42
[13:22:54] (428/480) trained runs/credit/none/lam0.25_mu0.1_seed44
[13:22:54] (429/480) trained runs/credit/none/lam0.25_mu0.1_seed43
[13:22:57] (430/480) trained runs/credit/none/lam0.5_mu0.1_seed43
[13:22:58] (431/480) trained runs/credit/none/lam0.5_mu0.1_seed42
[13:23:24] (432/480) trained runs/credit/none/lam0.5_mu0.1_seed44
[13:23:24] (433/480) trained runs/credit/none/lam0.75_mu0.1_seed42
[13:23:35] (434/480) trained runs/credit/none/lam0.75_mu0.1_seed43
[13:23:37] (435/480) trained runs/credit/none/lam1_mu0.1_seed42
[13:23:38] (436/480) trained runs/credit/none/lam0.75_mu0.1_seed44
[13:23:41] (437/480) trained runs/credit/none/lam1.5_mu0.1_seed42
[13:23:43] (438/480) trained runs/credit/none/lam1_mu0.1_seed43
[13:23:44] (439/480) trained runs/credit/none/lam1_mu0.1_seed44
[13:24:12] (440/480) trained runs/credit/none/lam1.5_mu0.1_seed43
[13:24:15] (441/480) trained runs/credit/none/lam1.5_mu0.1_seed44
[13:24:16] (442/480) trained runs/credit/none/lam2_mu0.1_seed42
[13:24:22] (443/480) trained runs/credit/none/lam2_mu0.1_seed43
[13:24:30] (444/480) trained runs/credit/none/lam2_mu0.1_seed44
[13:24:30] (445/480) trained runs/credit/none/lam3_mu0.1_seed42
[13:24:38] (446/480) trained runs/credit/none/lam3_mu0.1_seed44
[13:24:38] (447/480) trained runs/credit/none/lam3_mu0.1_seed43
[13:24:49] (448/480) trained runs/credit/none/lam5_mu0.1_seed42
[13:25:31] (449/480) trained runs/credit/none/lam5_mu0.1_seed43
[13:25:31] (450/480) trained runs/credit/none/lam5_mu0.1_seed44
[13:25:34] (451/480) trained runs/credit/none/lam0_mu0.5_seed42
[13:25:35] (452/480) trained runs/credit/none/lam0_mu0.5_seed43
[13:25:38] (453/480) trained runs/credit/none/lam0_mu0.5_seed44
[13:25:41] (454/480) trained runs/credit/none/lam0.1_mu0.5_seed42
[13:25:43] (455/480) trained runs/credit/none/lam0.25_mu0.5_seed42
[13:25:43] (456/480) trained runs/credit/none/lam0.1_mu0.5_seed44
[13:25:44] (457/480) trained runs/credit/none/lam0.25_mu0.5_seed44
[13:25:45] (458/480) trained runs/credit/none/lam0.1_mu0.5_seed43
[13:25:45] (459/480) trained runs/credit/none/lam0.25_mu0.5_seed43
[13:25:47] (460/480) trained runs/credit/none/lam0.5_mu0.5_seed42
[13:25:47] (461/480) trained runs/credit/none/lam0.5_mu0.5_seed43
[13:25:48] (462/480) trained runs/credit/none/lam0.75_mu0.5_seed42
[13:25:48] (463/480) trained runs/credit/none/lam0.5_mu0.5_seed44
[13:25:50] (464/480) trained runs/credit/none/lam1_mu0.5_seed42
[13:25:51] (465/480) trained runs/credit/none/lam0.75_mu0.5_seed43
[13:25:52] (466/480) trained runs/credit/none/lam0.75_mu0.5_seed44
[13:25:54] (467/480) trained runs/credit/none/lam1_mu0.5_seed44
[13:25:54] (468/480) trained runs/credit/none/lam1_mu0.5_seed43
[13:25:56] (469/480) trained runs/credit/none/lam1.5_mu0.5_seed42
[13:25:56] (470/480) trained runs/credit/none/lam1.5_mu0.5_seed44
[13:25:56] (471/480) trained runs/credit/none/lam2_mu0.5_seed42
[13:25:57] (472/480) trained runs/credit/none/lam1.5_mu0.5_seed43
[13:25:58] (473/480) trained runs/credit/none/lam2_mu0.5_seed43
[13:26:02] (474/480) trained runs/credit/none/lam2_mu0.5_seed44
[13:26:02] (475/480) trained runs/credit/none/lam3_mu0.5_seed43
[13:26:04] (476/480) trained runs/credit/none/lam3_mu0.5_seed44
[13:26:04] (477/480) trained runs/credit/none/lam5_mu0.5_seed42
[13:26:04] (478/480) trained runs/credit/none/lam3_mu0.5_seed42
[13:26:05] (479/480) trained runs/credit/none/lam5_mu0.5_seed43
[13:26:05] (480/480) trained runs/credit/none/lam5_mu0.5_seed44
[Sun Sep 27 13:26:07 +03 2026] evaluating
[13:27:14] (1/964) evaluated results/adult/natural/rl/window_k8/lam0_mu0.01_seed44.json
[13:27:14] (2/964) evaluated results/adult/natural/rl/window_k8/lam0_mu0.01_seed42.json
[13:27:14] (3/964) evaluated results/adult/natural/rl/window_k8/lam0_mu0.01_seed43.json
[13:27:16] (4/964) evaluated results/adult/natural/rl/window_k8/lam0.1_mu0.01_seed42.json
[13:27:20] (5/964) evaluated results/adult/natural/rl/window_k8/lam0.1_mu0.01_seed43.json
[13:27:20] (6/964) evaluated results/adult/natural/rl/window_k8/lam0.1_mu0.1_seed43.json
[13:27:20] (7/964) evaluated results/adult/natural/rl/window_k8/lam0.1_mu0.01_seed44.json
[13:27:21] (8/964) evaluated results/adult/natural/rl/window_k8/lam0.1_mu0.1_seed44.json
[13:27:21] (9/964) evaluated results/adult/natural/rl/window_k8/lam0.25_mu0.01_seed43.json
[13:27:21] (10/964) evaluated results/adult/natural/rl/window_k8/lam0.1_mu0.1_seed42.json
[13:27:21] (11/964) evaluated results/adult/natural/rl/window_k8/lam0.25_mu0.01_seed44.json
[13:27:21] (12/964) evaluated results/adult/natural/rl/window_k8/lam0.25_mu0.01_seed42.json
[13:27:22] (13/964) evaluated results/adult/natural/rl/window_k8/lam0.75_mu0.01_seed43.json
[13:27:22] (14/964) evaluated results/adult/natural/rl/window_k8/lam0.5_mu0.01_seed44.json
[13:27:22] (15/964) evaluated results/adult/natural/rl/window_k8/lam0.75_mu0.01_seed44.json
[13:27:22] (16/964) evaluated results/adult/natural/rl/window_k8/lam0.5_mu0.01_seed43.json
[13:27:22] (17/964) evaluated results/adult/natural/rl/window_k8/lam1_mu0.01_seed42.json
[13:27:22] (18/964) evaluated results/adult/natural/rl/window_k8/lam1.5_mu0.01_seed44.json
[13:27:22] (19/964) evaluated results/adult/natural/rl/window_k8/lam0.25_mu0.1_seed42.json
[13:27:22] (20/964) evaluated results/adult/natural/rl/window_k8/lam2_mu0.01_seed44.json
[13:27:22] (21/964) evaluated results/adult/natural/rl/window_k8/lam5_mu0.01_seed44.json
[13:27:23] (22/964) evaluated results/adult/natural/rl/window_k8/lam1.5_mu0.01_seed43.json
[13:27:23] (23/964) evaluated results/adult/natural/rl/window_k8/lam3_mu0.01_seed42.json
[13:27:23] (24/964) evaluated results/adult/natural/rl/window_k8/lam0.5_mu0.05_seed42.json
[13:27:23] (25/964) evaluated results/adult/natural/rl/window_k8/lam1.5_mu0.01_seed42.json
[13:27:23] (26/964) evaluated results/adult/natural/rl/window_k8/lam3_mu0.01_seed44.json
[13:27:23] (27/964) evaluated results/adult/natural/rl/window_k8/lam1_mu0.01_seed43.json
[13:27:23] (28/964) evaluated results/adult/natural/rl/window_k8/lam0.1_mu0.05_seed43.json
[13:27:23] (29/964) evaluated results/adult/natural/rl/window_k8/lam0.5_mu0.05_seed44.json
[13:27:23] (30/964) evaluated results/adult/natural/rl/window_k8/lam0.25_mu0.05_seed44.json
[13:27:23] (31/964) evaluated results/adult/natural/rl/window_k8/lam5_mu0.01_seed42.json
[13:27:23] (32/964) evaluated results/adult/natural/rl/window_k8/lam0.75_mu0.05_seed44.json
[13:27:23] (33/964) evaluated results/adult/natural/rl/window_k8/lam0.1_mu0.05_seed42.json
[13:27:23] (34/964) evaluated results/adult/natural/rl/window_k8/lam5_mu0.01_seed43.json
[13:27:23] (35/964) evaluated results/adult/natural/rl/window_k8/lam2_mu0.01_seed42.json
[13:27:23] (36/964) evaluated results/adult/natural/rl/window_k8/lam0.25_mu0.05_seed42.json
[13:27:23] (37/964) evaluated results/adult/natural/rl/window_k8/lam1_mu0.01_seed44.json
[13:27:23] (38/964) evaluated results/adult/natural/rl/window_k8/lam1.5_mu0.05_seed42.json
[13:27:23] (39/964) evaluated results/adult/natural/rl/window_k8/lam0.75_mu0.01_seed42.json
[13:27:23] (40/964) evaluated results/adult/natural/rl/window_k8/lam2_mu0.01_seed43.json
[13:27:23] (41/964) evaluated results/adult/natural/rl/window_k8/lam1_mu0.05_seed44.json
[13:27:23] (42/964) evaluated results/adult/natural/rl/window_k8/lam0.5_mu0.01_seed42.json
[13:27:23] (43/964) evaluated results/adult/natural/rl/window_k8/lam0_mu0.05_seed44.json
[13:27:23] (44/964) evaluated results/adult/natural/rl/window_k8/lam0.75_mu0.05_seed42.json
[13:27:23] (45/964) evaluated results/adult/natural/rl/window_k8/lam0_mu0.1_seed42.json
[13:27:23] (46/964) evaluated results/adult/natural/rl/window_k8/lam2_mu0.05_seed42.json
[13:27:23] (47/964) evaluated results/adult/natural/rl/window_k8/lam5_mu0.05_seed43.json
[13:27:23] (48/964) evaluated results/adult/natural/rl/window_k8/lam1_mu0.05_seed42.json
[13:27:23] (49/964) evaluated results/adult/natural/rl/window_k8/lam5_mu0.05_seed42.json
[13:27:23] (50/964) evaluated results/adult/natural/rl/window_k8/lam0_mu0.05_seed42.json
[13:27:23] (51/964) evaluated results/adult/natural/rl/window_k8/lam0.25_mu0.05_seed43.json
[13:27:23] (52/964) evaluated results/adult/natural/rl/window_k8/lam2_mu0.05_seed43.json
[13:27:23] (53/964) evaluated results/adult/natural/rl/window_k8/lam0.1_mu0.05_seed44.json
[13:27:23] (54/964) evaluated results/adult/natural/rl/window_k8/lam3_mu0.05_seed42.json
[13:27:23] (55/964) evaluated results/adult/natural/rl/window_k8/lam0.75_mu0.05_seed43.json
[13:27:23] (56/964) evaluated results/adult/natural/rl/window_k8/lam0_mu0.1_seed43.json
[13:27:23] (57/964) evaluated results/adult/natural/rl/window_k8/lam3_mu0.05_seed43.json
[13:27:23] (58/964) evaluated results/adult/natural/rl/window_k8/lam0.5_mu0.05_seed43.json
[13:27:23] (59/964) evaluated results/adult/natural/rl/window_k8/lam1.5_mu0.05_seed43.json
[13:27:23] (60/964) evaluated results/adult/natural/rl/window_k8/lam0_mu0.1_seed44.json
[13:27:23] (61/964) evaluated results/adult/natural/rl/window_k8/lam3_mu0.01_seed43.json
[13:27:23] (62/964) evaluated results/adult/natural/rl/window_k8/lam5_mu0.05_seed44.json
[13:27:23] (63/964) evaluated results/adult/natural/rl/window_k8/lam0_mu0.05_seed43.json
[13:27:24] (64/964) evaluated results/adult/natural/rl/window_k8/lam1.5_mu0.05_seed44.json
[13:27:24] (65/964) evaluated results/adult/natural/rl/window_k8/lam3_mu0.05_seed44.json
[13:27:24] (66/964) evaluated results/adult/natural/rl/window_k8/lam2_mu0.05_seed44.json
[13:27:24] (67/964) evaluated results/adult/natural/rl/window_k8/lam1_mu0.05_seed43.json
[13:27:26] (68/964) evaluated results/adult/natural/rl/window_k8/lam0.25_mu0.1_seed43.json
[13:27:27] (69/964) evaluated results/adult/natural/rl/window_k8/lam0.25_mu0.1_seed44.json
[13:27:27] (70/964) evaluated results/adult/natural/rl/window_k8/lam0.5_mu0.1_seed43.json
[13:27:27] (71/964) evaluated results/adult/natural/rl/window_k8/lam0.5_mu0.1_seed42.json
[13:27:27] (72/964) evaluated results/adult/natural/rl/window_k8/lam0.5_mu0.1_seed44.json
[13:27:28] (73/964) evaluated results/adult/natural/rl/window_k8/lam0.75_mu0.1_seed43.json
[13:27:28] (74/964) evaluated results/adult/natural/rl/window_k8/lam0.75_mu0.1_seed42.json
[13:27:28] (75/964) evaluated results/adult/natural/rl/window_k8/lam1_mu0.1_seed44.json
[13:27:29] (76/964) evaluated results/adult/natural/rl/window_k8/lam1_mu0.1_seed42.json
[13:27:29] (77/964) evaluated results/adult/natural/rl/window_k8/lam1.5_mu0.1_seed43.json
[13:27:29] (78/964) evaluated results/adult/natural/rl/window_k8/lam1.5_mu0.1_seed44.json
[13:27:29] (79/964) evaluated results/adult/natural/rl/window_k8/lam1.5_mu0.1_seed42.json
[13:27:29] (80/964) evaluated results/adult/natural/rl/window_k8/lam2_mu0.1_seed42.json
[13:27:29] (81/964) evaluated results/adult/natural/rl/window_k8/lam2_mu0.1_seed43.json
[13:27:29] (82/964) evaluated results/adult/natural/rl/window_k8/lam0.75_mu0.1_seed44.json
[13:27:29] (83/964) evaluated results/adult/natural/rl/window_k8/lam2_mu0.1_seed44.json
[13:27:29] (84/964) evaluated results/adult/natural/rl/window_k8/lam1_mu0.1_seed43.json
[13:27:29] (85/964) evaluated results/adult/natural/rl/window_k8/lam3_mu0.1_seed43.json
[13:27:29] (86/964) evaluated results/adult/natural/rl/window_k8/lam3_mu0.1_seed44.json
[13:27:29] (87/964) evaluated results/adult/natural/rl/window_k8/lam5_mu0.1_seed42.json
[13:27:29] (88/964) evaluated results/adult/natural/rl/window_k8/lam3_mu0.1_seed42.json
[13:27:29] (89/964) evaluated results/adult/natural/rl/window_k8/lam5_mu0.1_seed43.json
[13:27:29] (90/964) evaluated results/adult/natural/rl/window_k8/lam0_mu0.5_seed43.json
[13:27:29] (91/964) evaluated results/adult/natural/rl/window_k8/lam0_mu0.5_seed42.json
[13:27:29] (92/964) evaluated results/adult/natural/rl/window_k8/lam0.25_mu0.5_seed42.json
[13:27:30] (93/964) evaluated results/adult/natural/rl/window_k8/lam0.1_mu0.5_seed44.json
[13:27:30] (94/964) evaluated results/adult/natural/rl/window_k8/lam0.1_mu0.5_seed42.json
[13:27:30] (95/964) evaluated results/adult/natural/rl/window_k8/lam0.1_mu0.5_seed43.json
[13:27:30] (96/964) evaluated results/adult/natural/rl/window_k8/lam0.5_mu0.5_seed43.json
[13:27:30] (97/964) evaluated results/adult/natural/rl/window_k8/lam0.25_mu0.5_seed44.json
[13:27:30] (98/964) evaluated results/adult/natural/rl/window_k8/lam1.5_mu0.5_seed42.json
[13:27:30] (99/964) evaluated results/adult/natural/rl/window_k8/lam0.75_mu0.5_seed43.json
[13:27:30] (100/964) evaluated results/adult/natural/rl/window_k8/lam1_mu0.5_seed43.json
[13:27:30] (101/964) evaluated results/adult/natural/rl/window_k8/lam3_mu0.5_seed42.json
[13:27:30] (102/964) evaluated results/adult/natural/rl/window_k8/lam0.25_mu0.5_seed43.json
[13:27:30] (103/964) evaluated results/adult/natural/rl/window_k8/lam5_mu0.5_seed44.json
[13:27:30] (104/964) evaluated results/adult/natural/rl/window_k8/lam1_mu0.5_seed42.json
[13:27:30] (105/964) evaluated results/adult/natural/rl/window_k8/lam1.5_mu0.5_seed43.json
[13:27:30] (106/964) evaluated results/adult/natural/rl/window_k8/lam1_mu0.5_seed44.json
[13:27:30] (107/964) evaluated results/adult/natural/rl/window_k8/lam2_mu0.5_seed42.json
[13:27:30] (108/964) evaluated results/adult/natural/rl/window_k8/lam1.5_mu0.5_seed44.json
[13:27:30] (109/964) evaluated results/adult/natural/rl/window_k8/lam5_mu0.5_seed43.json
[13:27:30] (110/964) evaluated results/adult/natural/rl/window_k8/lam3_mu0.5_seed44.json
[13:27:30] (111/964) evaluated results/adult/natural/rl/window_k8/lam5_mu0.1_seed44.json
[13:27:30] (112/964) evaluated results/adult/natural/rl/window_k8/lam2_mu0.5_seed43.json
[13:27:30] (113/964) evaluated results/adult/natural/rl/none/lam0_mu0.01_seed44.json
[13:27:30] (114/964) evaluated results/adult/natural/rl/window_k8/lam0_mu0.5_seed44.json
[13:27:30] (115/964) evaluated results/adult/natural/rl/none/lam0_mu0.01_seed42.json
[13:27:30] (116/964) evaluated results/adult/natural/baselines.json
[13:27:30] (117/964) evaluated results/adult/natural/rl/window_k8/lam5_mu0.5_seed42.json
[13:27:30] (118/964) evaluated results/adult/natural/rl/none/lam0_mu0.01_seed43.json
[13:27:30] (119/964) evaluated results/adult/natural/rl/window_k8/lam2_mu0.5_seed44.json
[13:27:30] (120/964) evaluated results/adult/natural/rl/window_k8/lam3_mu0.5_seed43.json
[13:27:30] (121/964) evaluated results/adult/natural/rl/none/lam0.1_mu0.01_seed43.json
[13:27:30] (122/964) evaluated results/adult/natural/rl/none/lam0.1_mu0.01_seed42.json
[13:27:30] (123/964) evaluated results/adult/natural/rl/window_k8/lam0.75_mu0.5_seed44.json
[13:27:31] (124/964) evaluated results/adult/natural/rl/window_k8/lam0.75_mu0.5_seed42.json
[13:27:31] (125/964) evaluated results/adult/natural/rl/window_k8/lam0.5_mu0.5_seed44.json
[13:27:31] (126/964) evaluated results/adult/natural/rl/window_k8/lam0.5_mu0.5_seed42.json
[13:27:31] (127/964) evaluated results/adult/natural/rl/none/lam0.1_mu0.01_seed44.json
[13:27:31] (128/964) evaluated results/adult/natural/rl/none/lam0.25_mu0.01_seed42.json
[13:27:31] (129/964) evaluated results/adult/natural/rl/none/lam0.5_mu0.01_seed42.json
[13:27:31] (130/964) evaluated results/adult/natural/rl/none/lam0.25_mu0.01_seed44.json
[13:27:32] (131/964) evaluated results/adult/natural/rl/none/lam0.25_mu0.01_seed43.json
[13:27:33] (132/964) evaluated results/adult/natural/rl/none/lam0.5_mu0.01_seed43.json
[13:27:34] (133/964) evaluated results/adult/natural/rl/none/lam0.75_mu0.01_seed44.json
[13:27:34] (134/964) evaluated results/adult/natural/rl/none/lam0.5_mu0.01_seed44.json
[13:27:34] (135/964) evaluated results/adult/natural/rl/none/lam0.75_mu0.01_seed42.json
[13:27:35] (136/964) evaluated results/adult/natural/rl/none/lam1_mu0.01_seed42.json
[13:27:35] (137/964) evaluated results/adult/natural/rl/none/lam0.75_mu0.01_seed43.json
[13:27:35] (138/964) evaluated results/adult/natural/rl/none/lam1_mu0.01_seed43.json
[13:27:35] (139/964) evaluated results/adult/natural/rl/none/lam1_mu0.01_seed44.json
[13:27:35] (140/964) evaluated results/adult/natural/rl/none/lam1.5_mu0.01_seed42.json
[13:27:35] (141/964) evaluated results/adult/natural/rl/none/lam1.5_mu0.01_seed43.json
[13:27:35] (142/964) evaluated results/adult/natural/rl/none/lam1.5_mu0.01_seed44.json
[13:27:36] (143/964) evaluated results/adult/natural/rl/none/lam2_mu0.01_seed43.json
[13:27:36] (144/964) evaluated results/adult/natural/rl/none/lam2_mu0.01_seed44.json
[13:27:36] (145/964) evaluated results/adult/natural/rl/none/lam5_mu0.01_seed42.json
[13:27:36] (146/964) evaluated results/adult/natural/rl/none/lam3_mu0.01_seed43.json
[13:27:36] (147/964) evaluated results/adult/natural/rl/none/lam2_mu0.01_seed42.json
[13:27:36] (148/964) evaluated results/adult/natural/rl/none/lam3_mu0.01_seed44.json
[13:27:36] (149/964) evaluated results/adult/natural/rl/none/lam5_mu0.01_seed43.json
[13:27:36] (150/964) evaluated results/adult/natural/rl/none/lam5_mu0.01_seed44.json
[13:27:36] (151/964) evaluated results/adult/natural/rl/none/lam0_mu0.05_seed43.json
[13:27:36] (152/964) evaluated results/adult/natural/rl/none/lam0_mu0.05_seed44.json
[13:27:36] (153/964) evaluated results/adult/natural/rl/none/lam3_mu0.01_seed42.json
[13:27:36] (154/964) evaluated results/adult/natural/rl/none/lam0_mu0.05_seed42.json
[13:27:36] (155/964) evaluated results/adult/natural/rl/none/lam0.1_mu0.05_seed42.json
[13:27:36] (156/964) evaluated results/adult/natural/rl/none/lam0.1_mu0.05_seed43.json
[13:27:36] (157/964) evaluated results/adult/natural/rl/none/lam0.25_mu0.05_seed42.json
[13:27:36] (158/964) evaluated results/adult/natural/rl/none/lam0.1_mu0.05_seed44.json
[13:27:36] (159/964) evaluated results/adult/natural/rl/none/lam0.5_mu0.05_seed43.json
[13:27:36] (160/964) evaluated results/adult/natural/rl/none/lam0.25_mu0.05_seed44.json
[13:27:36] (161/964) evaluated results/adult/natural/rl/none/lam0.25_mu0.05_seed43.json
[13:27:36] (162/964) evaluated results/adult/natural/rl/none/lam0.75_mu0.05_seed43.json
[13:27:36] (163/964) evaluated results/adult/natural/rl/none/lam0.75_mu0.05_seed42.json
[13:27:36] (164/964) evaluated results/adult/natural/rl/none/lam0.5_mu0.05_seed44.json
[13:27:36] (165/964) evaluated results/adult/natural/rl/none/lam1_mu0.05_seed42.json
[13:27:36] (166/964) evaluated results/adult/natural/rl/none/lam0.5_mu0.05_seed42.json
[13:27:36] (167/964) evaluated results/adult/natural/rl/none/lam1.5_mu0.05_seed42.json
[13:27:36] (168/964) evaluated results/adult/natural/rl/none/lam1_mu0.05_seed44.json
[13:27:36] (169/964) evaluated results/adult/natural/rl/none/lam1_mu0.05_seed43.json
[13:27:36] (170/964) evaluated results/adult/natural/rl/none/lam2_mu0.05_seed42.json
[13:27:36] (171/964) evaluated results/adult/natural/rl/none/lam1.5_mu0.05_seed43.json
[13:27:36] (172/964) evaluated results/adult/natural/rl/none/lam1.5_mu0.05_seed44.json
[13:27:37] (173/964) evaluated results/adult/natural/rl/none/lam3_mu0.05_seed42.json
[13:27:37] (174/964) evaluated results/adult/natural/rl/none/lam2_mu0.05_seed43.json
[13:27:37] (175/964) evaluated results/adult/natural/rl/none/lam3_mu0.05_seed43.json
[13:27:37] (176/964) evaluated results/adult/natural/rl/none/lam0_mu0.1_seed43.json
[13:27:37] (177/964) evaluated results/adult/natural/rl/none/lam0_mu0.1_seed44.json
[13:27:37] (178/964) evaluated results/adult/natural/rl/none/lam0_mu0.1_seed42.json
[13:27:37] (179/964) evaluated results/adult/natural/rl/none/lam0.75_mu0.05_seed44.json
[13:27:37] (180/964) evaluated results/adult/natural/rl/none/lam0.1_mu0.1_seed42.json
[13:27:37] (181/964) evaluated results/adult/natural/rl/none/lam5_mu0.05_seed42.json
[13:27:37] (182/964) evaluated results/adult/natural/rl/none/lam2_mu0.05_seed44.json
[13:27:37] (183/964) evaluated results/adult/natural/rl/none/lam5_mu0.05_seed44.json
[13:27:37] (184/964) evaluated results/adult/natural/rl/none/lam3_mu0.05_seed44.json
[13:27:38] (185/964) evaluated results/adult/natural/rl/none/lam0.1_mu0.1_seed44.json
[13:27:38] (186/964) evaluated results/adult/natural/rl/none/lam0.1_mu0.1_seed43.json
[13:27:38] (187/964) evaluated results/adult/natural/rl/none/lam0.25_mu0.1_seed43.json
[13:27:38] (188/964) evaluated results/adult/natural/rl/none/lam0.25_mu0.1_seed44.json
[13:27:38] (189/964) evaluated results/adult/natural/rl/none/lam0.25_mu0.1_seed42.json
[13:27:38] (190/964) evaluated results/adult/natural/rl/none/lam0.5_mu0.1_seed42.json
[13:27:39] (191/964) evaluated results/adult/natural/rl/none/lam0.5_mu0.1_seed44.json
[13:27:39] (192/964) evaluated results/adult/natural/rl/none/lam0.5_mu0.1_seed43.json
[13:27:39] (193/964) evaluated results/adult/natural/rl/none/lam0.75_mu0.1_seed42.json
[13:27:39] (194/964) evaluated results/adult/natural/rl/none/lam0.75_mu0.1_seed43.json
[13:27:40] (195/964) evaluated results/adult/natural/rl/none/lam0.75_mu0.1_seed44.json
[13:27:40] (196/964) evaluated results/adult/natural/rl/none/lam5_mu0.05_seed43.json
[13:27:40] (197/964) evaluated results/adult/natural/rl/none/lam1_mu0.1_seed42.json
[13:27:41] (198/964) evaluated results/adult/natural/rl/none/lam1_mu0.1_seed44.json
[13:27:41] (199/964) evaluated results/adult/natural/rl/none/lam1_mu0.1_seed43.json
[13:27:41] (200/964) evaluated results/adult/natural/rl/none/lam1.5_mu0.1_seed42.json
[13:27:42] (201/964) evaluated results/adult/natural/rl/none/lam2_mu0.1_seed42.json
[13:27:42] (202/964) evaluated results/adult/natural/rl/none/lam1.5_mu0.1_seed43.json
[13:27:42] (203/964) evaluated results/adult/natural/rl/none/lam2_mu0.1_seed44.json
[13:27:42] (204/964) evaluated results/adult/natural/rl/none/lam1.5_mu0.1_seed44.json
[13:27:42] (205/964) evaluated results/adult/natural/rl/none/lam2_mu0.1_seed43.json
[13:27:42] (206/964) evaluated results/adult/natural/rl/none/lam3_mu0.1_seed43.json
[13:27:42] (207/964) evaluated results/adult/natural/rl/none/lam3_mu0.1_seed42.json
[13:27:42] (208/964) evaluated results/adult/natural/rl/none/lam3_mu0.1_seed44.json
[13:27:42] (209/964) evaluated results/adult/natural/rl/none/lam5_mu0.1_seed42.json
[13:27:42] (210/964) evaluated results/adult/natural/rl/none/lam5_mu0.1_seed43.json
[13:27:42] (211/964) evaluated results/adult/natural/rl/none/lam0_mu0.5_seed44.json
[13:27:42] (212/964) evaluated results/adult/natural/rl/none/lam0_mu0.5_seed43.json
[13:27:43] (213/964) evaluated results/adult/natural/rl/none/lam0.1_mu0.5_seed42.json
[13:27:43] (214/964) evaluated results/adult/natural/rl/none/lam5_mu0.1_seed44.json
[13:27:43] (215/964) evaluated results/adult/natural/rl/none/lam0.1_mu0.5_seed43.json
[13:27:43] (216/964) evaluated results/adult/natural/rl/none/lam0_mu0.5_seed42.json
[13:27:43] (217/964) evaluated results/adult/natural/rl/none/lam0.1_mu0.5_seed44.json
[13:27:43] (218/964) evaluated results/adult/natural/rl/none/lam0.25_mu0.5_seed42.json
[13:27:43] (219/964) evaluated results/adult/natural/rl/none/lam0.5_mu0.5_seed42.json
[13:27:43] (220/964) evaluated results/adult/natural/rl/none/lam0.25_mu0.5_seed43.json
[13:27:43] (221/964) evaluated results/adult/natural/rl/none/lam0.75_mu0.5_seed42.json
[13:27:43] (222/964) evaluated results/adult/natural/rl/none/lam0.5_mu0.5_seed43.json
[13:27:43] (223/964) evaluated results/adult/natural/rl/none/lam0.5_mu0.5_seed44.json
[13:27:43] (224/964) evaluated results/adult/natural/rl/none/lam1_mu0.5_seed42.json
[13:27:43] (225/964) evaluated results/adult/natural/rl/none/lam0.75_mu0.5_seed43.json
[13:27:43] (226/964) evaluated results/adult/natural/rl/none/lam1.5_mu0.5_seed42.json
[13:27:43] (227/964) evaluated results/adult/natural/rl/none/lam0.75_mu0.5_seed44.json
[13:27:43] (228/964) evaluated results/adult/natural/rl/none/lam2_mu0.5_seed43.json
[13:27:43] (229/964) evaluated results/adult/natural/rl/none/lam1_mu0.5_seed44.json
[13:27:43] (230/964) evaluated results/adult/natural/rl/none/lam0.25_mu0.5_seed44.json
[13:27:43] (231/964) evaluated results/adult/natural/rl/none/lam1.5_mu0.5_seed43.json
[13:27:43] (232/964) evaluated results/adult/natural/rl/none/lam2_mu0.5_seed42.json
[13:27:43] (233/964) evaluated results/adult/natural/rl/none/lam1_mu0.5_seed43.json
[13:27:43] (234/964) evaluated results/adult/natural/rl/none/lam2_mu0.5_seed44.json
[13:27:43] (235/964) evaluated results/adult/natural/rl/none/lam3_mu0.5_seed43.json
[13:27:43] (236/964) evaluated results/adult/natural/rl/none/lam3_mu0.5_seed44.json
[13:27:43] (237/964) evaluated results/adult/natural/rl/none/lam3_mu0.5_seed42.json
[13:27:43] (238/964) evaluated results/adult/natural/rl/none/lam1.5_mu0.5_seed44.json
[13:27:43] (239/964) evaluated results/adult/natural/rl/none/lam5_mu0.5_seed42.json
[13:27:43] (240/964) evaluated results/adult/synthetic/rl/window_k8/lam0_mu0.01_seed42.json
[13:27:44] (241/964) evaluated results/adult/natural/rl/none/lam5_mu0.5_seed44.json
[13:27:44] (242/964) evaluated results/adult/synthetic/rl/window_k8/lam0_mu0.01_seed43.json
[13:27:44] (243/964) evaluated results/adult/natural/rl/none/lam5_mu0.5_seed43.json
[13:27:44] (244/964) evaluated results/adult/synthetic/rl/window_k8/lam0.1_mu0.01_seed42.json
[13:27:44] (245/964) evaluated results/adult/synthetic/rl/window_k8/lam0_mu0.01_seed44.json
[13:27:44] (246/964) evaluated results/adult/synthetic/rl/window_k8/lam0.1_mu0.01_seed43.json
[13:27:44] (247/964) evaluated results/adult/synthetic/rl/window_k8/lam0.1_mu0.01_seed44.json
[13:27:45] (248/964) evaluated results/adult/synthetic/rl/window_k8/lam0.25_mu0.01_seed44.json
[13:27:45] (249/964) evaluated results/adult/synthetic/rl/window_k8/lam0.25_mu0.01_seed42.json
[13:27:45] (250/964) evaluated results/adult/synthetic/rl/window_k8/lam0.25_mu0.01_seed43.json
[13:27:45] (251/964) evaluated results/adult/synthetic/rl/window_k8/lam0.75_mu0.01_seed42.json
[13:27:45] (252/964) evaluated results/adult/synthetic/rl/window_k8/lam0.5_mu0.01_seed44.json
[13:27:45] (253/964) evaluated results/adult/synthetic/rl/window_k8/lam0.75_mu0.01_seed44.json
[13:27:46] (254/964) evaluated results/adult/synthetic/rl/window_k8/lam0.75_mu0.01_seed43.json
[13:27:46] (255/964) evaluated results/adult/synthetic/rl/window_k8/lam1_mu0.01_seed42.json
[13:27:46] (256/964) evaluated results/adult/synthetic/rl/window_k8/lam1_mu0.01_seed43.json
[13:27:46] (257/964) evaluated results/adult/synthetic/rl/window_k8/lam0.5_mu0.01_seed43.json
[13:27:46] (258/964) evaluated results/adult/synthetic/rl/window_k8/lam0.5_mu0.01_seed42.json
[13:27:47] (259/964) evaluated results/adult/synthetic/rl/window_k8/lam1.5_mu0.01_seed42.json
[13:27:47] (260/964) evaluated results/adult/synthetic/rl/window_k8/lam1_mu0.01_seed44.json
[13:27:47] (261/964) evaluated results/adult/synthetic/rl/window_k8/lam1.5_mu0.01_seed43.json
[13:27:48] (262/964) evaluated results/adult/synthetic/rl/window_k8/lam1.5_mu0.01_seed44.json
[13:27:48] (263/964) evaluated results/adult/synthetic/rl/window_k8/lam2_mu0.01_seed42.json
[13:27:49] (264/964) evaluated results/adult/synthetic/rl/window_k8/lam2_mu0.01_seed43.json
[13:27:49] (265/964) evaluated results/adult/synthetic/rl/window_k8/lam3_mu0.01_seed42.json
[13:27:49] (266/964) evaluated results/adult/synthetic/rl/window_k8/lam3_mu0.01_seed44.json
[13:27:49] (267/964) evaluated results/adult/synthetic/rl/window_k8/lam5_mu0.01_seed42.json
[13:27:49] (268/964) evaluated results/adult/synthetic/rl/window_k8/lam5_mu0.01_seed43.json
[13:27:49] (269/964) evaluated results/adult/synthetic/rl/window_k8/lam5_mu0.01_seed44.json
[13:27:49] (270/964) evaluated results/adult/synthetic/rl/window_k8/lam0_mu0.05_seed43.json
[13:27:49] (271/964) evaluated results/adult/synthetic/rl/window_k8/lam0_mu0.05_seed44.json
[13:27:49] (272/964) evaluated results/adult/synthetic/rl/window_k8/lam0.1_mu0.05_seed42.json
[13:27:49] (273/964) evaluated results/adult/synthetic/rl/window_k8/lam0.25_mu0.05_seed42.json
[13:27:49] (274/964) evaluated results/adult/synthetic/rl/window_k8/lam2_mu0.01_seed44.json
[13:27:49] (275/964) evaluated results/adult/synthetic/rl/window_k8/lam0.1_mu0.05_seed43.json
[13:27:49] (276/964) evaluated results/adult/synthetic/rl/window_k8/lam0.1_mu0.05_seed44.json
[13:27:49] (277/964) evaluated results/adult/synthetic/rl/window_k8/lam0.5_mu0.05_seed43.json
[13:27:49] (278/964) evaluated results/adult/synthetic/rl/window_k8/lam0.25_mu0.05_seed44.json
[13:27:49] (279/964) evaluated results/adult/synthetic/rl/window_k8/lam0.25_mu0.05_seed43.json
[13:27:49] (280/964) evaluated results/adult/synthetic/rl/window_k8/lam0.5_mu0.05_seed42.json
[13:27:49] (281/964) evaluated results/adult/synthetic/rl/window_k8/lam0_mu0.05_seed42.json
[13:27:49] (282/964) evaluated results/adult/synthetic/rl/window_k8/lam0.75_mu0.05_seed42.json
[13:27:50] (283/964) evaluated results/adult/synthetic/rl/window_k8/lam0.75_mu0.05_seed43.json
[13:27:50] (284/964) evaluated results/adult/synthetic/rl/window_k8/lam0.75_mu0.05_seed44.json
[13:27:50] (285/964) evaluated results/adult/synthetic/rl/window_k8/lam1_mu0.05_seed42.json
[13:27:50] (286/964) evaluated results/adult/synthetic/rl/window_k8/lam1.5_mu0.05_seed43.json
[13:27:50] (287/964) evaluated results/adult/synthetic/rl/window_k8/lam2_mu0.05_seed43.json
[13:27:50] (288/964) evaluated results/adult/synthetic/rl/window_k8/lam1_mu0.05_seed44.json
[13:27:50] (289/964) evaluated results/adult/synthetic/rl/window_k8/lam1_mu0.05_seed43.json
[13:27:50] (290/964) evaluated results/adult/synthetic/rl/window_k8/lam5_mu0.05_seed42.json
[13:27:50] (291/964) evaluated results/adult/synthetic/rl/window_k8/lam2_mu0.05_seed44.json
[13:27:50] (292/964) evaluated results/adult/synthetic/rl/window_k8/lam3_mu0.05_seed44.json
[13:27:50] (293/964) evaluated results/adult/synthetic/rl/window_k8/lam3_mu0.05_seed42.json
[13:27:50] (294/964) evaluated results/adult/synthetic/rl/window_k8/lam3_mu0.05_seed43.json
[13:27:50] (295/964) evaluated results/adult/synthetic/rl/window_k8/lam5_mu0.05_seed43.json
[13:27:50] (296/964) evaluated results/adult/synthetic/rl/window_k8/lam0.5_mu0.05_seed44.json
[13:27:50] (297/964) evaluated results/adult/synthetic/rl/window_k8/lam5_mu0.05_seed44.json
[13:27:50] (298/964) evaluated results/adult/synthetic/rl/window_k8/lam0_mu0.1_seed42.json
[13:27:50] (299/964) evaluated results/adult/synthetic/rl/window_k8/lam0_mu0.1_seed43.json
[13:27:50] (300/964) evaluated results/adult/synthetic/rl/window_k8/lam1.5_mu0.05_seed42.json
[13:27:50] (301/964) evaluated results/adult/synthetic/rl/window_k8/lam0.1_mu0.1_seed43.json
[13:27:50] (302/964) evaluated results/adult/synthetic/rl/window_k8/lam0_mu0.1_seed44.json
[13:27:50] (303/964) evaluated results/adult/synthetic/rl/window_k8/lam0.25_mu0.1_seed42.json
[13:27:50] (304/964) evaluated results/adult/synthetic/rl/window_k8/lam0.25_mu0.1_seed43.json
[13:27:50] (305/964) evaluated results/adult/synthetic/rl/window_k8/lam0.1_mu0.1_seed44.json
[13:27:50] (306/964) evaluated results/adult/synthetic/rl/window_k8/lam3_mu0.01_seed43.json
[13:27:51] (307/964) evaluated results/adult/synthetic/rl/window_k8/lam1.5_mu0.05_seed44.json
[13:27:51] (308/964) evaluated results/adult/synthetic/rl/window_k8/lam0.25_mu0.1_seed44.json
[13:27:51] (309/964) evaluated results/adult/synthetic/rl/window_k8/lam0.1_mu0.1_seed42.json
[13:27:51] (310/964) evaluated results/adult/synthetic/rl/window_k8/lam2_mu0.05_seed42.json
[13:27:51] (311/964) evaluated results/adult/synthetic/rl/window_k8/lam0.5_mu0.1_seed42.json
[13:27:52] (312/964) evaluated results/adult/synthetic/rl/window_k8/lam0.75_mu0.1_seed42.json
[13:27:52] (313/964) evaluated results/adult/synthetic/rl/window_k8/lam0.75_mu0.1_seed44.json
[13:27:52] (314/964) evaluated results/adult/synthetic/rl/window_k8/lam0.5_mu0.1_seed43.json
[13:27:53] (315/964) evaluated results/adult/synthetic/rl/window_k8/lam0.5_mu0.1_seed44.json
[13:27:53] (316/964) evaluated results/adult/synthetic/rl/window_k8/lam0.75_mu0.1_seed43.json
[13:27:53] (317/964) evaluated results/adult/synthetic/rl/window_k8/lam1_mu0.1_seed44.json
[13:27:53] (318/964) evaluated results/adult/synthetic/rl/window_k8/lam1_mu0.1_seed43.json
[13:27:53] (319/964) evaluated results/adult/synthetic/rl/window_k8/lam1_mu0.1_seed42.json
[13:27:54] (320/964) evaluated results/adult/synthetic/rl/window_k8/lam1.5_mu0.1_seed42.json
[13:27:54] (321/964) evaluated results/adult/synthetic/rl/window_k8/lam1.5_mu0.1_seed44.json
[13:27:54] (322/964) evaluated results/adult/synthetic/rl/window_k8/lam2_mu0.1_seed42.json
[13:27:54] (323/964) evaluated results/adult/synthetic/rl/window_k8/lam1.5_mu0.1_seed43.json
[13:27:54] (324/964) evaluated results/adult/synthetic/rl/window_k8/lam2_mu0.1_seed43.json
[13:27:54] (325/964) evaluated results/adult/synthetic/rl/window_k8/lam2_mu0.1_seed44.json
[13:27:55] (326/964) evaluated results/adult/synthetic/rl/window_k8/lam3_mu0.1_seed42.json
[13:27:55] (327/964) evaluated results/adult/synthetic/rl/window_k8/lam3_mu0.1_seed44.json
[13:27:56] (328/964) evaluated results/adult/synthetic/rl/window_k8/lam5_mu0.1_seed43.json
[13:27:56] (329/964) evaluated results/adult/synthetic/rl/window_k8/lam5_mu0.1_seed44.json
[13:27:56] (330/964) evaluated results/adult/synthetic/rl/window_k8/lam5_mu0.1_seed42.json
[13:27:56] (331/964) evaluated results/adult/synthetic/rl/window_k8/lam0_mu0.5_seed44.json
[13:27:56] (332/964) evaluated results/adult/synthetic/rl/window_k8/lam0_mu0.5_seed42.json
[13:27:56] (333/964) evaluated results/adult/synthetic/rl/window_k8/lam0.1_mu0.5_seed42.json
[13:27:56] (334/964) evaluated results/adult/synthetic/rl/window_k8/lam0_mu0.5_seed43.json
[13:27:56] (335/964) evaluated results/adult/synthetic/rl/window_k8/lam0.1_mu0.5_seed43.json
[13:27:56] (336/964) evaluated results/adult/synthetic/rl/window_k8/lam0.25_mu0.5_seed42.json
[13:27:56] (337/964) evaluated results/adult/synthetic/rl/window_k8/lam0.25_mu0.5_seed44.json
[13:27:56] (338/964) evaluated results/adult/synthetic/rl/window_k8/lam0.25_mu0.5_seed43.json
[13:27:56] (339/964) evaluated results/adult/synthetic/rl/window_k8/lam0.5_mu0.5_seed44.json
[13:27:56] (340/964) evaluated results/adult/synthetic/rl/window_k8/lam0.75_mu0.5_seed43.json
[13:27:56] (341/964) evaluated results/adult/synthetic/rl/window_k8/lam0.75_mu0.5_seed44.json
[13:27:56] (342/964) evaluated results/adult/synthetic/rl/window_k8/lam1_mu0.5_seed42.json
[13:27:56] (343/964) evaluated results/adult/synthetic/rl/window_k8/lam3_mu0.1_seed43.json
[13:27:56] (344/964) evaluated results/adult/synthetic/rl/window_k8/lam0.5_mu0.5_seed43.json
[13:27:56] (345/964) evaluated results/adult/synthetic/rl/window_k8/lam0.5_mu0.5_seed42.json
[13:27:56] (346/964) evaluated results/adult/synthetic/rl/window_k8/lam1_mu0.5_seed44.json
[13:27:56] (347/964) evaluated results/adult/synthetic/rl/window_k8/lam1_mu0.5_seed43.json
[13:27:56] (348/964) evaluated results/adult/synthetic/rl/window_k8/lam1.5_mu0.5_seed42.json
[13:27:56] (349/964) evaluated results/adult/synthetic/rl/window_k8/lam0.1_mu0.5_seed44.json
[13:27:56] (350/964) evaluated results/adult/synthetic/rl/window_k8/lam1.5_mu0.5_seed43.json
[13:27:56] (351/964) evaluated results/adult/synthetic/rl/window_k8/lam2_mu0.5_seed42.json
[13:27:56] (352/964) evaluated results/adult/synthetic/rl/window_k8/lam2_mu0.5_seed43.json
[13:27:56] (353/964) evaluated results/adult/synthetic/rl/window_k8/lam2_mu0.5_seed44.json
[13:27:57] (354/964) evaluated results/adult/synthetic/rl/window_k8/lam1.5_mu0.5_seed44.json
[13:27:57] (355/964) evaluated results/adult/synthetic/rl/window_k8/lam3_mu0.5_seed42.json
[13:27:57] (356/964) evaluated results/adult/synthetic/rl/window_k8/lam3_mu0.5_seed43.json
[13:27:57] (357/964) evaluated results/adult/synthetic/rl/window_k8/lam5_mu0.5_seed43.json
[13:27:57] (358/964) evaluated results/adult/synthetic/rl/window_k8/lam3_mu0.5_seed44.json
[13:27:57] (359/964) evaluated results/adult/synthetic/rl/window_k8/lam0.75_mu0.5_seed42.json
[13:27:57] (360/964) evaluated results/adult/synthetic/rl/window_k8/lam5_mu0.5_seed44.json
[13:27:57] (361/964) evaluated results/adult/synthetic/rl/none/lam0_mu0.01_seed42.json
[13:27:57] (362/964) evaluated results/adult/synthetic/rl/none/lam0_mu0.01_seed44.json
[13:27:57] (363/964) evaluated results/adult/synthetic/rl/none/lam0.1_mu0.01_seed42.json
[13:27:57] (364/964) evaluated results/adult/synthetic/rl/none/lam0.1_mu0.01_seed43.json
[13:27:57] (365/964) evaluated results/adult/synthetic/rl/none/lam0.25_mu0.01_seed42.json
[13:27:57] (366/964) evaluated results/adult/synthetic/rl/none/lam0.1_mu0.01_seed44.json
[13:27:57] (367/964) evaluated results/adult/synthetic/rl/none/lam0_mu0.01_seed43.json
[13:27:58] (368/964) evaluated results/adult/synthetic/rl/none/lam0.25_mu0.01_seed43.json
[13:27:58] (369/964) evaluated results/adult/synthetic/rl/none/lam0.5_mu0.01_seed42.json
[13:27:58] (370/964) evaluated results/adult/synthetic/rl/window_k8/lam5_mu0.5_seed42.json
[13:27:58] (371/964) evaluated results/adult/synthetic/rl/none/lam0.25_mu0.01_seed44.json
[13:27:58] (372/964) evaluated results/adult/synthetic/rl/none/lam0.5_mu0.01_seed43.json
[13:27:58] (373/964) evaluated results/adult/synthetic/rl/none/lam0.5_mu0.01_seed44.json
[13:27:58] (374/964) evaluated results/adult/synthetic/rl/none/lam0.75_mu0.01_seed42.json
[13:27:59] (375/964) evaluated results/adult/synthetic/rl/none/lam0.75_mu0.01_seed43.json
[13:27:59] (376/964) evaluated results/adult/synthetic/rl/none/lam0.75_mu0.01_seed44.json
[13:27:59] (377/964) evaluated results/adult/synthetic/rl/none/lam1.5_mu0.01_seed42.json
[13:27:59] (378/964) evaluated results/adult/synthetic/rl/none/lam1_mu0.01_seed43.json
[13:28:00] (379/964) evaluated results/adult/synthetic/rl/none/lam1.5_mu0.01_seed43.json
[13:28:00] (380/964) evaluated results/adult/synthetic/rl/none/lam1_mu0.01_seed42.json
[13:28:00] (381/964) evaluated results/adult/synthetic/rl/none/lam1_mu0.01_seed44.json
[13:28:00] (382/964) evaluated results/adult/synthetic/rl/none/lam1.5_mu0.01_seed44.json
[13:28:00] (383/964) evaluated results/adult/synthetic/rl/none/lam2_mu0.01_seed43.json
[13:28:01] (384/964) evaluated results/adult/synthetic/rl/none/lam2_mu0.01_seed44.json
[13:28:01] (385/964) evaluated results/adult/synthetic/rl/none/lam3_mu0.01_seed43.json
[13:28:01] (386/964) evaluated results/adult/synthetic/rl/none/lam2_mu0.01_seed42.json
[13:28:01] (387/964) evaluated results/adult/synthetic/rl/none/lam3_mu0.01_seed44.json
[13:28:01] (388/964) evaluated results/adult/synthetic/rl/none/lam3_mu0.01_seed42.json
[13:28:02] (389/964) evaluated results/adult/synthetic/rl/none/lam5_mu0.01_seed42.json
[13:28:02] (390/964) evaluated results/adult/synthetic/rl/none/lam5_mu0.01_seed43.json
[13:28:02] (391/964) evaluated results/adult/synthetic/rl/none/lam0_mu0.05_seed42.json
[13:28:02] (392/964) evaluated results/adult/synthetic/rl/none/lam5_mu0.01_seed44.json
[13:28:02] (393/964) evaluated results/adult/synthetic/rl/none/lam0_mu0.05_seed43.json
[13:28:02] (394/964) evaluated results/adult/synthetic/rl/none/lam0_mu0.05_seed44.json
[13:28:02] (395/964) evaluated results/adult/synthetic/rl/none/lam0.1_mu0.05_seed43.json
[13:28:02] (396/964) evaluated results/adult/synthetic/rl/none/lam0.1_mu0.05_seed42.json
[13:28:02] (397/964) evaluated results/adult/synthetic/rl/none/lam0.25_mu0.05_seed42.json
[13:28:02] (398/964) evaluated results/adult/synthetic/rl/none/lam0.1_mu0.05_seed44.json
[13:28:03] (399/964) evaluated results/adult/synthetic/rl/none/lam0.25_mu0.05_seed43.json
[13:28:03] (400/964) evaluated results/adult/synthetic/rl/none/lam0.25_mu0.05_seed44.json
[13:28:03] (401/964) evaluated results/adult/synthetic/rl/none/lam0.5_mu0.05_seed42.json
[13:28:03] (402/964) evaluated results/adult/synthetic/rl/none/lam0.5_mu0.05_seed44.json
[13:28:03] (403/964) evaluated results/adult/synthetic/rl/none/lam0.75_mu0.05_seed42.json
[13:28:03] (404/964) evaluated results/adult/synthetic/rl/none/lam0.5_mu0.05_seed43.json
[13:28:03] (405/964) evaluated results/adult/synthetic/rl/none/lam0.75_mu0.05_seed43.json
[13:28:03] (406/964) evaluated results/adult/synthetic/rl/none/lam1_mu0.05_seed42.json
[13:28:03] (407/964) evaluated results/adult/synthetic/rl/none/lam1_mu0.05_seed44.json
[13:28:03] (408/964) evaluated results/adult/synthetic/rl/none/lam2_mu0.05_seed43.json
[13:28:03] (409/964) evaluated results/adult/synthetic/rl/none/lam1.5_mu0.05_seed43.json
[13:28:03] (410/964) evaluated results/adult/synthetic/rl/none/lam2_mu0.05_seed42.json
[13:28:03] (411/964) evaluated results/adult/synthetic/rl/none/lam3_mu0.05_seed42.json
[13:28:03] (412/964) evaluated results/adult/synthetic/rl/none/lam1_mu0.05_seed43.json
[13:28:03] (413/964) evaluated results/adult/synthetic/rl/none/lam2_mu0.05_seed44.json
[13:28:03] (414/964) evaluated results/adult/synthetic/rl/none/lam0.75_mu0.05_seed44.json
[13:28:03] (415/964) evaluated results/adult/synthetic/rl/none/lam3_mu0.05_seed43.json
[13:28:03] (416/964) evaluated results/adult/synthetic/rl/none/lam3_mu0.05_seed44.json
[13:28:03] (417/964) evaluated results/adult/synthetic/rl/none/lam5_mu0.05_seed42.json
[13:28:03] (418/964) evaluated results/adult/synthetic/rl/none/lam5_mu0.05_seed44.json
[13:28:03] (419/964) evaluated results/adult/synthetic/rl/none/lam5_mu0.05_seed43.json
[13:28:03] (420/964) evaluated results/adult/synthetic/rl/none/lam1.5_mu0.05_seed42.json
[13:28:03] (421/964) evaluated results/adult/synthetic/rl/none/lam0_mu0.1_seed43.json
[13:28:03] (422/964) evaluated results/adult/synthetic/rl/none/lam1.5_mu0.05_seed44.json
[13:28:04] (423/964) evaluated results/adult/synthetic/rl/none/lam0.1_mu0.1_seed42.json
[13:28:04] (424/964) evaluated results/adult/synthetic/rl/none/lam0.1_mu0.1_seed43.json
[13:28:04] (425/964) evaluated results/adult/synthetic/rl/none/lam0_mu0.1_seed44.json
[13:28:04] (426/964) evaluated results/adult/synthetic/rl/none/lam0.1_mu0.1_seed44.json
[13:28:04] (427/964) evaluated results/adult/synthetic/rl/none/lam0.25_mu0.1_seed42.json
[13:28:04] (428/964) evaluated results/adult/synthetic/rl/none/lam0.25_mu0.1_seed43.json
[13:28:05] (429/964) evaluated results/adult/synthetic/rl/none/lam0_mu0.1_seed42.json
[13:28:05] (430/964) evaluated results/adult/synthetic/rl/none/lam0.5_mu0.1_seed43.json
[13:28:05] (431/964) evaluated results/adult/synthetic/rl/none/lam0.5_mu0.1_seed42.json
[13:28:05] (432/964) evaluated results/adult/synthetic/rl/none/lam1_mu0.1_seed42.json
[13:28:05] (433/964) evaluated results/adult/synthetic/rl/none/lam0.25_mu0.1_seed44.json
[13:28:05] (434/964) evaluated results/adult/synthetic/rl/none/lam0.75_mu0.1_seed44.json
[13:28:05] (435/964) evaluated results/adult/synthetic/rl/none/lam0.5_mu0.1_seed44.json
[13:28:05] (436/964) evaluated results/adult/synthetic/rl/none/lam0.75_mu0.1_seed42.json
[13:28:06] (437/964) evaluated results/adult/synthetic/rl/none/lam1_mu0.1_seed44.json
[13:28:06] (438/964) evaluated results/adult/synthetic/rl/none/lam0.75_mu0.1_seed43.json
[13:28:06] (439/964) evaluated results/adult/synthetic/rl/none/lam1_mu0.1_seed43.json
[13:28:06] (440/964) evaluated results/adult/synthetic/rl/none/lam1.5_mu0.1_seed42.json
[13:28:06] (441/964) evaluated results/adult/synthetic/rl/none/lam1.5_mu0.1_seed43.json
[13:28:06] (442/964) evaluated results/adult/synthetic/rl/none/lam2_mu0.1_seed42.json
[13:28:06] (443/964) evaluated results/adult/synthetic/rl/none/lam1.5_mu0.1_seed44.json
[13:28:07] (444/964) evaluated results/adult/synthetic/rl/none/lam2_mu0.1_seed44.json
[13:28:07] (445/964) evaluated results/adult/synthetic/rl/none/lam2_mu0.1_seed43.json
[13:28:07] (446/964) evaluated results/adult/synthetic/rl/none/lam3_mu0.1_seed42.json
[13:28:08] (447/964) evaluated results/adult/synthetic/rl/none/lam3_mu0.1_seed44.json
[13:28:08] (448/964) evaluated results/adult/synthetic/rl/none/lam3_mu0.1_seed43.json
[13:28:08] (449/964) evaluated results/adult/synthetic/rl/none/lam5_mu0.1_seed42.json
[13:28:08] (450/964) evaluated results/adult/synthetic/rl/none/lam5_mu0.1_seed43.json
[13:28:09] (451/964) evaluated results/adult/synthetic/rl/none/lam0_mu0.5_seed43.json
[13:28:09] (452/964) evaluated results/adult/synthetic/rl/none/lam5_mu0.1_seed44.json
[13:28:09] (453/964) evaluated results/adult/synthetic/rl/none/lam0.1_mu0.5_seed42.json
[13:28:09] (454/964) evaluated results/adult/synthetic/rl/none/lam0_mu0.5_seed42.json
[13:28:09] (455/964) evaluated results/adult/synthetic/rl/none/lam0.1_mu0.5_seed43.json
[13:28:09] (456/964) evaluated results/adult/synthetic/rl/none/lam0.1_mu0.5_seed44.json
[13:28:09] (457/964) evaluated results/adult/synthetic/rl/none/lam0_mu0.5_seed44.json
[13:28:09] (458/964) evaluated results/adult/synthetic/rl/none/lam0.25_mu0.5_seed42.json
[13:28:09] (459/964) evaluated results/adult/synthetic/rl/none/lam0.25_mu0.5_seed44.json
[13:28:09] (460/964) evaluated results/adult/synthetic/rl/none/lam0.25_mu0.5_seed43.json
[13:28:09] (461/964) evaluated results/adult/synthetic/rl/none/lam0.5_mu0.5_seed42.json
[13:28:09] (462/964) evaluated results/adult/synthetic/rl/none/lam0.5_mu0.5_seed44.json
[13:28:09] (463/964) evaluated results/adult/synthetic/rl/none/lam0.75_mu0.5_seed42.json
[13:28:09] (464/964) evaluated results/adult/synthetic/rl/none/lam0.75_mu0.5_seed43.json
[13:28:09] (465/964) evaluated results/adult/synthetic/rl/none/lam0.75_mu0.5_seed44.json
[13:28:09] (466/964) evaluated results/adult/synthetic/rl/none/lam0.5_mu0.5_seed43.json
[13:28:10] (467/964) evaluated results/adult/synthetic/rl/none/lam1_mu0.5_seed42.json
[13:28:10] (468/964) evaluated results/adult/synthetic/rl/none/lam1_mu0.5_seed43.json
[13:28:10] (469/964) evaluated results/adult/synthetic/rl/none/lam1.5_mu0.5_seed42.json
[13:28:10] (470/964) evaluated results/adult/synthetic/rl/none/lam1.5_mu0.5_seed44.json
[13:28:10] (471/964) evaluated results/adult/synthetic/rl/none/lam1_mu0.5_seed44.json
[13:28:10] (472/964) evaluated results/adult/synthetic/rl/none/lam2_mu0.5_seed42.json
[13:28:10] (473/964) evaluated results/adult/synthetic/rl/none/lam2_mu0.5_seed43.json
[13:28:10] (474/964) evaluated results/adult/synthetic/rl/none/lam3_mu0.5_seed42.json
[13:28:10] (475/964) evaluated results/adult/synthetic/rl/none/lam3_mu0.5_seed43.json
[13:28:10] (476/964) evaluated results/adult/synthetic/rl/none/lam3_mu0.5_seed44.json
[13:28:10] (477/964) evaluated results/adult/synthetic/rl/none/lam1.5_mu0.5_seed43.json
[13:28:10] (478/964) evaluated results/adult/synthetic/rl/none/lam5_mu0.5_seed43.json
[13:28:10] (479/964) evaluated results/adult/synthetic/rl/none/lam2_mu0.5_seed44.json
[13:28:10] (480/964) evaluated results/credit/natural/rl/window_k8/lam0_mu0.01_seed42.json
[13:28:10] (481/964) evaluated results/adult/synthetic/rl/none/lam5_mu0.5_seed44.json
[13:28:10] (482/964) evaluated results/credit/natural/rl/window_k8/lam0.1_mu0.01_seed42.json
[13:28:10] (483/964) evaluated results/credit/natural/rl/window_k8/lam0_mu0.01_seed43.json
[13:28:10] (484/964) evaluated results/credit/natural/rl/window_k8/lam0.1_mu0.01_seed43.json
[13:28:10] (485/964) evaluated results/adult/synthetic/rl/none/lam5_mu0.5_seed42.json
[13:28:10] (486/964) evaluated results/credit/natural/rl/window_k8/lam0.1_mu0.01_seed44.json
[13:28:11] (487/964) evaluated results/credit/natural/rl/window_k8/lam0_mu0.01_seed44.json
[13:28:11] (488/964) evaluated results/credit/natural/rl/window_k8/lam0.25_mu0.01_seed42.json
[13:28:11] (489/964) evaluated results/credit/natural/rl/window_k8/lam0.25_mu0.01_seed43.json
[13:28:11] (490/964) evaluated results/credit/natural/rl/window_k8/lam0.25_mu0.01_seed44.json
[13:28:12] (491/964) evaluated results/credit/natural/rl/window_k8/lam0.5_mu0.01_seed43.json
[13:28:12] (492/964) evaluated results/credit/natural/rl/window_k8/lam0.75_mu0.01_seed42.json
[13:28:12] (493/964) evaluated results/credit/natural/rl/window_k8/lam0.5_mu0.01_seed42.json
[13:28:12] (494/964) evaluated results/credit/natural/rl/window_k8/lam0.75_mu0.01_seed43.json
[13:28:12] (495/964) evaluated results/credit/natural/rl/window_k8/lam0.75_mu0.01_seed44.json
[13:28:12] (496/964) evaluated results/credit/natural/rl/window_k8/lam1_mu0.01_seed43.json
[13:28:12] (497/964) evaluated results/credit/natural/rl/window_k8/lam0.5_mu0.01_seed44.json
[13:28:12] (498/964) evaluated results/credit/natural/rl/window_k8/lam1_mu0.01_seed44.json
[13:28:13] (499/964) evaluated results/credit/natural/rl/window_k8/lam1.5_mu0.01_seed42.json
[13:28:13] (500/964) evaluated results/credit/natural/rl/window_k8/lam1_mu0.01_seed42.json
[13:28:13] (501/964) evaluated results/credit/natural/rl/window_k8/lam1.5_mu0.01_seed44.json
[13:28:13] (502/964) evaluated results/credit/natural/rl/window_k8/lam1.5_mu0.01_seed43.json
[13:28:13] (503/964) evaluated results/credit/natural/rl/window_k8/lam2_mu0.01_seed42.json
[13:28:14] (504/964) evaluated results/credit/natural/rl/window_k8/lam3_mu0.01_seed44.json
[13:28:14] (505/964) evaluated results/credit/natural/rl/window_k8/lam3_mu0.01_seed43.json
[13:28:14] (506/964) evaluated results/credit/natural/rl/window_k8/lam2_mu0.01_seed44.json
[13:28:14] (507/964) evaluated results/credit/natural/rl/window_k8/lam3_mu0.01_seed42.json
[13:28:14] (508/964) evaluated results/credit/natural/rl/window_k8/lam2_mu0.01_seed43.json
[13:28:15] (509/964) evaluated results/credit/natural/rl/window_k8/lam0_mu0.05_seed42.json
[13:28:15] (510/964) evaluated results/adult/synthetic/baselines.json
[13:28:15] (511/964) evaluated results/credit/natural/rl/window_k8/lam5_mu0.01_seed42.json
[13:28:15] (512/964) evaluated results/credit/natural/rl/window_k8/lam5_mu0.01_seed44.json
[13:28:15] (513/964) evaluated results/credit/natural/rl/window_k8/lam5_mu0.01_seed43.json
[13:28:15] (514/964) evaluated results/credit/natural/rl/window_k8/lam0_mu0.05_seed43.json
[13:28:16] (515/964) evaluated results/credit/natural/rl/window_k8/lam0.1_mu0.05_seed42.json
[13:28:16] (516/964) evaluated results/credit/natural/rl/window_k8/lam0_mu0.05_seed44.json
[13:28:16] (517/964) evaluated results/credit/natural/rl/window_k8/lam0.1_mu0.05_seed43.json
[13:28:16] (518/964) evaluated results/credit/natural/rl/window_k8/lam0.1_mu0.05_seed44.json
[13:28:16] (519/964) evaluated results/credit/natural/rl/window_k8/lam0.25_mu0.05_seed44.json
[13:28:16] (520/964) evaluated results/credit/natural/rl/window_k8/lam0.25_mu0.05_seed43.json
[13:28:16] (521/964) evaluated results/credit/natural/rl/window_k8/lam0.5_mu0.05_seed43.json
[13:28:16] (522/964) evaluated results/credit/natural/rl/window_k8/lam0.5_mu0.05_seed44.json
[13:28:16] (523/964) evaluated results/credit/natural/rl/window_k8/lam0.75_mu0.05_seed42.json
[13:28:16] (524/964) evaluated results/credit/natural/rl/window_k8/lam0.25_mu0.05_seed42.json
[13:28:16] (525/964) evaluated results/credit/natural/rl/window_k8/lam0.75_mu0.05_seed44.json
[13:28:16] (526/964) evaluated results/credit/natural/rl/window_k8/lam0.75_mu0.05_seed43.json
[13:28:16] (527/964) evaluated results/credit/natural/rl/window_k8/lam0.5_mu0.05_seed42.json
[13:28:16] (528/964) evaluated results/credit/natural/rl/window_k8/lam1_mu0.05_seed42.json
[13:28:16] (529/964) evaluated results/credit/natural/rl/window_k8/lam1_mu0.05_seed43.json
[13:28:16] (530/964) evaluated results/credit/natural/rl/window_k8/lam1.5_mu0.05_seed42.json
[13:28:16] (531/964) evaluated results/credit/natural/rl/window_k8/lam1_mu0.05_seed44.json
[13:28:17] (532/964) evaluated results/credit/natural/rl/window_k8/lam1.5_mu0.05_seed44.json
[13:28:17] (533/964) evaluated results/credit/natural/rl/window_k8/lam2_mu0.05_seed44.json
[13:28:17] (534/964) evaluated results/credit/natural/rl/window_k8/lam2_mu0.05_seed42.json
[13:28:17] (535/964) evaluated results/credit/natural/rl/window_k8/lam5_mu0.05_seed42.json
[13:28:17] (536/964) evaluated results/credit/natural/rl/window_k8/lam3_mu0.05_seed42.json
[13:28:17] (537/964) evaluated results/credit/natural/rl/window_k8/lam5_mu0.05_seed43.json
[13:28:17] (538/964) evaluated results/credit/natural/rl/window_k8/lam3_mu0.05_seed43.json
[13:28:17] (539/964) evaluated results/credit/natural/rl/window_k8/lam5_mu0.05_seed44.json
[13:28:17] (540/964) evaluated results/credit/natural/rl/window_k8/lam0_mu0.1_seed42.json
[13:28:17] (541/964) evaluated results/credit/natural/rl/window_k8/lam0_mu0.1_seed44.json
[13:28:17] (542/964) evaluated results/credit/natural/rl/window_k8/lam1.5_mu0.05_seed43.json
[13:28:17] (543/964) evaluated results/credit/natural/rl/window_k8/lam0_mu0.1_seed43.json
[13:28:17] (544/964) evaluated results/credit/natural/rl/window_k8/lam2_mu0.05_seed43.json
[13:28:17] (545/964) evaluated results/credit/natural/rl/window_k8/lam0.1_mu0.1_seed42.json
[13:28:17] (546/964) evaluated results/credit/natural/rl/window_k8/lam0.1_mu0.1_seed43.json
[13:28:17] (547/964) evaluated results/credit/natural/rl/window_k8/lam0.25_mu0.1_seed42.json
[13:28:17] (548/964) evaluated results/credit/natural/rl/window_k8/lam0.1_mu0.1_seed44.json
[13:28:17] (549/964) evaluated results/credit/natural/rl/window_k8/lam3_mu0.05_seed44.json
[13:28:18] (550/964) evaluated results/credit/natural/rl/window_k8/lam0.25_mu0.1_seed44.json
[13:28:18] (551/964) evaluated results/credit/natural/rl/window_k8/lam0.25_mu0.1_seed43.json
[13:28:18] (552/964) evaluated results/credit/natural/rl/window_k8/lam0.5_mu0.1_seed42.json
[13:28:18] (553/964) evaluated results/credit/natural/rl/window_k8/lam0.5_mu0.1_seed43.json
[13:28:18] (554/964) evaluated results/credit/natural/rl/window_k8/lam0.75_mu0.1_seed42.json
[13:28:18] (555/964) evaluated results/credit/natural/rl/window_k8/lam0.5_mu0.1_seed44.json
[13:28:19] (556/964) evaluated results/credit/natural/rl/window_k8/lam0.75_mu0.1_seed43.json
[13:28:19] (557/964) evaluated results/credit/natural/rl/window_k8/lam0.75_mu0.1_seed44.json
[13:28:19] (558/964) evaluated results/credit/natural/rl/window_k8/lam1_mu0.1_seed42.json
[13:28:19] (559/964) evaluated results/credit/natural/rl/window_k8/lam1_mu0.1_seed44.json
[13:28:19] (560/964) evaluated results/credit/natural/rl/window_k8/lam1_mu0.1_seed43.json
[13:28:19] (561/964) evaluated results/credit/natural/rl/window_k8/lam2_mu0.1_seed42.json
[13:28:20] (562/964) evaluated results/credit/natural/rl/window_k8/lam1.5_mu0.1_seed42.json
[13:28:20] (563/964) evaluated results/credit/natural/rl/window_k8/lam1.5_mu0.1_seed44.json
[13:28:20] (564/964) evaluated results/credit/natural/rl/window_k8/lam1.5_mu0.1_seed43.json
[13:28:20] (565/964) evaluated results/credit/natural/rl/window_k8/lam2_mu0.1_seed43.json
[13:28:21] (566/964) evaluated results/credit/natural/rl/window_k8/lam3_mu0.1_seed42.json
[13:28:21] (567/964) evaluated results/credit/natural/rl/window_k8/lam5_mu0.1_seed42.json
[13:28:21] (568/964) evaluated results/credit/natural/rl/window_k8/lam5_mu0.1_seed44.json
[13:28:21] (569/964) evaluated results/credit/natural/rl/window_k8/lam2_mu0.1_seed44.json
[13:28:21] (570/964) evaluated results/credit/natural/rl/window_k8/lam3_mu0.1_seed44.json
[13:28:21] (571/964) evaluated results/credit/natural/rl/window_k8/lam0_mu0.5_seed42.json
[13:28:22] (572/964) evaluated results/credit/natural/rl/window_k8/lam3_mu0.1_seed43.json
[13:28:22] (573/964) evaluated results/credit/natural/rl/window_k8/lam0_mu0.5_seed44.json
[13:28:22] (574/964) evaluated results/credit/natural/rl/window_k8/lam0.1_mu0.5_seed42.json
[13:28:22] (575/964) evaluated results/credit/natural/rl/window_k8/lam0.1_mu0.5_seed44.json
[13:28:22] (576/964) evaluated results/credit/natural/rl/window_k8/lam0.25_mu0.5_seed44.json
[13:28:22] (577/964) evaluated results/credit/natural/rl/window_k8/lam0.25_mu0.5_seed43.json
[13:28:22] (578/964) evaluated results/credit/natural/rl/window_k8/lam0.5_mu0.5_seed42.json
[13:28:22] (579/964) evaluated results/credit/natural/rl/window_k8/lam0_mu0.5_seed43.json
[13:28:23] (580/964) evaluated results/credit/natural/rl/window_k8/lam5_mu0.1_seed43.json
[13:28:23] (581/964) evaluated results/credit/natural/rl/window_k8/lam0.5_mu0.5_seed43.json
[13:28:23] (582/964) evaluated results/credit/natural/rl/window_k8/lam0.25_mu0.5_seed42.json
[13:28:23] (583/964) evaluated results/credit/natural/rl/window_k8/lam0.75_mu0.5_seed42.json
[13:28:23] (584/964) evaluated results/credit/natural/rl/window_k8/lam0.5_mu0.5_seed44.json
[13:28:23] (585/964) evaluated results/credit/natural/rl/window_k8/lam0.1_mu0.5_seed43.json
[13:28:23] (586/964) evaluated results/credit/natural/rl/window_k8/lam1_mu0.5_seed42.json
[13:28:23] (587/964) evaluated results/credit/natural/rl/window_k8/lam1_mu0.5_seed43.json
[13:28:23] (588/964) evaluated results/credit/natural/rl/window_k8/lam1.5_mu0.5_seed42.json
[13:28:23] (589/964) evaluated results/credit/natural/rl/window_k8/lam0.75_mu0.5_seed43.json
[13:28:23] (590/964) evaluated results/credit/natural/rl/window_k8/lam1.5_mu0.5_seed43.json
[13:28:23] (591/964) evaluated results/credit/natural/rl/window_k8/lam1.5_mu0.5_seed44.json
[13:28:23] (592/964) evaluated results/credit/natural/rl/window_k8/lam2_mu0.5_seed42.json
[13:28:23] (593/964) evaluated results/credit/natural/rl/window_k8/lam0.75_mu0.5_seed44.json
[13:28:23] (594/964) evaluated results/credit/natural/rl/window_k8/lam2_mu0.5_seed44.json
[13:28:23] (595/964) evaluated results/credit/natural/rl/window_k8/lam3_mu0.5_seed43.json
[13:28:24] (596/964) evaluated results/credit/natural/rl/window_k8/lam5_mu0.5_seed43.json
[13:28:24] (597/964) evaluated results/credit/natural/rl/none/lam0_mu0.01_seed43.json
[13:28:24] (598/964) evaluated results/credit/natural/rl/window_k8/lam5_mu0.5_seed42.json
[13:28:24] (599/964) evaluated results/credit/natural/rl/window_k8/lam3_mu0.5_seed42.json
[13:28:24] (600/964) evaluated results/credit/natural/rl/window_k8/lam3_mu0.5_seed44.json
[13:28:24] (601/964) evaluated results/credit/natural/rl/window_k8/lam5_mu0.5_seed44.json
[13:28:24] (602/964) evaluated results/credit/natural/rl/none/lam0_mu0.01_seed42.json
[13:28:24] (603/964) evaluated results/credit/natural/rl/none/lam0.25_mu0.01_seed42.json
[13:28:24] (604/964) evaluated results/credit/natural/rl/none/lam0.1_mu0.01_seed42.json
[13:28:24] (605/964) evaluated results/credit/natural/rl/none/lam0.1_mu0.01_seed44.json
[13:28:24] (606/964) evaluated results/credit/natural/rl/none/lam0.25_mu0.01_seed43.json
[13:28:24] (607/964) evaluated results/credit/natural/rl/window_k8/lam1_mu0.5_seed44.json
[13:28:24] (608/964) evaluated results/credit/natural/rl/none/lam0.25_mu0.01_seed44.json
[13:28:24] (609/964) evaluated results/credit/natural/rl/none/lam0_mu0.01_seed44.json
[13:28:24] (610/964) evaluated results/credit/natural/rl/none/lam0.5_mu0.01_seed43.json
[13:28:24] (611/964) evaluated results/credit/natural/rl/none/lam0.1_mu0.01_seed43.json
[13:28:24] (612/964) evaluated results/credit/natural/rl/window_k8/lam2_mu0.5_seed43.json
[13:28:25] (613/964) evaluated results/credit/natural/rl/none/lam0.75_mu0.01_seed42.json
[13:28:25] (614/964) evaluated results/credit/natural/rl/none/lam0.75_mu0.01_seed43.json
[13:28:25] (615/964) evaluated results/credit/natural/rl/none/lam0.5_mu0.01_seed44.json
[13:28:25] (616/964) evaluated results/credit/natural/rl/none/lam0.75_mu0.01_seed44.json
[13:28:25] (617/964) evaluated results/credit/natural/rl/none/lam1_mu0.01_seed42.json
[13:28:25] (618/964) evaluated results/credit/natural/rl/none/lam1_mu0.01_seed43.json
[13:28:25] (619/964) evaluated results/credit/natural/rl/none/lam0.5_mu0.01_seed42.json
[13:28:26] (620/964) evaluated results/credit/natural/rl/none/lam1_mu0.01_seed44.json
[13:28:26] (621/964) evaluated results/credit/natural/rl/none/lam1.5_mu0.01_seed42.json
[13:28:26] (622/964) evaluated results/credit/natural/rl/none/lam1.5_mu0.01_seed44.json
[13:28:26] (623/964) evaluated results/credit/natural/rl/none/lam2_mu0.01_seed42.json
[13:28:26] (624/964) evaluated results/credit/natural/rl/none/lam2_mu0.01_seed44.json
[13:28:26] (625/964) evaluated results/credit/natural/rl/none/lam2_mu0.01_seed43.json
[13:28:26] (626/964) evaluated results/credit/natural/rl/none/lam1.5_mu0.01_seed43.json
[13:28:27] (627/964) evaluated results/credit/natural/rl/none/lam3_mu0.01_seed42.json
[13:28:27] (628/964) evaluated results/credit/natural/rl/none/lam3_mu0.01_seed43.json
[13:28:27] (629/964) evaluated results/credit/natural/rl/none/lam3_mu0.01_seed44.json
[13:28:28] (630/964) evaluated results/credit/natural/rl/none/lam5_mu0.01_seed43.json
[13:28:28] (631/964) evaluated results/credit/natural/rl/none/lam0_mu0.05_seed43.json
[13:28:28] (632/964) evaluated results/credit/natural/rl/none/lam5_mu0.01_seed42.json
[13:28:29] (633/964) evaluated results/credit/natural/rl/none/lam0.1_mu0.05_seed43.json
[13:28:29] (634/964) evaluated results/credit/natural/rl/none/lam0.1_mu0.05_seed42.json
[13:28:29] (635/964) evaluated results/credit/natural/rl/none/lam0.1_mu0.05_seed44.json
[13:28:29] (636/964) evaluated results/credit/natural/rl/none/lam0.25_mu0.05_seed42.json
[13:28:29] (637/964) evaluated results/credit/natural/rl/none/lam0_mu0.05_seed42.json
[13:28:29] (638/964) evaluated results/credit/natural/rl/none/lam5_mu0.01_seed44.json
[13:28:29] (639/964) evaluated results/credit/natural/rl/none/lam0.25_mu0.05_seed44.json
[13:28:29] (640/964) evaluated results/credit/natural/rl/none/lam0.25_mu0.05_seed43.json
[13:28:29] (641/964) evaluated results/credit/natural/rl/none/lam0.5_mu0.05_seed44.json
[13:28:29] (642/964) evaluated results/credit/natural/rl/none/lam0.75_mu0.05_seed43.json
[13:28:29] (643/964) evaluated results/credit/natural/rl/none/lam0.75_mu0.05_seed44.json
[13:28:30] (644/964) evaluated results/credit/natural/rl/none/lam1_mu0.05_seed43.json
[13:28:30] (645/964) evaluated results/credit/natural/rl/none/lam0_mu0.05_seed44.json
[13:28:30] (646/964) evaluated results/credit/natural/rl/none/lam1.5_mu0.05_seed43.json
[13:28:30] (647/964) evaluated results/credit/natural/rl/none/lam1.5_mu0.05_seed42.json
[13:28:30] (648/964) evaluated results/credit/natural/rl/none/lam1.5_mu0.05_seed44.json
[13:28:30] (649/964) evaluated results/credit/natural/rl/none/lam1_mu0.05_seed44.json
[13:28:30] (650/964) evaluated results/credit/natural/rl/none/lam2_mu0.05_seed42.json
[13:28:30] (651/964) evaluated results/credit/natural/rl/none/lam0.75_mu0.05_seed42.json
[13:28:30] (652/964) evaluated results/credit/natural/rl/none/lam0.5_mu0.05_seed42.json
[13:28:30] (653/964) evaluated results/credit/natural/rl/none/lam2_mu0.05_seed43.json
[13:28:30] (654/964) evaluated results/credit/natural/rl/none/lam3_mu0.05_seed42.json
[13:28:30] (655/964) evaluated results/credit/natural/rl/none/lam3_mu0.05_seed43.json
[13:28:30] (656/964) evaluated results/credit/natural/rl/none/lam3_mu0.05_seed44.json
[13:28:30] (657/964) evaluated results/credit/natural/rl/none/lam0.5_mu0.05_seed43.json
[13:28:30] (658/964) evaluated results/credit/natural/rl/none/lam5_mu0.05_seed42.json
[13:28:30] (659/964) evaluated results/credit/natural/rl/none/lam1_mu0.05_seed42.json
[13:28:30] (660/964) evaluated results/credit/natural/rl/none/lam5_mu0.05_seed43.json
[13:28:30] (661/964) evaluated results/credit/natural/rl/none/lam5_mu0.05_seed44.json
[13:28:30] (662/964) evaluated results/credit/natural/rl/none/lam0_mu0.1_seed42.json
[13:28:30] (663/964) evaluated results/credit/natural/rl/none/lam0_mu0.1_seed43.json
[13:28:31] (664/964) evaluated results/credit/natural/rl/none/lam0_mu0.1_seed44.json
[13:28:31] (665/964) evaluated results/credit/natural/rl/none/lam0.1_mu0.1_seed42.json
[13:28:31] (666/964) evaluated results/credit/natural/rl/none/lam0.1_mu0.1_seed44.json
[13:28:31] (667/964) evaluated results/credit/natural/rl/none/lam0.25_mu0.1_seed42.json
[13:28:31] (668/964) evaluated results/credit/natural/rl/none/lam0.1_mu0.1_seed43.json
[13:28:31] (669/964) evaluated results/credit/natural/rl/none/lam0.25_mu0.1_seed44.json
[13:28:31] (670/964) evaluated results/credit/natural/rl/none/lam2_mu0.05_seed44.json
[13:28:31] (671/964) evaluated results/credit/natural/rl/none/lam0.5_mu0.1_seed43.json
[13:28:31] (672/964) evaluated results/credit/natural/rl/none/lam0.25_mu0.1_seed43.json
[13:28:32] (673/964) evaluated results/credit/natural/rl/none/lam0.75_mu0.1_seed42.json
[13:28:32] (674/964) evaluated results/credit/natural/rl/none/lam0.5_mu0.1_seed42.json
[13:28:32] (675/964) evaluated results/credit/natural/rl/none/lam0.75_mu0.1_seed43.json
[13:28:32] (676/964) evaluated results/credit/natural/rl/none/lam0.75_mu0.1_seed44.json
[13:28:32] (677/964) evaluated results/credit/natural/rl/none/lam0.5_mu0.1_seed44.json
[13:28:32] (678/964) evaluated results/credit/natural/rl/none/lam1_mu0.1_seed44.json
[13:28:32] (679/964) evaluated results/credit/natural/rl/none/lam1.5_mu0.1_seed42.json
[13:28:32] (680/964) evaluated results/credit/natural/rl/none/lam1_mu0.1_seed43.json
[13:28:32] (681/964) evaluated results/credit/natural/rl/none/lam1.5_mu0.1_seed44.json
[13:28:32] (682/964) evaluated results/credit/natural/rl/none/lam1.5_mu0.1_seed43.json
[13:28:32] (683/964) evaluated results/credit/natural/rl/none/lam1_mu0.1_seed42.json
[13:28:33] (684/964) evaluated results/credit/natural/rl/none/lam2_mu0.1_seed42.json
[13:28:33] (685/964) evaluated results/credit/natural/rl/none/lam2_mu0.1_seed43.json
[13:28:33] (686/964) evaluated results/credit/natural/rl/none/lam2_mu0.1_seed44.json
[13:28:33] (687/964) evaluated results/credit/natural/rl/none/lam3_mu0.1_seed42.json
[13:28:33] (688/964) evaluated results/credit/natural/rl/none/lam3_mu0.1_seed43.json
[13:28:33] (689/964) evaluated results/credit/natural/rl/none/lam5_mu0.1_seed42.json
[13:28:34] (690/964) evaluated results/credit/natural/rl/none/lam5_mu0.1_seed43.json
[13:28:34] (691/964) evaluated results/credit/natural/rl/none/lam5_mu0.1_seed44.json
[13:28:34] (692/964) evaluated results/credit/natural/rl/none/lam3_mu0.1_seed44.json
[13:28:35] (693/964) evaluated results/credit/natural/rl/none/lam0_mu0.5_seed42.json
[13:28:35] (694/964) evaluated results/credit/natural/rl/none/lam0_mu0.5_seed43.json
[13:28:35] (695/964) evaluated results/credit/natural/rl/none/lam0.1_mu0.5_seed42.json
[13:28:36] (696/964) evaluated results/credit/natural/rl/none/lam0.25_mu0.5_seed42.json
[13:28:36] (697/964) evaluated results/credit/natural/rl/none/lam0.1_mu0.5_seed44.json
[13:28:36] (698/964) evaluated results/credit/natural/rl/none/lam0.5_mu0.5_seed42.json
[13:28:36] (699/964) evaluated results/credit/natural/rl/none/lam0_mu0.5_seed44.json
[13:28:36] (700/964) evaluated results/credit/natural/rl/none/lam0.75_mu0.5_seed42.json
[13:28:36] (701/964) evaluated results/credit/natural/rl/none/lam0.75_mu0.5_seed43.json
[13:28:36] (702/964) evaluated results/credit/natural/rl/none/lam0.5_mu0.5_seed43.json
[13:28:36] (703/964) evaluated results/credit/natural/rl/none/lam0.5_mu0.5_seed44.json
[13:28:36] (704/964) evaluated results/credit/natural/rl/none/lam0.75_mu0.5_seed44.json
[13:28:36] (705/964) evaluated results/credit/natural/rl/none/lam1_mu0.5_seed43.json
[13:28:36] (706/964) evaluated results/credit/natural/rl/none/lam0.25_mu0.5_seed44.json
[13:28:36] (707/964) evaluated results/credit/natural/rl/none/lam0.1_mu0.5_seed43.json
[13:28:36] (708/964) evaluated results/credit/natural/rl/none/lam1_mu0.5_seed44.json
[13:28:36] (709/964) evaluated results/credit/natural/rl/none/lam1.5_mu0.5_seed44.json
[13:28:37] (710/964) evaluated results/credit/natural/rl/none/lam0.25_mu0.5_seed43.json
[13:28:37] (711/964) evaluated results/credit/natural/rl/none/lam1.5_mu0.5_seed43.json
[13:28:37] (712/964) evaluated results/credit/natural/rl/none/lam1.5_mu0.5_seed42.json
[13:28:37] (713/964) evaluated results/credit/natural/rl/none/lam2_mu0.5_seed43.json
[13:28:37] (714/964) evaluated results/credit/natural/rl/none/lam2_mu0.5_seed42.json
[13:28:37] (715/964) evaluated results/credit/natural/rl/none/lam2_mu0.5_seed44.json
[13:28:37] (716/964) evaluated results/credit/natural/rl/none/lam3_mu0.5_seed43.json
[13:28:37] (717/964) evaluated results/credit/natural/rl/none/lam3_mu0.5_seed44.json
[13:28:37] (718/964) evaluated results/credit/natural/rl/none/lam5_mu0.5_seed43.json
[13:28:37] (719/964) evaluated results/credit/natural/rl/none/lam5_mu0.5_seed44.json
[13:28:37] (720/964) evaluated results/credit/synthetic/rl/window_k8/lam0_mu0.01_seed43.json
[13:28:37] (721/964) evaluated results/credit/synthetic/rl/window_k8/lam0_mu0.01_seed44.json
[13:28:37] (722/964) evaluated results/credit/synthetic/rl/window_k8/lam0.1_mu0.01_seed42.json
[13:28:37] (723/964) evaluated results/credit/natural/rl/none/lam3_mu0.5_seed42.json
[13:28:37] (724/964) evaluated results/credit/synthetic/rl/window_k8/lam0_mu0.01_seed42.json
[13:28:37] (725/964) evaluated results/credit/synthetic/rl/window_k8/lam0.1_mu0.01_seed43.json
[13:28:37] (726/964) evaluated results/credit/synthetic/rl/window_k8/lam0.25_mu0.01_seed42.json
[13:28:37] (727/964) evaluated results/credit/natural/rl/none/lam5_mu0.5_seed42.json
[13:28:38] (728/964) evaluated results/credit/synthetic/rl/window_k8/lam0.5_mu0.01_seed42.json
[13:28:38] (729/964) evaluated results/credit/synthetic/rl/window_k8/lam0.1_mu0.01_seed44.json
[13:28:38] (730/964) evaluated results/credit/natural/rl/none/lam1_mu0.5_seed42.json
[13:28:38] (731/964) evaluated results/credit/synthetic/rl/window_k8/lam0.25_mu0.01_seed44.json
[13:28:38] (732/964) evaluated results/credit/synthetic/rl/window_k8/lam0.25_mu0.01_seed43.json
[13:28:38] (733/964) evaluated results/credit/synthetic/rl/window_k8/lam0.5_mu0.01_seed43.json
[13:28:38] (734/964) evaluated results/credit/synthetic/rl/window_k8/lam0.5_mu0.01_seed44.json
[13:28:38] (735/964) evaluated results/credit/synthetic/rl/window_k8/lam0.75_mu0.01_seed43.json
[13:28:38] (736/964) evaluated results/credit/synthetic/rl/window_k8/lam0.75_mu0.01_seed44.json
[13:28:38] (737/964) evaluated results/credit/synthetic/rl/window_k8/lam0.75_mu0.01_seed42.json
[13:28:38] (738/964) evaluated results/credit/synthetic/rl/window_k8/lam1_mu0.01_seed42.json
[13:28:39] (739/964) evaluated results/credit/synthetic/rl/window_k8/lam1_mu0.01_seed43.json
[13:28:39] (740/964) evaluated results/credit/synthetic/rl/window_k8/lam1_mu0.01_seed44.json
[13:28:39] (741/964) evaluated results/credit/synthetic/rl/window_k8/lam1.5_mu0.01_seed43.json
[13:28:39] (742/964) evaluated results/credit/synthetic/rl/window_k8/lam1.5_mu0.01_seed44.json
[13:28:39] (743/964) evaluated results/credit/synthetic/rl/window_k8/lam1.5_mu0.01_seed42.json
[13:28:39] (744/964) evaluated results/credit/synthetic/rl/window_k8/lam2_mu0.01_seed42.json
[13:28:40] (745/964) evaluated results/credit/synthetic/rl/window_k8/lam3_mu0.01_seed43.json
[13:28:40] (746/964) evaluated results/credit/synthetic/rl/window_k8/lam3_mu0.01_seed42.json
[13:28:40] (747/964) evaluated results/credit/synthetic/rl/window_k8/lam3_mu0.01_seed44.json
[13:28:40] (748/964) evaluated results/credit/synthetic/rl/window_k8/lam2_mu0.01_seed44.json
[13:28:40] (749/964) evaluated results/credit/synthetic/rl/window_k8/lam5_mu0.01_seed42.json
[13:28:40] (750/964) evaluated results/credit/synthetic/rl/window_k8/lam2_mu0.01_seed43.json
[13:28:40] (751/964) evaluated results/credit/synthetic/rl/window_k8/lam5_mu0.01_seed43.json
[13:28:41] (752/964) evaluated results/credit/synthetic/rl/window_k8/lam5_mu0.01_seed44.json
[13:28:41] (753/964) evaluated results/credit/synthetic/rl/window_k8/lam0_mu0.05_seed42.json
[13:28:42] (754/964) evaluated results/credit/synthetic/rl/window_k8/lam0_mu0.05_seed44.json
[13:28:42] (755/964) evaluated results/credit/synthetic/rl/window_k8/lam0_mu0.05_seed43.json
[13:28:42] (756/964) evaluated results/credit/synthetic/rl/window_k8/lam0.1_mu0.05_seed42.json
[13:28:42] (757/964) evaluated results/credit/natural/baselines.json
[13:28:43] (758/964) evaluated results/credit/synthetic/rl/window_k8/lam0.1_mu0.05_seed43.json
[13:28:43] (759/964) evaluated results/credit/synthetic/rl/window_k8/lam0.1_mu0.05_seed44.json
[13:28:43] (760/964) evaluated results/credit/synthetic/rl/window_k8/lam0.25_mu0.05_seed42.json
[13:28:43] (761/964) evaluated results/credit/synthetic/rl/window_k8/lam0.25_mu0.05_seed43.json
[13:28:43] (762/964) evaluated results/credit/synthetic/rl/window_k8/lam0.75_mu0.05_seed42.json
[13:28:43] (763/964) evaluated results/credit/synthetic/rl/window_k8/lam0.75_mu0.05_seed44.json
[13:28:43] (764/964) evaluated results/credit/synthetic/rl/window_k8/lam0.5_mu0.05_seed42.json
[13:28:43] (765/964) evaluated results/credit/synthetic/rl/window_k8/lam1_mu0.05_seed42.json
[13:28:43] (766/964) evaluated results/credit/synthetic/rl/window_k8/lam0.25_mu0.05_seed44.json
[13:28:43] (767/964) evaluated results/credit/synthetic/rl/window_k8/lam0.75_mu0.05_seed43.json
[13:28:43] (768/964) evaluated results/credit/synthetic/rl/window_k8/lam0.5_mu0.05_seed43.json
[13:28:43] (769/964) evaluated results/credit/synthetic/rl/window_k8/lam0.5_mu0.05_seed44.json
[13:28:43] (770/964) evaluated results/credit/synthetic/rl/window_k8/lam1_mu0.05_seed44.json
[13:28:43] (771/964) evaluated results/credit/synthetic/rl/window_k8/lam1.5_mu0.05_seed42.json
[13:28:43] (772/964) evaluated results/credit/synthetic/rl/window_k8/lam1.5_mu0.05_seed44.json
[13:28:44] (773/964) evaluated results/credit/synthetic/rl/window_k8/lam1_mu0.05_seed43.json
[13:28:44] (774/964) evaluated results/credit/synthetic/rl/window_k8/lam2_mu0.05_seed43.json
[13:28:44] (775/964) evaluated results/credit/synthetic/rl/window_k8/lam3_mu0.05_seed44.json
[13:28:44] (776/964) evaluated results/credit/synthetic/rl/window_k8/lam3_mu0.05_seed42.json
[13:28:44] (777/964) evaluated results/credit/synthetic/rl/window_k8/lam2_mu0.05_seed42.json
[13:28:44] (778/964) evaluated results/credit/synthetic/rl/window_k8/lam3_mu0.05_seed43.json
[13:28:44] (779/964) evaluated results/credit/synthetic/rl/window_k8/lam1.5_mu0.05_seed43.json
[13:28:44] (780/964) evaluated results/credit/synthetic/rl/window_k8/lam5_mu0.05_seed43.json
[13:28:44] (781/964) evaluated results/credit/synthetic/rl/window_k8/lam5_mu0.05_seed42.json
[13:28:44] (782/964) evaluated results/credit/synthetic/rl/window_k8/lam2_mu0.05_seed44.json
[13:28:44] (783/964) evaluated results/credit/synthetic/rl/window_k8/lam0.1_mu0.1_seed43.json
[13:28:44] (784/964) evaluated results/credit/synthetic/rl/window_k8/lam0_mu0.1_seed43.json
[13:28:44] (785/964) evaluated results/credit/synthetic/rl/window_k8/lam5_mu0.05_seed44.json
[13:28:44] (786/964) evaluated results/credit/synthetic/rl/window_k8/lam0_mu0.1_seed42.json
[13:28:44] (787/964) evaluated results/credit/synthetic/rl/window_k8/lam0.25_mu0.1_seed43.json
[13:28:44] (788/964) evaluated results/credit/synthetic/rl/window_k8/lam0.1_mu0.1_seed44.json
[13:28:44] (789/964) evaluated results/credit/synthetic/rl/window_k8/lam0.1_mu0.1_seed42.json
[13:28:45] (790/964) evaluated results/credit/synthetic/rl/window_k8/lam0_mu0.1_seed44.json
[13:28:45] (791/964) evaluated results/credit/synthetic/rl/window_k8/lam0.5_mu0.1_seed43.json
[13:28:45] (792/964) evaluated results/credit/synthetic/rl/window_k8/lam0.25_mu0.1_seed44.json
[13:28:45] (793/964) evaluated results/credit/synthetic/rl/window_k8/lam0.5_mu0.1_seed44.json
[13:28:45] (794/964) evaluated results/credit/synthetic/rl/window_k8/lam0.75_mu0.1_seed42.json
[13:28:45] (795/964) evaluated results/credit/synthetic/rl/window_k8/lam0.75_mu0.1_seed43.json
[13:28:45] (796/964) evaluated results/credit/synthetic/rl/window_k8/lam0.25_mu0.1_seed42.json
[13:28:45] (797/964) evaluated results/credit/synthetic/rl/window_k8/lam0.75_mu0.1_seed44.json
[13:28:45] (798/964) evaluated results/credit/synthetic/rl/window_k8/lam1_mu0.1_seed44.json
[13:28:45] (799/964) evaluated results/credit/synthetic/rl/window_k8/lam1_mu0.1_seed43.json
[13:28:45] (800/964) evaluated results/credit/synthetic/rl/window_k8/lam0.5_mu0.1_seed42.json
[13:28:46] (801/964) evaluated results/credit/synthetic/rl/window_k8/lam1_mu0.1_seed42.json
[13:28:46] (802/964) evaluated results/credit/synthetic/rl/window_k8/lam1.5_mu0.1_seed42.json
[13:28:46] (803/964) evaluated results/credit/synthetic/rl/window_k8/lam1.5_mu0.1_seed44.json
[13:28:46] (804/964) evaluated results/credit/synthetic/rl/window_k8/lam2_mu0.1_seed43.json
[13:28:46] (805/964) evaluated results/credit/synthetic/rl/window_k8/lam2_mu0.1_seed42.json
[13:28:46] (806/964) evaluated results/credit/synthetic/rl/window_k8/lam1.5_mu0.1_seed43.json
[13:28:46] (807/964) evaluated results/credit/synthetic/rl/window_k8/lam2_mu0.1_seed44.json
[13:28:46] (808/964) evaluated results/credit/synthetic/rl/window_k8/lam3_mu0.1_seed43.json
[13:28:46] (809/964) evaluated results/credit/synthetic/rl/window_k8/lam3_mu0.1_seed42.json
[13:28:47] (810/964) evaluated results/credit/synthetic/rl/window_k8/lam3_mu0.1_seed44.json
[13:28:47] (811/964) evaluated results/credit/synthetic/rl/window_k8/lam5_mu0.1_seed42.json
[13:28:47] (812/964) evaluated results/credit/synthetic/rl/window_k8/lam5_mu0.1_seed43.json
[13:28:47] (813/964) evaluated results/credit/synthetic/rl/window_k8/lam0_mu0.5_seed42.json
[13:28:48] (814/964) evaluated results/credit/synthetic/rl/window_k8/lam5_mu0.1_seed44.json
[13:28:48] (815/964) evaluated results/credit/synthetic/rl/window_k8/lam0_mu0.5_seed43.json
[13:28:48] (816/964) evaluated results/credit/synthetic/rl/window_k8/lam0_mu0.5_seed44.json
[13:28:49] (817/964) evaluated results/credit/synthetic/rl/window_k8/lam0.1_mu0.5_seed42.json
[13:28:49] (818/964) evaluated results/credit/synthetic/rl/window_k8/lam0.1_mu0.5_seed44.json
[13:28:49] (819/964) evaluated results/credit/synthetic/rl/window_k8/lam0.25_mu0.5_seed42.json
[13:28:49] (820/964) evaluated results/credit/synthetic/rl/window_k8/lam0.1_mu0.5_seed43.json
[13:28:49] (821/964) evaluated results/credit/synthetic/rl/window_k8/lam0.25_mu0.5_seed44.json
[13:28:49] (822/964) evaluated results/credit/synthetic/rl/window_k8/lam0.25_mu0.5_seed43.json
[13:28:50] (823/964) evaluated results/credit/synthetic/rl/window_k8/lam0.5_mu0.5_seed43.json
[13:28:50] (824/964) evaluated results/credit/synthetic/rl/window_k8/lam0.5_mu0.5_seed42.json
[13:28:50] (825/964) evaluated results/credit/synthetic/rl/window_k8/lam0.5_mu0.5_seed44.json
[13:28:50] (826/964) evaluated results/credit/synthetic/rl/window_k8/lam0.75_mu0.5_seed42.json
[13:28:50] (827/964) evaluated results/credit/synthetic/rl/window_k8/lam0.75_mu0.5_seed43.json
[13:28:50] (828/964) evaluated results/credit/synthetic/rl/window_k8/lam1_mu0.5_seed43.json
[13:28:50] (829/964) evaluated results/credit/synthetic/rl/window_k8/lam0.75_mu0.5_seed44.json
[13:28:50] (830/964) evaluated results/credit/synthetic/rl/window_k8/lam1_mu0.5_seed44.json
[13:28:50] (831/964) evaluated results/credit/synthetic/rl/window_k8/lam1.5_mu0.5_seed44.json
[13:28:50] (832/964) evaluated results/credit/synthetic/rl/window_k8/lam1.5_mu0.5_seed42.json
[13:28:50] (833/964) evaluated results/credit/synthetic/rl/window_k8/lam2_mu0.5_seed42.json
[13:28:50] (834/964) evaluated results/credit/synthetic/rl/window_k8/lam3_mu0.5_seed42.json
[13:28:50] (835/964) evaluated results/credit/synthetic/rl/window_k8/lam2_mu0.5_seed43.json
[13:28:51] (836/964) evaluated results/credit/synthetic/rl/window_k8/lam3_mu0.5_seed43.json
[13:28:51] (837/964) evaluated results/credit/synthetic/rl/window_k8/lam5_mu0.5_seed42.json
[13:28:51] (838/964) evaluated results/credit/synthetic/rl/window_k8/lam3_mu0.5_seed44.json
[13:28:51] (839/964) evaluated results/credit/synthetic/rl/window_k8/lam5_mu0.5_seed43.json
[13:28:51] (840/964) evaluated results/credit/synthetic/rl/none/lam0_mu0.01_seed42.json
[13:28:51] (841/964) evaluated results/credit/synthetic/rl/window_k8/lam1_mu0.5_seed42.json
[13:28:51] (842/964) evaluated results/credit/synthetic/rl/none/lam0_mu0.01_seed44.json
[13:28:51] (843/964) evaluated results/credit/synthetic/rl/none/lam0.1_mu0.01_seed42.json
[13:28:51] (844/964) evaluated results/credit/synthetic/rl/none/lam0.1_mu0.01_seed43.json
[13:28:51] (845/964) evaluated results/credit/synthetic/rl/none/lam0.25_mu0.01_seed43.json
[13:28:51] (846/964) evaluated results/credit/synthetic/rl/window_k8/lam1.5_mu0.5_seed43.json
[13:28:51] (847/964) evaluated results/credit/synthetic/rl/none/lam0.1_mu0.01_seed44.json
[13:28:51] (848/964) evaluated results/credit/synthetic/rl/none/lam0.25_mu0.01_seed44.json
[13:28:51] (849/964) evaluated results/credit/synthetic/rl/window_k8/lam2_mu0.5_seed44.json
[13:28:51] (850/964) evaluated results/credit/synthetic/rl/none/lam0.5_mu0.01_seed42.json
[13:28:51] (851/964) evaluated results/credit/synthetic/rl/window_k8/lam5_mu0.5_seed44.json
[13:28:52] (852/964) evaluated results/credit/synthetic/rl/none/lam0.5_mu0.01_seed43.json
[13:28:52] (853/964) evaluated results/credit/synthetic/rl/none/lam0.75_mu0.01_seed43.json
[13:28:52] (854/964) evaluated results/credit/synthetic/rl/none/lam0.75_mu0.01_seed42.json
[13:28:52] (855/964) evaluated results/credit/synthetic/rl/none/lam0.5_mu0.01_seed44.json
[13:28:52] (856/964) evaluated results/credit/synthetic/rl/none/lam0_mu0.01_seed43.json
[13:28:52] (857/964) evaluated results/credit/synthetic/rl/none/lam1_mu0.01_seed44.json
[13:28:52] (858/964) evaluated results/credit/synthetic/rl/none/lam0.25_mu0.01_seed42.json
[13:28:52] (859/964) evaluated results/credit/synthetic/rl/none/lam0.75_mu0.01_seed44.json
[13:28:52] (860/964) evaluated results/credit/synthetic/rl/none/lam1_mu0.01_seed43.json
[13:28:52] (861/964) evaluated results/credit/synthetic/rl/none/lam1.5_mu0.01_seed44.json
[13:28:52] (862/964) evaluated results/credit/synthetic/rl/none/lam2_mu0.01_seed43.json
[13:28:52] (863/964) evaluated results/credit/synthetic/rl/none/lam1_mu0.01_seed42.json
[13:28:52] (864/964) evaluated results/credit/synthetic/rl/none/lam2_mu0.01_seed44.json
[13:28:53] (865/964) evaluated results/credit/synthetic/rl/none/lam3_mu0.01_seed42.json
[13:28:53] (866/964) evaluated results/credit/synthetic/rl/none/lam3_mu0.01_seed43.json
[13:28:53] (867/964) evaluated results/credit/synthetic/rl/none/lam1.5_mu0.01_seed42.json
[13:28:53] (868/964) evaluated results/credit/synthetic/rl/none/lam1.5_mu0.01_seed43.json
[13:28:53] (869/964) evaluated results/credit/synthetic/rl/none/lam5_mu0.01_seed42.json
[13:28:53] (870/964) evaluated results/credit/synthetic/rl/none/lam5_mu0.01_seed43.json
[13:28:53] (871/964) evaluated results/credit/synthetic/rl/none/lam2_mu0.01_seed42.json
[13:28:53] (872/964) evaluated results/credit/synthetic/rl/none/lam0_mu0.05_seed42.json
[13:28:53] (873/964) evaluated results/credit/synthetic/rl/none/lam5_mu0.01_seed44.json
[13:28:53] (874/964) evaluated results/credit/synthetic/rl/none/lam3_mu0.01_seed44.json
[13:28:54] (875/964) evaluated results/credit/synthetic/rl/none/lam0_mu0.05_seed43.json
[13:28:54] (876/964) evaluated results/credit/synthetic/rl/none/lam0_mu0.05_seed44.json
[13:28:54] (877/964) evaluated results/credit/synthetic/rl/none/lam0.1_mu0.05_seed43.json
[13:28:55] (878/964) evaluated results/credit/synthetic/rl/none/lam0.1_mu0.05_seed44.json
[13:28:55] (879/964) evaluated results/credit/synthetic/rl/none/lam0.1_mu0.05_seed42.json
[13:28:55] (880/964) evaluated results/credit/synthetic/rl/none/lam0.25_mu0.05_seed42.json
[13:28:55] (881/964) evaluated results/credit/synthetic/rl/none/lam0.25_mu0.05_seed43.json
[13:28:56] (882/964) evaluated results/credit/synthetic/rl/none/lam0.25_mu0.05_seed44.json
[13:28:56] (883/964) evaluated results/credit/synthetic/rl/none/lam0.5_mu0.05_seed42.json
[13:28:56] (884/964) evaluated results/credit/synthetic/rl/none/lam0.5_mu0.05_seed44.json
[13:28:56] (885/964) evaluated results/credit/synthetic/rl/none/lam0.5_mu0.05_seed43.json
[13:28:56] (886/964) evaluated results/credit/synthetic/rl/none/lam0.75_mu0.05_seed42.json
[13:28:56] (887/964) evaluated results/credit/synthetic/rl/none/lam0.75_mu0.05_seed43.json
[13:28:57] (888/964) evaluated results/credit/synthetic/rl/none/lam1_mu0.05_seed43.json
[13:28:57] (889/964) evaluated results/credit/synthetic/rl/none/lam1_mu0.05_seed44.json
[13:28:57] (890/964) evaluated results/credit/synthetic/rl/none/lam1_mu0.05_seed42.json
[13:28:57] (891/964) evaluated results/credit/synthetic/rl/none/lam1.5_mu0.05_seed43.json
[13:28:57] (892/964) evaluated results/credit/synthetic/rl/none/lam2_mu0.05_seed43.json
[13:28:57] (893/964) evaluated results/credit/synthetic/rl/none/lam0.75_mu0.05_seed44.json
[13:28:57] (894/964) evaluated results/credit/synthetic/rl/none/lam1.5_mu0.05_seed44.json
[13:28:57] (895/964) evaluated results/credit/synthetic/rl/none/lam2_mu0.05_seed44.json
[13:28:57] (896/964) evaluated results/credit/synthetic/rl/none/lam5_mu0.05_seed44.json
[13:28:57] (897/964) evaluated results/credit/synthetic/rl/none/lam3_mu0.05_seed43.json
[13:28:57] (898/964) evaluated results/credit/synthetic/rl/none/lam5_mu0.05_seed43.json
[13:28:58] (899/964) evaluated results/credit/synthetic/rl/none/lam0_mu0.1_seed43.json
[13:28:58] (900/964) evaluated results/credit/synthetic/rl/none/lam3_mu0.05_seed42.json
[13:28:58] (901/964) evaluated results/credit/synthetic/rl/none/lam0.1_mu0.1_seed43.json
[13:28:58] (902/964) evaluated results/credit/synthetic/rl/none/lam0_mu0.1_seed42.json
[13:28:58] (903/964) evaluated results/credit/synthetic/rl/none/lam2_mu0.05_seed42.json
[13:28:58] (904/964) evaluated results/credit/synthetic/rl/none/lam5_mu0.05_seed42.json
[13:28:58] (905/964) evaluated results/credit/synthetic/rl/none/lam0.1_mu0.1_seed42.json
[13:28:58] (906/964) evaluated results/credit/synthetic/rl/none/lam0.25_mu0.1_seed42.json
[13:28:58] (907/964) evaluated results/credit/synthetic/rl/none/lam0.25_mu0.1_seed43.json
[13:28:58] (908/964) evaluated results/credit/synthetic/rl/none/lam0_mu0.1_seed44.json
[13:28:58] (909/964) evaluated results/credit/synthetic/rl/none/lam0.25_mu0.1_seed44.json
[13:28:58] (910/964) evaluated results/credit/synthetic/rl/none/lam0.5_mu0.1_seed43.json
[13:28:58] (911/964) evaluated results/credit/synthetic/rl/none/lam1.5_mu0.05_seed42.json
[13:28:58] (912/964) evaluated results/credit/synthetic/rl/none/lam3_mu0.05_seed44.json
[13:28:58] (913/964) evaluated results/credit/synthetic/rl/none/lam0.75_mu0.1_seed42.json
[13:28:58] (914/964) evaluated results/credit/synthetic/rl/none/lam0.1_mu0.1_seed44.json
[13:28:58] (915/964) evaluated results/credit/synthetic/rl/none/lam0.5_mu0.1_seed42.json
[13:28:59] (916/964) evaluated results/credit/synthetic/rl/none/lam1_mu0.1_seed43.json
[13:28:59] (917/964) evaluated results/credit/synthetic/rl/none/lam0.75_mu0.1_seed43.json
[13:28:59] (918/964) evaluated results/credit/synthetic/rl/none/lam1_mu0.1_seed44.json
[13:28:59] (919/964) evaluated results/credit/synthetic/rl/none/lam0.75_mu0.1_seed44.json
[13:28:59] (920/964) evaluated results/credit/synthetic/rl/none/lam1.5_mu0.1_seed42.json
[13:28:59] (921/964) evaluated results/credit/synthetic/rl/none/lam1_mu0.1_seed42.json
[13:28:59] (922/964) evaluated results/credit/synthetic/rl/none/lam0.5_mu0.1_seed44.json
[13:28:59] (923/964) evaluated results/credit/synthetic/rl/none/lam1.5_mu0.1_seed44.json
[13:28:59] (924/964) evaluated results/credit/synthetic/rl/none/lam1.5_mu0.1_seed43.json
[13:28:59] (925/964) evaluated results/credit/synthetic/rl/none/lam2_mu0.1_seed44.json
[13:28:59] (926/964) evaluated results/credit/synthetic/rl/none/lam2_mu0.1_seed42.json
[13:28:59] (927/964) evaluated results/credit/synthetic/rl/none/lam3_mu0.1_seed42.json
[13:28:59] (928/964) evaluated results/credit/synthetic/rl/none/lam3_mu0.1_seed43.json
[13:28:59] (929/964) evaluated results/credit/synthetic/rl/none/lam3_mu0.1_seed44.json
[13:29:00] (930/964) evaluated results/credit/synthetic/rl/none/lam2_mu0.1_seed43.json
[13:29:00] (931/964) evaluated results/credit/synthetic/rl/none/lam5_mu0.1_seed43.json
[13:29:00] (932/964) evaluated results/credit/synthetic/rl/none/lam5_mu0.1_seed42.json
[13:29:00] (933/964) evaluated results/credit/synthetic/rl/none/lam5_mu0.1_seed44.json
[13:29:00] (934/964) evaluated results/credit/synthetic/rl/none/lam0_mu0.5_seed42.json
[13:29:00] (935/964) evaluated results/credit/synthetic/rl/none/lam0_mu0.5_seed43.json
[13:29:00] (936/964) evaluated results/credit/synthetic/rl/none/lam0_mu0.5_seed44.json
[13:29:00] (937/964) evaluated results/credit/synthetic/rl/none/lam0.1_mu0.5_seed42.json
[13:29:00] (938/964) evaluated results/credit/synthetic/rl/none/lam0.1_mu0.5_seed43.json
[13:29:01] (939/964) evaluated results/credit/synthetic/rl/none/lam0.1_mu0.5_seed44.json
[13:29:01] (940/964) evaluated results/credit/synthetic/rl/none/lam0.25_mu0.5_seed42.json
[13:29:01] (941/964) evaluated results/credit/synthetic/rl/none/lam0.25_mu0.5_seed43.json
[13:29:01] (942/964) evaluated results/credit/synthetic/rl/none/lam0.25_mu0.5_seed44.json
[13:29:02] (943/964) evaluated results/credit/synthetic/rl/none/lam0.5_mu0.5_seed42.json
[13:29:02] (944/964) evaluated results/credit/synthetic/rl/none/lam0.5_mu0.5_seed43.json
[13:29:02] (945/964) evaluated results/credit/synthetic/rl/none/lam0.75_mu0.5_seed42.json
[13:29:02] (946/964) evaluated results/credit/synthetic/rl/none/lam0.5_mu0.5_seed44.json
[13:29:02] (947/964) evaluated results/credit/synthetic/rl/none/lam0.75_mu0.5_seed43.json
[13:29:03] (948/964) evaluated results/credit/synthetic/rl/none/lam0.75_mu0.5_seed44.json
[13:29:03] (949/964) evaluated results/credit/synthetic/rl/none/lam1_mu0.5_seed42.json
[13:29:03] (950/964) evaluated results/credit/synthetic/rl/none/lam1_mu0.5_seed43.json
[13:29:03] (951/964) evaluated results/credit/synthetic/rl/none/lam1.5_mu0.5_seed42.json
[13:29:03] (952/964) evaluated results/credit/synthetic/rl/none/lam1_mu0.5_seed44.json
[13:29:03] (953/964) evaluated results/credit/synthetic/rl/none/lam1.5_mu0.5_seed43.json
[13:29:03] (954/964) evaluated results/credit/synthetic/rl/none/lam2_mu0.5_seed43.json
[13:29:03] (955/964) evaluated results/credit/synthetic/rl/none/lam2_mu0.5_seed42.json
[13:29:03] (956/964) evaluated results/credit/synthetic/rl/none/lam1.5_mu0.5_seed44.json
[13:29:03] (957/964) evaluated results/credit/synthetic/rl/none/lam3_mu0.5_seed42.json
[13:29:03] (958/964) evaluated results/credit/synthetic/rl/none/lam2_mu0.5_seed44.json
[13:29:04] (959/964) evaluated results/credit/synthetic/rl/none/lam3_mu0.5_seed43.json
[13:29:04] (960/964) evaluated results/credit/synthetic/rl/none/lam5_mu0.5_seed42.json
[13:29:04] (961/964) evaluated results/credit/synthetic/rl/none/lam5_mu0.5_seed43.json
[13:29:04] (962/964) evaluated results/credit/synthetic/rl/none/lam3_mu0.5_seed44.json
[13:29:04] (963/964) evaluated results/credit/synthetic/rl/none/lam5_mu0.5_seed44.json
[13:29:08] (964/964) evaluated results/credit/synthetic/baselines.json
[Sun Sep 27 13:29:11 +03 2026] aggregating

=== Adult Income (XGBoost + SHAP) / natural attacker ===
                   strategy            type  Adversary Error (Security) ↑  Explanation Distortion ↓  Spearman's ρ ↑  Top-3 Agreement ↑
                 No Defense Static Baseline                      0.234488                  0.000000        1.000000           1.000000
                Top-K (k=3) Static Baseline                      0.243808                  0.147416        0.941124           1.000000
   Gaussian Noise (lvl=0.5) Static Baseline                      0.252051                  1.068754        0.590057           0.721111
Precision Reduction (2 dec) Static Baseline                      0.234272                  0.006202        0.998184           0.994889
      Random Subset (p=0.5) Static Baseline                      0.275823                  0.588273        0.557506           0.547111
                      PRADA           PRADA                      0.234488                  0.000000        1.000000           1.000000
                    adversary_error           distortion            spearman                top3          
                               mean       std       mean       std      mean       std      mean       std
history mu   lambda                                                                                       
none    0.01 0.00          0.234472  0.000027   0.000020  0.000035  1.000000  0.000000  1.000000  0.000000
             0.10          0.252413  0.021016   0.049319  0.039303  0.963949  0.031968  0.981037  0.012884
             0.25          0.273857  0.019929   0.093131  0.038427  0.927746  0.031982  0.967630  0.014397
             0.50          0.281296  0.019750   0.169435  0.080147  0.887251  0.052826  0.937333  0.024778
             0.75          0.290481  0.013721   0.290361  0.059960  0.819073  0.043229  0.895704  0.014127
             1.00          0.291171  0.014635   0.418176  0.046553  0.756698  0.039585  0.861259  0.010121
             1.50          0.295195  0.012656   0.588365  0.094024  0.680610  0.054260  0.822370  0.020198
             2.00          0.294341  0.006643   0.702289  0.197115  0.635594  0.083919  0.796000  0.040345
             3.00          0.283139  0.009523   0.760206  0.242074  0.626463  0.100191  0.795259  0.044285
             5.00          0.267509  0.007406   0.545746  0.204846  0.722349  0.096169  0.826889  0.053395
        0.05 0.00          0.234488  0.000000   0.000000  0.000000  1.000000  0.000000  1.000000  0.000000
             0.10          0.234927  0.000699   0.000693  0.001004  0.999848  0.000232  0.999556  0.000588
             0.25          0.238027  0.004970   0.014272  0.015918  0.991657  0.009777  0.992889  0.005791
             0.50          0.257003  0.016360   0.055917  0.027679  0.958616  0.022340  0.978148  0.010483
             0.75          0.269604  0.016417   0.079053  0.026617  0.937511  0.024529  0.971778  0.010164
             1.00          0.271653  0.016880   0.081264  0.025513  0.935073  0.024376  0.970370  0.009941
             1.50          0.274598  0.018108   0.100867  0.037605  0.924597  0.031920  0.962815  0.014211
             2.00          0.276264  0.012588   0.155876  0.050938  0.898743  0.034553  0.941037  0.017152
             3.00          0.276371  0.005447   0.365758  0.160506  0.798832  0.076859  0.876444  0.048228
             5.00          0.257802  0.006333   0.369753  0.105992  0.811657  0.052011  0.875852  0.021565
        0.10 0.00          0.234488  0.000000   0.000000  0.000000  1.000000  0.000000  1.000000  0.000000
             0.10          0.234630  0.000246   0.000164  0.000283  0.999975  0.000044  1.000000  0.000000
             0.25          0.234495  0.000012   0.000153  0.000266  0.999924  0.000132  0.999852  0.000257
             0.50          0.236263  0.003184   0.011639  0.011675  0.992978  0.006826  0.994148  0.003786
             0.75          0.245660  0.007358   0.037319  0.018856  0.976762  0.012200  0.985259  0.007060
             1.00          0.255245  0.012910   0.052917  0.022773  0.961295  0.018118  0.979333  0.008327
             1.50          0.265259  0.017238   0.071867  0.027790  0.945041  0.025356  0.974148  0.010013
             2.00          0.270099  0.015985   0.085763  0.031145  0.935378  0.026008  0.969037  0.012579
             3.00          0.268078  0.004733   0.128476  0.046332  0.919200  0.026414  0.950148  0.020787
             5.00          0.259219  0.007250   0.342111  0.029197  0.823644  0.017048  0.888222  0.001899
        0.50 0.00          0.234488  0.000000   0.000000  0.000000  1.000000  0.000000  1.000000  0.000000
             0.10          0.234488  0.000000   0.000000  0.000000  1.000000  0.000000  1.000000  0.000000
             0.25          0.234488  0.000000   0.000000  0.000000  1.000000  0.000000  1.000000  0.000000
             0.50          0.234488  0.000000   0.000000  0.000000  1.000000  0.000000  1.000000  0.000000
             0.75          0.234488  0.000000   0.000000  0.000000  1.000000  0.000000  1.000000  0.000000
             1.00          0.234488  0.000000   0.000000  0.000000  1.000000  0.000000  1.000000  0.000000
             1.50          0.234438  0.000086   0.000146  0.000253  0.999937  0.000110  0.999778  0.000385
             2.00          0.234509  0.000037   0.001948  0.003374  0.998844  0.002001  0.998296  0.002951
             3.00          0.240748  0.010123   0.020632  0.029561  0.986908  0.018978  0.991926  0.010542
             5.00          0.244208  0.003624   0.031921  0.014127  0.980711  0.008645  0.985111  0.003318
window  0.01 0.00          0.236054  0.002445   0.003636  0.002851  0.997803  0.001993  0.998148  0.001224
             0.10          0.256764  0.003734   0.215498  0.006602  0.888952  0.009304  0.930000  0.002667
             0.25          0.270165  0.004459   0.445998  0.084168  0.782679  0.043356  0.882963  0.019859
             0.50          0.276292  0.003211   0.594387  0.129658  0.722705  0.063675  0.854815  0.026674
             0.75          0.278337  0.001826   0.665479  0.132885  0.694832  0.065902  0.843481  0.025855
             1.00          0.279542  0.002045   0.680429  0.132071  0.687606  0.065709  0.839556  0.026951
             1.50          0.281683  0.001661   0.696020  0.111859  0.684940  0.056000  0.836889  0.023546
             2.00          0.282246  0.002019   0.680033  0.081054  0.688952  0.043585  0.836370  0.016148
             3.00          0.277177  0.007069   0.643922  0.078531  0.696483  0.034429  0.836815  0.016956
             5.00          0.285351  0.005810   0.731191  0.096353  0.657587  0.040327  0.824741  0.010626
        0.05 0.00          0.234451  0.000171   0.000720  0.000532  0.999505  0.000202  0.999407  0.000257
             0.10          0.238736  0.002456   0.018529  0.012583  0.988749  0.009656  0.992444  0.004326
             0.25          0.245649  0.003563   0.072537  0.005139  0.959987  0.006843  0.972889  0.004683
             0.50          0.257585  0.004454   0.183046  0.039746  0.902616  0.025709  0.941185  0.013006
             0.75          0.261239  0.005097   0.293506  0.074780  0.852330  0.043852  0.915778  0.021001
             1.00          0.265066  0.004393   0.376276  0.096885  0.814019  0.055089  0.897704  0.025858
             1.50          0.271532  0.002998   0.466230  0.092957  0.773587  0.049885  0.875630  0.023455
             2.00          0.274712  0.002853   0.507425  0.079202  0.759048  0.041919  0.866222  0.020009
             3.00          0.268194  0.006703   0.483439  0.092854  0.764343  0.040796  0.866074  0.016424
             5.00          0.281306  0.006756   0.653959  0.121033  0.689981  0.053041  0.838296  0.019199
        0.10 0.00          0.234707  0.000335   0.000720  0.000261  0.999505  0.000495  0.999778  0.000222
             0.10          0.234926  0.000315   0.004148  0.002257  0.997600  0.001983  0.997926  0.001480
             0.25          0.237739  0.000634   0.018449  0.007998  0.989422  0.006933  0.991926  0.003984
             0.50          0.245613  0.004876   0.060904  0.015265  0.965943  0.010039  0.976074  0.007560
             0.75          0.251931  0.006580   0.116982  0.033076  0.935771  0.022248  0.959259  0.011802
             1.00          0.253566  0.008763   0.160684  0.055320  0.912787  0.037120  0.944667  0.017848
             1.50          0.261160  0.006017   0.270014  0.075462  0.861041  0.042887  0.919926  0.020190
             2.00          0.265019  0.005511   0.346977  0.093217  0.826146  0.049610  0.901926  0.024386
             3.00          0.266358  0.009611   0.422603  0.098410  0.793867  0.052770  0.883630  0.021196
             5.00          0.275302  0.006026   0.532702  0.090259  0.744076  0.042251  0.860667  0.017258
        0.50 0.00          0.234490  0.000004   0.000080  0.000138  0.999784  0.000374  0.999852  0.000257
             0.10          0.234471  0.000029   0.000086  0.000100  0.999924  0.000076  1.000000  0.000000
             0.25          0.234526  0.000016   0.000561  0.000241  0.999352  0.000429  0.999630  0.000128
             0.50          0.234916  0.000377   0.002813  0.001676  0.998133  0.001559  0.998519  0.001050
             0.75          0.235789  0.000245   0.005987  0.003499  0.996483  0.002897  0.997259  0.001782
             1.00          0.237653  0.000590   0.011929  0.006053  0.992762  0.004410  0.994815  0.002651
             1.50          0.241320  0.003929   0.026140  0.014845  0.984356  0.009523  0.989630  0.005535
             2.00          0.244484  0.005746   0.038224  0.018557  0.977448  0.012021  0.984444  0.007711
             3.00          0.246511  0.007983   0.062455  0.032610  0.962629  0.021426  0.976074  0.010810
             5.00          0.251222  0.010074   0.137066  0.055037  0.922235  0.033510  0.950148  0.018737
 -> saved figures/adult_natural_mu0.01_lambda_sweep.png
 -> saved figures/adult_natural_mu0.01_none_tradeoff.png
 -> saved figures/adult_natural_mu0.01_window_tradeoff.png
 -> saved figures/adult_natural_mu0.05_lambda_sweep.png
 -> saved figures/adult_natural_mu0.05_none_tradeoff.png
 -> saved figures/adult_natural_mu0.05_window_tradeoff.png
 -> saved figures/adult_natural_mu0.1_lambda_sweep.png
 -> saved figures/adult_natural_mu0.1_none_tradeoff.png
 -> saved figures/adult_natural_mu0.1_window_tradeoff.png
 -> saved figures/adult_natural_mu0.5_lambda_sweep.png
 -> saved figures/adult_natural_mu0.5_none_tradeoff.png
 -> saved figures/adult_natural_mu0.5_window_tradeoff.png

=== Adult Income (XGBoost + SHAP) / synthetic attacker ===
                   strategy            type  Adversary Error (Security) ↑  Explanation Distortion ↓  Spearman's ρ ↑  Top-3 Agreement ↑
                 No Defense Static Baseline                      0.125890                  0.000000        1.000000           1.000000
                Top-K (k=3) Static Baseline                      0.124441                  0.117767        0.941124           1.000000
   Gaussian Noise (lvl=0.5) Static Baseline                      0.143163                  0.772199        0.668838           0.736000
Precision Reduction (2 dec) Static Baseline                      0.126712                  0.004431        0.998427           0.992667
      Random Subset (p=0.5) Static Baseline                      0.180752                  0.590456        0.499838           0.545778
                      PRADA           PRADA                      0.210135                  1.491929        0.196419           0.677333
                    adversary_error               distortion            spearman                top3          
                               mean           std       mean       std      mean       std      mean       std
history mu   lambda                                                                                           
none    0.01 0.00          0.125890  0.000000e+00   0.000000  0.000000  1.000000  0.000000  1.000000  0.000000
             0.10          0.130186  6.896668e-03   0.018410  0.030320  0.989956  0.017101  0.991481  0.013992
             0.25          0.156825  2.688729e-02   0.078279  0.068324  0.945486  0.047391  0.971778  0.025305
             0.50          0.170376  3.096366e-02   0.125226  0.057608  0.914641  0.047873  0.952667  0.011581
             0.75          0.188599  1.625347e-02   0.188994  0.016211  0.872406  0.016235  0.927111  0.008575
             1.00          0.189828  1.151670e-02   0.244420  0.045190  0.846286  0.022123  0.906889  0.018897
             1.50          0.198185  1.047685e-02   0.380134  0.138532  0.779619  0.064361  0.871037  0.032430
             2.00          0.194882  3.555920e-03   0.473027  0.275023  0.743149  0.111456  0.846296  0.061446
             3.00          0.205552  1.264318e-02   0.491129  0.176005  0.712521  0.076314  0.844148  0.037089
             5.00          0.187198  1.883774e-02   0.368887  0.205155  0.795746  0.102398  0.872519  0.068002
        0.05 0.00          0.125890  0.000000e+00   0.000000  0.000000  1.000000  0.000000  1.000000  0.000000
             0.10          0.125890  0.000000e+00   0.000000  0.000000  1.000000  0.000000  1.000000  0.000000
             0.25          0.125939  7.713655e-05   0.000072  0.000115  0.999987  0.000022  1.000000  0.000000
             0.50          0.132501  6.674041e-03   0.026627  0.025971  0.985651  0.012590  0.988296  0.011253
             0.75          0.146950  2.162302e-02   0.057842  0.052726  0.961308  0.036127  0.977778  0.019495
             1.00          0.156712  2.691662e-02   0.075400  0.065900  0.947111  0.046089  0.973259  0.023413
             1.50          0.160249  2.576723e-02   0.094867  0.057557  0.940724  0.043905  0.963333  0.017818
             2.00          0.162426  1.328727e-02   0.123431  0.022193  0.926083  0.015275  0.944889  0.003471
             3.00          0.186032  1.193426e-02   0.253587  0.100065  0.846997  0.050425  0.903556  0.038136
             5.00          0.176826  2.084656e-02   0.276825  0.104200  0.843568  0.057723  0.887333  0.043793
        0.10 0.00          0.125890  0.000000e+00   0.000000  0.000000  1.000000  0.000000  1.000000  0.000000
             0.10          0.125890  0.000000e+00   0.000000  0.000000  1.000000  0.000000  1.000000  0.000000
             0.25          0.125890  0.000000e+00   0.000000  0.000000  1.000000  0.000000  1.000000  0.000000
             0.50          0.126212  2.944970e-04   0.000494  0.000769  0.999924  0.000132  0.999852  0.000257
             0.75          0.128121  1.942577e-03   0.009249  0.008059  0.995873  0.003596  0.996000  0.003492
             1.00          0.132971  7.913058e-03   0.025241  0.028460  0.985537  0.014002  0.988741  0.012899
             1.50          0.141189  1.377907e-02   0.049094  0.043228  0.969994  0.027631  0.979778  0.017592
             2.00          0.146786  1.960113e-02   0.061815  0.053982  0.961740  0.033673  0.974963  0.021684
             3.00          0.148740  2.675637e-03   0.087482  0.015371  0.955594  0.006086  0.962889  0.010984
             5.00          0.178144  2.133474e-02   0.237634  0.011207  0.862857  0.017044  0.909259  0.014460
        0.50 0.00          0.125890  0.000000e+00   0.000000  0.000000  1.000000  0.000000  1.000000  0.000000
             0.10          0.125890  0.000000e+00   0.000000  0.000000  1.000000  0.000000  1.000000  0.000000
             0.25          0.125890  0.000000e+00   0.000000  0.000000  1.000000  0.000000  1.000000  0.000000
             0.50          0.125890  0.000000e+00   0.000000  0.000000  1.000000  0.000000  1.000000  0.000000
             0.75          0.125890  0.000000e+00   0.000000  0.000000  1.000000  0.000000  1.000000  0.000000
             1.00          0.125890  0.000000e+00   0.000000  0.000000  1.000000  0.000000  1.000000  0.000000
             1.50          0.125890  0.000000e+00   0.000000  0.000000  1.000000  0.000000  1.000000  0.000000
             2.00          0.125929  6.632556e-05   0.000061  0.000106  1.000000  0.000000  1.000000  0.000000
             3.00          0.126434  8.588346e-04   0.002171  0.003670  0.998870  0.001957  0.998963  0.001608
             5.00          0.129494  3.001293e-03   0.013656  0.011621  0.994832  0.004587  0.993704  0.005508
window  0.01 0.00          0.125957  1.045817e-04   0.000729  0.000751  0.999556  0.000673  0.999556  0.000588
             0.10          0.136400  5.376445e-03   0.116562  0.024696  0.936000  0.011672  0.949926  0.006022
             0.25          0.158687  2.015596e-02   0.328676  0.066454  0.821562  0.044318  0.890370  0.019819
             0.50          0.166651  2.453767e-02   0.417227  0.063638  0.780457  0.045303  0.872222  0.019590
             0.75          0.172040  2.632980e-02   0.486852  0.075604  0.746362  0.046206  0.855704  0.026325
             1.00          0.174239  2.581998e-02   0.554469  0.107084  0.713778  0.052721  0.841037  0.035308
             1.50          0.178620  2.618755e-02   0.550347  0.123167  0.720838  0.061043  0.845704  0.042436
             2.00          0.179019  2.238414e-02   0.526126  0.129931  0.735746  0.062142  0.851481  0.044777
             3.00          0.173606  2.003068e-02   0.448002  0.174566  0.779721  0.079100  0.868222  0.047985
             5.00          0.187865  1.047660e-02   0.559764  0.260572  0.726476  0.111927  0.852667  0.060227
        0.05 0.00          0.125890  8.407283e-07   0.000033  0.000057  1.000000  0.000000  1.000000  0.000000
             0.10          0.126300  2.458439e-04   0.002958  0.001976  0.998578  0.000778  0.998593  0.001224
             0.25          0.128689  6.710659e-04   0.019262  0.002693  0.989575  0.001879  0.989852  0.001850
             0.50          0.136921  9.889586e-03   0.090189  0.042406  0.952927  0.020476  0.964370  0.012793
             0.75          0.147350  1.420781e-02   0.164478  0.061146  0.911606  0.032512  0.939407  0.017307
             1.00          0.153045  1.746943e-02   0.236823  0.054703  0.876343  0.034349  0.919630  0.018744
             1.50          0.164098  2.088592e-02   0.344833  0.067738  0.820559  0.043511  0.891852  0.027162
             2.00          0.170699  2.297722e-02   0.379602  0.054981  0.805524  0.033853  0.885481  0.028838
             3.00          0.155329  1.127881e-02   0.276854  0.079805  0.868419  0.033361  0.910148  0.026790
             5.00          0.181388  9.417771e-03   0.479355  0.315709  0.766895  0.142212  0.871037  0.075261
        0.10 0.00          0.125883  1.340598e-05   0.000060  0.000056  1.000000  0.000000  1.000000  0.000000
             0.10          0.125951  1.031326e-04   0.000307  0.000318  0.999810  0.000238  0.999778  0.000222
             0.25          0.126240  2.958002e-04   0.002223  0.001792  0.998908  0.000881  0.999037  0.000642
             0.50          0.127665  8.521195e-04   0.014052  0.008014  0.993181  0.003563  0.993630  0.003572
             0.75          0.130688  4.031263e-03   0.037844  0.020466  0.980825  0.009860  0.983630  0.006646
             1.00          0.132881  4.089329e-03   0.064890  0.019044  0.965765  0.010077  0.973185  0.007583
             1.50          0.145018  1.169843e-02   0.158469  0.053371  0.915848  0.031281  0.942815  0.016427
             2.00          0.154465  1.717910e-02   0.250163  0.038114  0.871352  0.027054  0.916074  0.017426
             3.00          0.154458  1.233462e-02   0.262012  0.075057  0.871898  0.031095  0.915333  0.027223
             5.00          0.166677  7.572381e-03   0.297786  0.173323  0.857968  0.069491  0.911926  0.046541
        0.50 0.00          0.125890  0.000000e+00   0.000000  0.000000  1.000000  0.000000  1.000000  0.000000
             0.10          0.125890  0.000000e+00   0.000000  0.000000  1.000000  0.000000  1.000000  0.000000
             0.25          0.125890  1.028235e-08   0.000001  0.000002  1.000000  0.000000  1.000000  0.000000
             0.50          0.125932  6.698668e-05   0.000247  0.000181  0.999797  0.000233  0.999926  0.000128
             0.75          0.125992  9.044440e-05   0.000396  0.000394  0.999733  0.000250  0.999852  0.000128
             1.00          0.126034  1.323016e-04   0.000649  0.000615  0.999797  0.000210  1.000000  0.000000
             1.50          0.126385  4.904833e-04   0.002483  0.001560  0.999225  0.000442  0.999111  0.000385
             2.00          0.126686  3.967937e-04   0.003526  0.001230  0.998197  0.000756  0.998593  0.000257
             3.00          0.128318  2.009826e-03   0.012936  0.004875  0.993206  0.002256  0.994222  0.002906
             5.00          0.131065  2.827038e-03   0.044643  0.008226  0.978476  0.005043  0.983185  0.003786
 -> saved figures/adult_synthetic_mu0.01_lambda_sweep.png
 -> saved figures/adult_synthetic_mu0.01_none_tradeoff.png
 -> saved figures/adult_synthetic_mu0.01_window_tradeoff.png
 -> saved figures/adult_synthetic_mu0.05_lambda_sweep.png
 -> saved figures/adult_synthetic_mu0.05_none_tradeoff.png
 -> saved figures/adult_synthetic_mu0.05_window_tradeoff.png
 -> saved figures/adult_synthetic_mu0.1_lambda_sweep.png
 -> saved figures/adult_synthetic_mu0.1_none_tradeoff.png
 -> saved figures/adult_synthetic_mu0.1_window_tradeoff.png
 -> saved figures/adult_synthetic_mu0.5_lambda_sweep.png
 -> saved figures/adult_synthetic_mu0.5_none_tradeoff.png
 -> saved figures/adult_synthetic_mu0.5_window_tradeoff.png

=== Credit Card (DNN + LIME) / natural attacker ===
                   strategy            type  Adversary Error (Security) ↑  Explanation Distortion ↓  Spearman's ρ ↑  Top-3 Agreement ↑
                 No Defense Static Baseline                      0.086625                  0.000000        1.000000           1.000000
                Top-K (k=3) Static Baseline                      0.082223                  0.763247        0.528731           1.000000
   Gaussian Noise (lvl=0.5) Static Baseline                      0.081166                  0.706366        0.796677           0.525556
Precision Reduction (2 dec) Static Baseline                      0.085093                  0.564275        0.772782           0.443778
      Random Subset (p=0.5) Static Baseline                      0.093263                  0.697717        0.646930           0.498667
                      PRADA           PRADA                      0.086625                  0.000000        1.000000           1.000000
                    adversary_error           distortion            spearman                top3          
                               mean       std       mean       std      mean       std      mean       std
history mu   lambda                                                                                       
none    0.01 0.00          0.086535  0.000154   0.002483  0.002213  0.998970  0.001172  0.998370  0.001513
             0.10          0.086503  0.000463   0.048715  0.029450  0.981637  0.013820  0.968444  0.020871
             0.25          0.086783  0.000716   0.102005  0.045093  0.959645  0.021819  0.930593  0.028860
             0.50          0.086880  0.000482   0.170580  0.077435  0.927315  0.038090  0.880519  0.054084
             0.75          0.087036  0.000773   0.227746  0.096320  0.897336  0.048700  0.840074  0.069134
             1.00          0.086917  0.001028   0.262248  0.100934  0.880649  0.051137  0.818593  0.069428
             1.50          0.087103  0.000964   0.295515  0.113278  0.863716  0.059511  0.799630  0.072732
             2.00          0.087043  0.000829   0.310220  0.110029  0.857389  0.058691  0.788370  0.067396
             3.00          0.087402  0.000361   0.315367  0.112313  0.855594  0.058744  0.784593  0.072337
             5.00          0.087377  0.000203   0.320937  0.124906  0.854746  0.061076  0.782667  0.078397
        0.05 0.00          0.086436  0.000236   0.000432  0.000381  0.999737  0.000361  0.999556  0.000385
             0.10          0.086422  0.000153   0.007016  0.003175  0.997731  0.001072  0.996148  0.000714
             0.25          0.086279  0.000306   0.018271  0.002389  0.993788  0.001617  0.989037  0.002670
             0.50          0.086322  0.000361   0.031019  0.007062  0.989450  0.002281  0.979852  0.008596
             0.75          0.086281  0.000361   0.053900  0.027591  0.979198  0.013110  0.963926  0.021757
             1.00          0.086405  0.000242   0.067361  0.038140  0.973893  0.017502  0.955037  0.029003
             1.50          0.086701  0.000397   0.101509  0.059870  0.958426  0.027867  0.931185  0.042194
             2.00          0.086566  0.000519   0.134435  0.072542  0.943688  0.035925  0.906741  0.049112
             3.00          0.086937  0.000299   0.178552  0.084456  0.922704  0.042827  0.875185  0.055268
             5.00          0.087102  0.000259   0.229126  0.099158  0.899085  0.047044  0.841111  0.065930
        0.10 0.00          0.086472  0.000146   0.000824  0.001076  0.999622  0.000378  0.999111  0.001176
             0.10          0.086427  0.000126   0.001377  0.001098  0.999503  0.000344  0.998593  0.001283
             0.25          0.086415  0.000242   0.006153  0.002059  0.998024  0.000390  0.996444  0.000801
             0.50          0.086385  0.000308   0.012651  0.001990  0.995737  0.002048  0.992889  0.001018
             0.75          0.086421  0.000461   0.018594  0.002616  0.993822  0.001949  0.989111  0.003006
             1.00          0.086405  0.000434   0.024963  0.006056  0.991342  0.002481  0.984000  0.007595
             1.50          0.086332  0.000297   0.040024  0.021705  0.984999  0.009253  0.973926  0.015461
             2.00          0.086525  0.000317   0.058162  0.032262  0.977814  0.013436  0.961333  0.023806
             3.00          0.086628  0.000230   0.090432  0.055122  0.964693  0.024608  0.939037  0.038680
             5.00          0.086963  0.000077   0.149724  0.071996  0.937245  0.033748  0.894148  0.052087
        0.50 0.00          0.086516  0.000094   0.000246  0.000311  0.999922  0.000086  0.999704  0.000513
             0.10          0.086515  0.000098   0.000375  0.000179  0.999907  0.000029  0.999630  0.000463
             0.25          0.086546  0.000135   0.000239  0.000207  0.999907  0.000129  0.999852  0.000128
             0.50          0.086474  0.000258   0.001721  0.000613  0.999329  0.000117  0.998519  0.000841
             0.75          0.086448  0.000279   0.002966  0.001275  0.998742  0.000460  0.998148  0.000898
             1.00          0.086457  0.000286   0.003308  0.001484  0.998648  0.000529  0.998000  0.000969
             1.50          0.086456  0.000246   0.004750  0.003568  0.998540  0.000661  0.997333  0.001556
             2.00          0.086423  0.000266   0.005151  0.003454  0.998541  0.000679  0.997037  0.001026
             3.00          0.086363  0.000224   0.008146  0.002600  0.997261  0.000216  0.994222  0.001540
             5.00          0.086370  0.000129   0.016261  0.003013  0.994614  0.001214  0.989630  0.003760
window  0.01 0.00          0.086828  0.000310   0.133960  0.031941  0.940798  0.016031  0.908963  0.021046
             0.10          0.086347  0.001305   0.411471  0.075334  0.792127  0.037594  0.750074  0.044266
             0.25          0.085375  0.000969   0.465223  0.077401  0.766033  0.037862  0.720889  0.040093
             0.50          0.085120  0.001114   0.513946  0.060684  0.739169  0.025103  0.697407  0.024922
             0.75          0.085549  0.000371   0.513817  0.072780  0.741110  0.032794  0.695926  0.032716
             1.00          0.084818  0.001508   0.531948  0.062042  0.729461  0.029853  0.685926  0.028559
             1.50          0.085292  0.000928   0.518570  0.060074  0.735400  0.023617  0.692963  0.022389
             2.00          0.085731  0.001122   0.506944  0.067343  0.741496  0.026651  0.697037  0.028429
             3.00          0.085632  0.000551   0.509942  0.054294  0.740990  0.021373  0.694148  0.022312
             5.00          0.085940  0.000412   0.500555  0.058029  0.749148  0.025948  0.697333  0.024813
        0.05 0.00          0.086968  0.000525   0.096701  0.016491  0.959417  0.006092  0.931926  0.009924
             0.10          0.086702  0.000465   0.151018  0.019781  0.933107  0.008241  0.898519  0.015017
             0.25          0.086206  0.000908   0.240421  0.041052  0.886867  0.014985  0.844296  0.023944
             0.50          0.085808  0.000179   0.314373  0.082555  0.844691  0.040321  0.802296  0.041334
             0.75          0.085929  0.000473   0.381552  0.077421  0.806403  0.038844  0.764593  0.039984
             1.00          0.085945  0.001023   0.423987  0.065116  0.785562  0.029702  0.740074  0.028302
             1.50          0.085443  0.001489   0.440956  0.083759  0.777819  0.038100  0.731926  0.040913
             2.00          0.085328  0.001286   0.462204  0.070477  0.764470  0.029059  0.724296  0.026717
             3.00          0.085449  0.000578   0.463303  0.061695  0.765881  0.027426  0.721407  0.028150
             5.00          0.085443  0.000572   0.461124  0.066029  0.770019  0.030590  0.718741  0.033570
        0.10 0.00          0.087157  0.000412   0.079201  0.008877  0.967284  0.005336  0.944222  0.008168
             0.10          0.087047  0.000464   0.103608  0.022488  0.957640  0.010607  0.932148  0.016445
             0.25          0.087037  0.000315   0.156951  0.045383  0.930593  0.020952  0.894296  0.030693
             0.50          0.086689  0.000844   0.207941  0.043207  0.904807  0.016382  0.861185  0.025063
             0.75          0.086426  0.000774   0.270386  0.061843  0.869349  0.029414  0.826741  0.033559
             1.00          0.086341  0.000281   0.300004  0.074342  0.852370  0.033710  0.808222  0.037844
             1.50          0.086122  0.000839   0.351891  0.079900  0.823224  0.039106  0.779037  0.044358
             2.00          0.085952  0.001282   0.395036  0.056821  0.798892  0.024268  0.753778  0.025204
             3.00          0.086408  0.000426   0.415293  0.055324  0.791618  0.025009  0.742370  0.025579
             5.00          0.085814  0.000666   0.432241  0.047521  0.785269  0.020386  0.734667  0.023005
        0.50 0.00          0.086834  0.000080   0.032975  0.012674  0.988323  0.005639  0.974963  0.005069
             0.10          0.086909  0.000158   0.030630  0.006831  0.988950  0.003147  0.975704  0.004556
             0.25          0.087033  0.000821   0.045033  0.015812  0.984579  0.005931  0.968444  0.009462
             0.50          0.086714  0.000441   0.058798  0.010975  0.978490  0.003632  0.960519  0.005000
             0.75          0.086634  0.000643   0.065643  0.011703  0.973658  0.004111  0.954889  0.009663
             1.00          0.086684  0.000464   0.077593  0.009934  0.967586  0.002371  0.945852  0.006937
             1.50          0.086835  0.000724   0.099141  0.007864  0.957563  0.002214  0.931259  0.005650
             2.00          0.087172  0.000464   0.128492  0.015450  0.941844  0.006593  0.912593  0.009580
             3.00          0.086887  0.000418   0.160945  0.030514  0.927033  0.012220  0.890519  0.017686
             5.00          0.086227  0.000511   0.220961  0.040335  0.896490  0.015248  0.851407  0.021671
 -> saved figures/credit_natural_mu0.01_lambda_sweep.png
 -> saved figures/credit_natural_mu0.01_none_tradeoff.png
 -> saved figures/credit_natural_mu0.01_window_tradeoff.png
 -> saved figures/credit_natural_mu0.05_lambda_sweep.png
 -> saved figures/credit_natural_mu0.05_none_tradeoff.png
 -> saved figures/credit_natural_mu0.05_window_tradeoff.png
 -> saved figures/credit_natural_mu0.1_lambda_sweep.png
 -> saved figures/credit_natural_mu0.1_none_tradeoff.png
 -> saved figures/credit_natural_mu0.1_window_tradeoff.png
 -> saved figures/credit_natural_mu0.5_lambda_sweep.png
 -> saved figures/credit_natural_mu0.5_none_tradeoff.png
 -> saved figures/credit_natural_mu0.5_window_tradeoff.png

=== Credit Card (DNN + LIME) / synthetic attacker ===
                   strategy            type  Adversary Error (Security) ↑  Explanation Distortion ↓  Spearman's ρ ↑  Top-3 Agreement ↑
                 No Defense Static Baseline                      0.062697                  0.000000        1.000000           1.000000
                Top-K (k=3) Static Baseline                      0.061858                  0.762430        0.528731           1.000000
   Gaussian Noise (lvl=0.5) Static Baseline                      0.059380                  0.724495        0.788210           0.528667
Precision Reduction (2 dec) Static Baseline                      0.062641                  0.574186        0.758746           0.451111
      Random Subset (p=0.5) Static Baseline                      0.068544                  0.699234        0.647195           0.498000
                      PRADA           PRADA                      0.062254                  1.438392        0.203190           0.298667
                    adversary_error               distortion            spearman                    top3          
                               mean           std       mean       std      mean           std      mean       std
history mu   lambda                                                                                               
none    0.01 0.00          0.062697  0.000000e+00   0.000000  0.000000  1.000000  0.000000e+00  1.000000  0.000000
             0.10          0.063068  3.245706e-04   0.099000  0.110975  0.958926  4.436383e-02  0.932889  0.085445
             0.25          0.063040  5.359745e-04   0.156984  0.128258  0.929497  6.420176e-02  0.895333  0.093953
             0.50          0.062949  8.313386e-04   0.260012  0.185292  0.873563  1.018214e-01  0.833481  0.124614
             0.75          0.063219  8.639239e-04   0.323334  0.213898  0.843745  1.202268e-01  0.796296  0.132160
             1.00          0.063422  9.745582e-04   0.371001  0.207080  0.822674  1.186549e-01  0.765407  0.121794
             1.50          0.063315  1.168620e-03   0.404487  0.232677  0.808862  1.393794e-01  0.745704  0.124100
             2.00          0.063505  1.013387e-03   0.430676  0.217631  0.799412  1.311796e-01  0.726963  0.107304
             3.00          0.063582  5.768034e-04   0.422782  0.233594  0.806699  1.373481e-01  0.728444  0.123747
             5.00          0.063397  7.717499e-04   0.455852  0.273971  0.789812  1.583675e-01  0.709037  0.142803
        0.05 0.00          0.062697  0.000000e+00   0.000000  0.000000  1.000000  0.000000e+00  1.000000  0.000000
             0.10          0.062770  1.119674e-04   0.009704  0.011501  0.996638  4.679595e-03  0.992963  0.007307
             0.25          0.062922  4.453855e-04   0.026802  0.025131  0.988918  1.391076e-02  0.984815  0.009559
             0.50          0.062877  5.153218e-04   0.047938  0.036025  0.982524  1.392780e-02  0.968741  0.026881
             0.75          0.062876  7.349706e-04   0.090809  0.068557  0.962297  3.020976e-02  0.937852  0.054745
             1.00          0.062871  7.342210e-04   0.119713  0.099305  0.948062  4.886628e-02  0.920444  0.072608
             1.50          0.063099  3.824207e-04   0.161236  0.120080  0.928965  6.008626e-02  0.891259  0.089547
             2.00          0.063177  3.748969e-04   0.199149  0.162101  0.910980  8.556505e-02  0.870815  0.105421
             3.00          0.063197  5.960114e-04   0.252371  0.221088  0.885657  1.243240e-01  0.836222  0.134482
             5.00          0.063257  6.646172e-04   0.324745  0.231668  0.855033  1.339152e-01  0.786593  0.138388
        0.10 0.00          0.062697  0.000000e+00   0.000000  0.000000  1.000000  0.000000e+00  1.000000  0.000000
             0.10          0.062697  1.525781e-09   0.000010  0.000017  1.000000  7.584240e-07  1.000000  0.000000
             0.25          0.062765  6.365965e-05   0.007466  0.006869  0.997717  2.514839e-03  0.994593  0.004556
             0.50          0.062837  4.049929e-04   0.021143  0.022220  0.991120  1.225608e-02  0.987111  0.010416
             0.75          0.062813  6.310341e-04   0.033491  0.027508  0.986165  1.379057e-02  0.981259  0.013638
             1.00          0.062775  6.907736e-04   0.044070  0.034538  0.980969  1.582179e-02  0.973630  0.021816
             1.50          0.062835  7.250241e-04   0.061322  0.043881  0.973613  1.992940e-02  0.959778  0.033780
             2.00          0.063006  4.540025e-04   0.083755  0.065778  0.964625  2.891001e-02  0.945926  0.050378
             3.00          0.063153  3.152846e-04   0.131361  0.118540  0.945886  5.228017e-02  0.912444  0.088972
             5.00          0.063073  3.774594e-04   0.205960  0.182061  0.910282  9.651811e-02  0.859704  0.121489
        0.50 0.00          0.062697  0.000000e+00   0.000000  0.000000  1.000000  0.000000e+00  1.000000  0.000000
             0.10          0.062697  0.000000e+00   0.000000  0.000000  1.000000  0.000000e+00  1.000000  0.000000
             0.25          0.062697  0.000000e+00   0.000000  0.000000  1.000000  0.000000e+00  1.000000  0.000000
             0.50          0.062697  0.000000e+00   0.000000  0.000000  1.000000  0.000000e+00  1.000000  0.000000
             0.75          0.062699  3.884632e-06   0.000169  0.000293  0.999984  2.787208e-05  0.999852  0.000257
             1.00          0.062704  1.255411e-05   0.002512  0.004350  0.999347  1.131000e-03  0.998000  0.003464
             1.50          0.062713  2.958689e-05   0.002906  0.004817  0.999218  1.336761e-03  0.997704  0.003977
             2.00          0.062738  1.269439e-04   0.007733  0.008825  0.997611  3.356806e-03  0.994296  0.006152
             3.00          0.062714  2.696098e-04   0.013924  0.011964  0.995556  4.346224e-03  0.990593  0.008032
             5.00          0.062760  3.299798e-04   0.023857  0.020605  0.991377  7.850548e-03  0.983556  0.014678
window  0.01 0.00          0.063189  3.948941e-04   0.088320  0.005695  0.964290  1.135861e-03  0.942148  0.004752
             0.10          0.063459  5.876575e-04   0.289156  0.078027  0.857234  4.611623e-02  0.822815  0.046163
             0.25          0.063714  2.948309e-04   0.275939  0.098465  0.865800  4.811059e-02  0.831556  0.065220
             0.50          0.063014  5.876489e-04   0.313058  0.031289  0.843846  1.805401e-02  0.804963  0.027742
             0.75          0.063858  1.055021e-03   0.352489  0.041561  0.826575  2.505280e-02  0.786889  0.038954
             1.00          0.063839  9.609082e-04   0.384386  0.038345  0.807721  2.793206e-02  0.772000  0.034897
             1.50          0.064303  5.650865e-04   0.406185  0.033571  0.795320  2.062535e-02  0.761481  0.030828
             2.00          0.064239  9.558356e-04   0.399566  0.096386  0.799279  5.890213e-02  0.764000  0.063396
             3.00          0.063832  9.368295e-04   0.420937  0.084163  0.787056  4.794864e-02  0.749407  0.055902
             5.00          0.063742  5.477958e-04   0.371797  0.101051  0.816784  5.514593e-02  0.773630  0.069357
        0.05 0.00          0.063388  1.756971e-04   0.065194  0.036033  0.973996  1.670483e-02  0.956593  0.020932
             0.10          0.063195  1.781086e-04   0.114258  0.048729  0.949957  2.401421e-02  0.925852  0.031729
             0.25          0.063133  1.394788e-03   0.162530  0.018098  0.927525  9.093482e-03  0.895852  0.019981
             0.50          0.062868  4.405001e-04   0.186975  0.058681  0.912578  3.017188e-02  0.880667  0.043113
             0.75          0.062948  6.847534e-04   0.226736  0.010387  0.890665  1.001867e-02  0.854148  0.014188
             1.00          0.063328  8.453058e-04   0.296703  0.044475  0.855479  2.886753e-02  0.817481  0.037381
             1.50          0.064132  5.889258e-04   0.364574  0.098990  0.820307  5.885434e-02  0.778593  0.064510
             2.00          0.064045  8.223900e-04   0.382134  0.105256  0.811643  6.215977e-02  0.769185  0.071257
             3.00          0.063818  8.835897e-04   0.389552  0.118485  0.804617  6.514000e-02  0.763704  0.073974
             5.00          0.063561  2.090921e-04   0.371382  0.130479  0.817432  7.148921e-02  0.775333  0.083224
        0.10 0.00          0.063176  2.720734e-04   0.047790  0.029400  0.980258  1.319185e-02  0.965778  0.017081
             0.10          0.062951  1.103172e-04   0.057173  0.042491  0.976103  1.967830e-02  0.961185  0.024224
             0.25          0.062873  1.051031e-04   0.087019  0.054910  0.962751  2.422211e-02  0.941333  0.037415
             0.50          0.062683  1.014919e-03   0.148266  0.031596  0.934533  1.535939e-02  0.902370  0.011895
             0.75          0.063216  4.837988e-04   0.179079  0.012202  0.917562  7.426306e-03  0.883111  0.012019
             1.00          0.062897  5.009467e-04   0.187022  0.015816  0.912548  6.792748e-03  0.876000  0.018676
             1.50          0.063026  4.915648e-04   0.238367  0.010800  0.889220  8.278481e-03  0.848889  0.019358
             2.00          0.063652  3.274505e-04   0.302086  0.084152  0.855169  4.782089e-02  0.815630  0.053611
             3.00          0.063769  6.178631e-04   0.358407  0.078243  0.824819  4.560687e-02  0.781185  0.053277
             5.00          0.063429  3.076408e-04   0.347031  0.093006  0.828849  4.900306e-02  0.785185  0.064007
        0.50 0.00          0.062864  1.536179e-04   0.032072  0.031949  0.987527  1.371497e-02  0.975333  0.023821
             0.10          0.062887  2.622645e-04   0.030296  0.015896  0.988989  6.656776e-03  0.977185  0.011036
             0.25          0.062918  1.325152e-04   0.033719  0.008399  0.987724  3.821170e-03  0.974815  0.007070
             0.50          0.063096  2.673492e-04   0.035921  0.021612  0.986790  9.016331e-03  0.974667  0.013654
             0.75          0.063109  4.767150e-04   0.041596  0.023156  0.984344  9.143176e-03  0.969333  0.015378
             1.00          0.062963  5.164909e-04   0.043479  0.033398  0.983619  1.353574e-02  0.969630  0.020464
             1.50          0.062996  1.303353e-04   0.062227  0.048298  0.975811  1.957149e-02  0.957630  0.030971
             2.00          0.063415  3.571025e-05   0.105075  0.076055  0.955402  3.491019e-02  0.930519  0.046019
             3.00          0.063277  8.680319e-04   0.116005  0.062177  0.949455  3.026254e-02  0.925333  0.033533
             5.00          0.063274  9.890453e-04   0.161629  0.015952  0.930252  4.869425e-03  0.898444  0.005967
 -> saved figures/credit_synthetic_mu0.01_lambda_sweep.png
 -> saved figures/credit_synthetic_mu0.01_none_tradeoff.png
 -> saved figures/credit_synthetic_mu0.01_window_tradeoff.png
 -> saved figures/credit_synthetic_mu0.05_lambda_sweep.png
 -> saved figures/credit_synthetic_mu0.05_none_tradeoff.png
 -> saved figures/credit_synthetic_mu0.05_window_tradeoff.png
 -> saved figures/credit_synthetic_mu0.1_lambda_sweep.png
 -> saved figures/credit_synthetic_mu0.1_none_tradeoff.png
 -> saved figures/credit_synthetic_mu0.1_window_tradeoff.png
 -> saved figures/credit_synthetic_mu0.5_lambda_sweep.png
 -> saved figures/credit_synthetic_mu0.5_none_tradeoff.png
 -> saved figures/credit_synthetic_mu0.5_window_tradeoff.png
[Sun Sep 27 13:30:51 +03 2026] done - results/, figures/, evaluation_log.txt

===== SLURM IS ISTATISTIKLERI (JOB STATISTICS) ========================
Job ID: 529791
Cluster: altay
User/Group: gerdogan01/c00006
State: COMPLETED (exit code 0)
Nodes: 1
Cores per node: 64
CPU Utilized: 1-07:56:08
CPU Efficiency: 83.79% of 1-14:06:56 core-walltime
Job Wall-clock time: 00:35:44
Memory Utilized: 33.11 GB
Memory Efficiency: 3.39% of 976.56 GB

=======================================================================
