[Sun Sep 27 22:05:22 +03 2026] timing
[22:08:12] (1/2) prepared adult
[22:09:14] (2/2) prepared credit
[prepare] cache/adult.joblib: adding per-query timings...
[prepare] adult timing: {'predict_ms': 0.2995170002577652, 'explain_ms': 0.6064424997020978, 'n_queries': 100}
[prepare] cache/credit.joblib: adding per-query timings...
[prepare] credit timing: {'predict_ms': 0.1981219998015149, 'explain_ms': 15.087677499650454, 'n_queries': 100}
[Sun Sep 27 22:09:18 +03 2026] training on 64 workers
[22:09:51] (1/708) skip (exists) runs/adult/window_k8/lam1_mu0.01_seed43
[22:09:51] (2/708) skip (exists) runs/adult/window_k8/lam1.5_mu0.01_seed43
[22:09:51] (3/708) skip (exists) runs/adult/window_k8/lam1_mu0.01_seed44
[22:09:51] (4/708) skip (exists) runs/adult/window_k8/lam0_mu0.05_seed44
[22:09:51] (5/708) skip (exists) runs/adult/window_k8/lam5_mu0.01_seed44
[22:09:51] (6/708) skip (exists) runs/adult/window_k8/lam1.5_mu0.01_seed44
[22:09:51] (7/708) skip (exists) runs/adult/window_k8/lam0.1_mu0.05_seed43
[22:09:51] (8/708) skip (exists) runs/adult/window_k8/lam0.5_mu0.01_seed42
[22:09:51] (9/708) skip (exists) runs/adult/window_k8/lam0_mu0.01_seed44
[22:09:51] (10/708) skip (exists) runs/adult/window_k8/lam0.25_mu0.01_seed43
[22:09:51] (11/708) skip (exists) runs/adult/window_k8/lam0_mu0.05_seed43
[22:09:51] (12/708) skip (exists) runs/adult/window_k8/lam0.25_mu0.05_seed43
[22:09:51] (13/708) skip (exists) runs/adult/window_k8/lam0_mu0.01_seed43
[22:09:51] (14/708) skip (exists) runs/adult/window_k8/lam0.25_mu0.01_seed42
[22:09:51] (15/708) skip (exists) runs/adult/window_k8/lam1_mu0.01_seed42
[22:09:51] (16/708) skip (exists) runs/adult/window_k8/lam0.75_mu0.01_seed43
[22:09:51] (17/708) skip (exists) runs/adult/window_k8/lam0.1_mu0.01_seed43
[22:09:51] (18/708) skip (exists) runs/adult/window_k8/lam0.25_mu0.05_seed44
[22:09:51] (19/708) skip (exists) runs/adult/window_k8/lam0.25_mu0.05_seed42
[22:09:51] (20/708) skip (exists) runs/adult/window_k8/lam0.75_mu0.05_seed42
[22:09:51] (21/708) skip (exists) runs/adult/window_k8/lam1.5_mu0.01_seed42
[22:09:51] (22/708) skip (exists) runs/adult/window_k8/lam1_mu0.05_seed42
[22:09:51] (23/708) skip (exists) runs/adult/window_k8/lam0.5_mu0.01_seed44
[22:09:51] (24/708) skip (exists) runs/adult/window_k8/lam0.1_mu0.01_seed44
[22:09:51] (25/708) skip (exists) runs/adult/window_k8/lam5_mu0.01_seed43
[22:09:51] (26/708) skip (exists) runs/adult/window_k8/lam2_mu0.01_seed44
[22:09:51] (27/708) skip (exists) runs/adult/window_k8/lam5_mu0.01_seed42
[22:09:51] (28/708) skip (exists) runs/adult/window_k8/lam3_mu0.01_seed42
[22:09:51] (29/708) skip (exists) runs/adult/window_k8/lam0.1_mu0.05_seed42
[22:09:51] (30/708) skip (exists) runs/adult/window_k8/lam0.5_mu0.05_seed42
[22:09:51] (31/708) skip (exists) runs/adult/window_k8/lam0.25_mu0.01_seed44
[22:09:51] (32/708) skip (exists) runs/adult/window_k8/lam0.5_mu0.05_seed44
[22:09:51] (33/708) skip (exists) runs/adult/window_k8/lam0_mu0.01_seed42
[22:09:51] (34/708) skip (exists) runs/adult/window_k8/lam0.1_mu0.01_seed42
[22:09:51] (35/708) skip (exists) runs/adult/window_k8/lam3_mu0.01_seed43
[22:09:51] (36/708) skip (exists) runs/adult/window_k8/lam0_mu0.05_seed42
[22:09:51] (37/708) skip (exists) runs/adult/window_k8/lam0.75_mu0.05_seed44
[22:09:51] (38/708) skip (exists) runs/adult/window_k8/lam0.5_mu0.01_seed43
[22:09:51] (39/708) skip (exists) runs/adult/window_k8/lam0.75_mu0.05_seed43
[22:09:51] (40/708) skip (exists) runs/adult/window_k8/lam0.75_mu0.01_seed44
[22:09:51] (41/708) skip (exists) runs/adult/window_k8/lam2_mu0.01_seed43
[22:09:51] (42/708) skip (exists) runs/adult/window_k8/lam1_mu0.05_seed43
[22:09:51] (43/708) skip (exists) runs/adult/window_k8/lam3_mu0.01_seed44
[22:09:51] (44/708) skip (exists) runs/adult/window_k8/lam2_mu0.01_seed42
[22:09:51] (45/708) skip (exists) runs/adult/window_k8/lam0.75_mu0.01_seed42
[22:09:51] (46/708) skip (exists) runs/adult/window_k8/lam0.1_mu0.05_seed44
[22:09:51] (47/708) skip (exists) runs/adult/window_k8/lam1_mu0.05_seed44
[22:09:51] (48/708) skip (exists) runs/adult/window_k8/lam0.5_mu0.05_seed43
[22:09:51] (49/708) skip (exists) runs/adult/window_k8/lam1.5_mu0.05_seed42
[22:09:51] (50/708) skip (exists) runs/adult/window_k8/lam2_mu0.05_seed42
[22:09:51] (51/708) skip (exists) runs/adult/window_k8/lam3_mu0.05_seed44
[22:09:51] (52/708) skip (exists) runs/adult/window_k8/lam1.5_mu0.05_seed44
[22:09:51] (53/708) skip (exists) runs/adult/window_k8/lam1.5_mu0.05_seed43
[22:09:51] (54/708) skip (exists) runs/adult/window_k8/lam2_mu0.05_seed43
[22:09:51] (55/708) skip (exists) runs/adult/window_k8/lam2_mu0.05_seed44
[22:09:51] (56/708) skip (exists) runs/adult/window_k8/lam3_mu0.05_seed42
[22:09:51] (57/708) skip (exists) runs/adult/window_k8/lam5_mu0.05_seed43
[22:09:51] (58/708) skip (exists) runs/adult/window_k8/lam3_mu0.05_seed43
[22:09:51] (59/708) skip (exists) runs/adult/window_k8/lam0.1_mu0.1_seed42
[22:09:51] (60/708) skip (exists) runs/adult/window_k8/lam0_mu0.1_seed44
[22:09:51] (61/708) skip (exists) runs/adult/window_k8/lam0_mu0.1_seed42
[22:09:51] (62/708) skip (exists) runs/adult/window_k8/lam5_mu0.05_seed44
[22:09:51] (63/708) skip (exists) runs/adult/window_k8/lam0.5_mu0.1_seed44
[22:09:51] (64/708) skip (exists) runs/adult/window_k8/lam0.25_mu0.1_seed43
[22:09:51] (65/708) skip (exists) runs/adult/window_k8/lam0_mu0.1_seed43
[22:09:51] (66/708) skip (exists) runs/adult/window_k8/lam0.25_mu0.1_seed42
[22:09:51] (67/708) skip (exists) runs/adult/window_k8/lam0.75_mu0.1_seed44
[22:09:51] (68/708) skip (exists) runs/adult/window_k8/lam1_mu0.1_seed43
[22:09:51] (69/708) skip (exists) runs/adult/window_k8/lam0.75_mu0.1_seed42
[22:09:51] (70/708) skip (exists) runs/adult/window_k8/lam1.5_mu0.1_seed42
[22:09:51] (71/708) skip (exists) runs/adult/window_k8/lam0.1_mu0.1_seed44
[22:09:51] (72/708) skip (exists) runs/adult/window_k8/lam1_mu0.1_seed44
[22:09:51] (73/708) skip (exists) runs/adult/window_k8/lam2_mu0.1_seed42
[22:09:51] (74/708) skip (exists) runs/adult/window_k8/lam1.5_mu0.1_seed43
[22:09:51] (75/708) skip (exists) runs/adult/window_k8/lam3_mu0.1_seed42
[22:09:51] (76/708) skip (exists) runs/adult/window_k8/lam1.5_mu0.1_seed44
[22:09:51] (77/708) skip (exists) runs/adult/window_k8/lam0.5_mu0.1_seed42
[22:09:51] (78/708) skip (exists) runs/adult/window_k8/lam0.5_mu0.1_seed43
[22:09:51] (79/708) skip (exists) runs/adult/window_k8/lam2_mu0.1_seed44
[22:09:51] (80/708) skip (exists) runs/adult/window_k8/lam0.1_mu0.1_seed43
[22:09:51] (81/708) skip (exists) runs/adult/window_k8/lam1_mu0.1_seed42
[22:09:51] (82/708) skip (exists) runs/adult/window_k8/lam0.25_mu0.1_seed44
[22:09:51] (83/708) skip (exists) runs/adult/window_k8/lam5_mu0.05_seed42
[22:09:51] (84/708) skip (exists) runs/adult/window_k8/lam2_mu0.1_seed43
[22:09:51] (85/708) skip (exists) runs/adult/window_k8/lam0.75_mu0.1_seed43
[22:09:51] (86/708) skip (exists) runs/adult/window_k8/lam3_mu0.1_seed43
[22:09:51] (87/708) skip (exists) runs/adult/window_k8/lam5_mu0.1_seed42
[22:09:51] (88/708) skip (exists) runs/adult/window_k8/lam5_mu0.1_seed43
[22:09:51] (89/708) skip (exists) runs/adult/window_k8/lam3_mu0.1_seed44
[22:09:51] (90/708) skip (exists) runs/adult/window_k8/lam5_mu0.1_seed44
[22:09:51] (91/708) skip (exists) runs/adult/window_k8/lam0_mu0.5_seed43
[22:09:51] (92/708) skip (exists) runs/adult/window_k8/lam0.25_mu0.5_seed42
[22:09:51] (93/708) skip (exists) runs/adult/window_k8/lam0_mu0.5_seed44
[22:09:51] (94/708) skip (exists) runs/adult/window_k8/lam0_mu0.5_seed42
[22:09:51] (95/708) skip (exists) runs/adult/window_k8/lam0.1_mu0.5_seed42
[22:09:51] (96/708) skip (exists) runs/adult/window_k8/lam0.1_mu0.5_seed43
[22:09:51] (97/708) skip (exists) runs/adult/window_k8/lam0.1_mu0.5_seed44
[22:09:51] (98/708) skip (exists) runs/adult/window_k8/lam0.25_mu0.5_seed43
[22:09:51] (99/708) skip (exists) runs/adult/window_k8/lam0.5_mu0.5_seed43
[22:09:51] (100/708) skip (exists) runs/adult/window_k8/lam0.5_mu0.5_seed44
[22:09:51] (101/708) skip (exists) runs/adult/window_k8/lam0.25_mu0.5_seed44
[22:09:51] (102/708) skip (exists) runs/adult/window_k8/lam0.75_mu0.5_seed43
[22:09:51] (103/708) skip (exists) runs/adult/window_k8/lam0.75_mu0.5_seed42
[22:09:51] (104/708) skip (exists) runs/adult/window_k8/lam0.5_mu0.5_seed42
[22:09:51] (105/708) skip (exists) runs/adult/window_k8/lam0.75_mu0.5_seed44
[22:09:51] (106/708) skip (exists) runs/adult/window_k8/lam1_mu0.5_seed42
[22:09:51] (107/708) skip (exists) runs/adult/window_k8/lam1_mu0.5_seed43
[22:09:51] (108/708) skip (exists) runs/adult/window_k8/lam1.5_mu0.5_seed42
[22:09:51] (109/708) skip (exists) runs/adult/window_k8/lam1.5_mu0.5_seed43
[22:09:51] (110/708) skip (exists) runs/adult/window_k8/lam1_mu0.5_seed44
[22:09:51] (111/708) skip (exists) runs/adult/window_k8/lam1.5_mu0.5_seed44
[22:09:51] (112/708) skip (exists) runs/adult/window_k8/lam2_mu0.5_seed42
[22:09:51] (113/708) skip (exists) runs/adult/window_k8/lam2_mu0.5_seed44
[22:09:51] (114/708) skip (exists) runs/adult/window_k8/lam2_mu0.5_seed43
[22:09:51] (115/708) skip (exists) runs/adult/window_k8/lam3_mu0.5_seed42
[22:09:51] (116/708) skip (exists) runs/adult/window_k8/lam3_mu0.5_seed43
[22:09:51] (117/708) skip (exists) runs/adult/window_k8/lam5_mu0.5_seed42
[22:09:51] (118/708) skip (exists) runs/adult/window_k8/lam3_mu0.5_seed44
[22:09:51] (119/708) skip (exists) runs/adult/window_k8/lam5_mu0.5_seed43
[22:09:51] (120/708) skip (exists) runs/adult/window_k8/lam5_mu0.5_seed44
[22:13:56] (121/708) trained runs/adult/window_k8/lam0.5_mu0_seed44
[22:13:58] (122/708) trained runs/adult/none/lam0.1_mu0_seed44
[22:13:58] (123/708) trained runs/adult/window_k8/lam0_mu0.2_seed42
[22:13:58] (124/708) trained runs/adult/window_k8/lam2_mu0_seed43
[22:13:58] (125/708) trained runs/adult/window_k8/lam0.1_mu0_seed42
[22:13:59] (126/708) trained runs/adult/window_k8/lam1.5_mu0_seed44
[22:13:59] (127/708) trained runs/adult/window_k8/lam0.25_mu0_seed44
[22:13:59] (128/708) trained runs/adult/window_k8/lam0.5_mu0.2_seed43
[22:13:59] (129/708) trained runs/adult/window_k8/lam3_mu0.2_seed44
[22:14:00] (130/708) trained runs/adult/window_k8/lam1_mu0.2_seed42
[22:14:00] (131/708) trained runs/adult/window_k8/lam0.5_mu0.2_seed42
[22:14:00] (132/708) trained runs/adult/window_k8/lam1_mu0_seed44
[22:14:00] (133/708) trained runs/adult/window_k8/lam1.5_mu0_seed42
[22:14:00] (134/708) trained runs/adult/window_k8/lam0_mu0.2_seed44
[22:14:00] (135/708) trained runs/adult/window_k8/lam0.1_mu0.2_seed44
[22:14:00] (136/708) trained runs/adult/window_k8/lam0.75_mu0_seed42
[22:14:00] (137/708) trained runs/adult/window_k8/lam5_mu0_seed42
[22:14:00] (138/708) trained runs/adult/window_k8/lam0.1_mu0_seed44
[22:14:00] (139/708) trained runs/adult/window_k8/lam0.5_mu0_seed43
[22:14:00] (140/708) trained runs/adult/window_k8/lam0.25_mu0_seed43
[22:14:00] (141/708) trained runs/adult/window_k8/lam3_mu0_seed43
[22:14:00] (142/708) skip (exists) runs/adult/none/lam0_mu0.01_seed42
[22:14:00] (143/708) skip (exists) runs/adult/none/lam0_mu0.01_seed43
[22:14:00] (144/708) skip (exists) runs/adult/none/lam0_mu0.01_seed44
[22:14:00] (145/708) skip (exists) runs/adult/none/lam0.1_mu0.01_seed42
[22:14:00] (146/708) skip (exists) runs/adult/none/lam0.1_mu0.01_seed43
[22:14:00] (147/708) skip (exists) runs/adult/none/lam0.1_mu0.01_seed44
[22:14:00] (148/708) skip (exists) runs/adult/none/lam0.25_mu0.01_seed42
[22:14:00] (149/708) skip (exists) runs/adult/none/lam0.25_mu0.01_seed43
[22:14:00] (150/708) skip (exists) runs/adult/none/lam0.25_mu0.01_seed44
[22:14:00] (151/708) skip (exists) runs/adult/none/lam0.5_mu0.01_seed42
[22:14:00] (152/708) skip (exists) runs/adult/none/lam0.5_mu0.01_seed43
[22:14:00] (153/708) skip (exists) runs/adult/none/lam0.5_mu0.01_seed44
[22:14:00] (154/708) skip (exists) runs/adult/none/lam0.75_mu0.01_seed42
[22:14:00] (155/708) skip (exists) runs/adult/none/lam0.75_mu0.01_seed43
[22:14:00] (156/708) skip (exists) runs/adult/none/lam0.75_mu0.01_seed44
[22:14:00] (157/708) skip (exists) runs/adult/none/lam1_mu0.01_seed42
[22:14:00] (158/708) skip (exists) runs/adult/none/lam1_mu0.01_seed43
[22:14:00] (159/708) skip (exists) runs/adult/none/lam1_mu0.01_seed44
[22:14:00] (160/708) skip (exists) runs/adult/none/lam1.5_mu0.01_seed42
[22:14:00] (161/708) skip (exists) runs/adult/none/lam1.5_mu0.01_seed43
[22:14:00] (162/708) skip (exists) runs/adult/none/lam1.5_mu0.01_seed44
[22:14:00] (163/708) skip (exists) runs/adult/none/lam2_mu0.01_seed42
[22:14:00] (164/708) skip (exists) runs/adult/none/lam2_mu0.01_seed43
[22:14:00] (165/708) skip (exists) runs/adult/none/lam2_mu0.01_seed44
[22:14:00] (166/708) skip (exists) runs/adult/none/lam3_mu0.01_seed42
[22:14:00] (167/708) skip (exists) runs/adult/none/lam3_mu0.01_seed43
[22:14:00] (168/708) skip (exists) runs/adult/none/lam3_mu0.01_seed44
[22:14:00] (169/708) skip (exists) runs/adult/none/lam5_mu0.01_seed42
[22:14:00] (170/708) skip (exists) runs/adult/none/lam5_mu0.01_seed43
[22:14:00] (171/708) skip (exists) runs/adult/none/lam5_mu0.01_seed44
[22:14:00] (172/708) skip (exists) runs/adult/none/lam0_mu0.05_seed42
[22:14:00] (173/708) skip (exists) runs/adult/none/lam0_mu0.05_seed43
[22:14:00] (174/708) skip (exists) runs/adult/none/lam0_mu0.05_seed44
[22:14:00] (175/708) skip (exists) runs/adult/none/lam0.1_mu0.05_seed42
[22:14:00] (176/708) skip (exists) runs/adult/none/lam0.1_mu0.05_seed43
[22:14:00] (177/708) skip (exists) runs/adult/none/lam0.1_mu0.05_seed44
[22:14:00] (178/708) skip (exists) runs/adult/none/lam0.25_mu0.05_seed42
[22:14:00] (179/708) skip (exists) runs/adult/none/lam0.25_mu0.05_seed43
[22:14:00] (180/708) skip (exists) runs/adult/none/lam0.25_mu0.05_seed44
[22:14:00] (181/708) skip (exists) runs/adult/none/lam0.5_mu0.05_seed42
[22:14:00] (182/708) skip (exists) runs/adult/none/lam0.5_mu0.05_seed43
[22:14:00] (183/708) skip (exists) runs/adult/none/lam0.5_mu0.05_seed44
[22:14:00] (184/708) skip (exists) runs/adult/none/lam0.75_mu0.05_seed42
[22:14:00] (185/708) skip (exists) runs/adult/none/lam0.75_mu0.05_seed43
[22:14:00] (186/708) skip (exists) runs/adult/none/lam0.75_mu0.05_seed44
[22:14:00] (187/708) skip (exists) runs/adult/none/lam1_mu0.05_seed42
[22:14:00] (188/708) skip (exists) runs/adult/none/lam1_mu0.05_seed43
[22:14:00] (189/708) skip (exists) runs/adult/none/lam1_mu0.05_seed44
[22:14:00] (190/708) skip (exists) runs/adult/none/lam1.5_mu0.05_seed42
[22:14:00] (191/708) skip (exists) runs/adult/none/lam1.5_mu0.05_seed43
[22:14:00] (192/708) skip (exists) runs/adult/none/lam1.5_mu0.05_seed44
[22:14:00] (193/708) skip (exists) runs/adult/none/lam2_mu0.05_seed42
[22:14:00] (194/708) skip (exists) runs/adult/none/lam2_mu0.05_seed43
[22:14:00] (195/708) skip (exists) runs/adult/none/lam2_mu0.05_seed44
[22:14:00] (196/708) skip (exists) runs/adult/none/lam3_mu0.05_seed42
[22:14:00] (197/708) skip (exists) runs/adult/none/lam3_mu0.05_seed43
[22:14:00] (198/708) skip (exists) runs/adult/none/lam3_mu0.05_seed44
[22:14:00] (199/708) skip (exists) runs/adult/none/lam5_mu0.05_seed42
[22:14:00] (200/708) skip (exists) runs/adult/none/lam5_mu0.05_seed43
[22:14:00] (201/708) skip (exists) runs/adult/none/lam5_mu0.05_seed44
[22:14:00] (202/708) skip (exists) runs/adult/none/lam0_mu0.1_seed42
[22:14:00] (203/708) skip (exists) runs/adult/none/lam0_mu0.1_seed43
[22:14:00] (204/708) skip (exists) runs/adult/none/lam0_mu0.1_seed44
[22:14:00] (205/708) skip (exists) runs/adult/none/lam0.1_mu0.1_seed42
[22:14:00] (206/708) skip (exists) runs/adult/none/lam0.1_mu0.1_seed43
[22:14:00] (207/708) skip (exists) runs/adult/none/lam0.1_mu0.1_seed44
[22:14:00] (208/708) skip (exists) runs/adult/none/lam0.25_mu0.1_seed42
[22:14:00] (209/708) skip (exists) runs/adult/none/lam0.25_mu0.1_seed43
[22:14:00] (210/708) skip (exists) runs/adult/none/lam0.25_mu0.1_seed44
[22:14:00] (211/708) skip (exists) runs/adult/none/lam0.5_mu0.1_seed42
[22:14:00] (212/708) skip (exists) runs/adult/none/lam0.5_mu0.1_seed43
[22:14:00] (213/708) skip (exists) runs/adult/none/lam0.5_mu0.1_seed44
[22:14:00] (214/708) skip (exists) runs/adult/none/lam0.75_mu0.1_seed42
[22:14:00] (215/708) skip (exists) runs/adult/none/lam0.75_mu0.1_seed43
[22:14:00] (216/708) skip (exists) runs/adult/none/lam0.75_mu0.1_seed44
[22:14:00] (217/708) skip (exists) runs/adult/none/lam1_mu0.1_seed42
[22:14:00] (218/708) skip (exists) runs/adult/none/lam1_mu0.1_seed43
[22:14:00] (219/708) skip (exists) runs/adult/none/lam1_mu0.1_seed44
[22:14:00] (220/708) skip (exists) runs/adult/none/lam1.5_mu0.1_seed42
[22:14:00] (221/708) skip (exists) runs/adult/none/lam1.5_mu0.1_seed43
[22:14:00] (222/708) skip (exists) runs/adult/none/lam1.5_mu0.1_seed44
[22:14:00] (223/708) skip (exists) runs/adult/none/lam2_mu0.1_seed42
[22:14:00] (224/708) skip (exists) runs/adult/none/lam2_mu0.1_seed43
[22:14:00] (225/708) skip (exists) runs/adult/none/lam2_mu0.1_seed44
[22:14:00] (226/708) skip (exists) runs/adult/none/lam3_mu0.1_seed42
[22:14:00] (227/708) skip (exists) runs/adult/none/lam3_mu0.1_seed43
[22:14:00] (228/708) skip (exists) runs/adult/none/lam3_mu0.1_seed44
[22:14:00] (229/708) skip (exists) runs/adult/none/lam5_mu0.1_seed42
[22:14:00] (230/708) skip (exists) runs/adult/none/lam5_mu0.1_seed43
[22:14:00] (231/708) skip (exists) runs/adult/none/lam5_mu0.1_seed44
[22:14:00] (232/708) trained runs/adult/window_k8/lam1_mu0.2_seed44
[22:14:00] (233/708) trained runs/adult/window_k8/lam2_mu0.2_seed43
[22:14:01] (234/708) trained runs/adult/window_k8/lam1.5_mu0_seed43
[22:14:01] (235/708) trained runs/adult/window_k8/lam1_mu0_seed43
[22:14:01] (236/708) trained runs/adult/window_k8/lam1_mu0_seed42
[22:14:01] (237/708) trained runs/adult/window_k8/lam1_mu0.2_seed43
[22:14:01] (238/708) trained runs/adult/none/lam0.1_mu0_seed43
[22:14:01] (239/708) trained runs/adult/window_k8/lam0.25_mu0.2_seed42
[22:14:01] (240/708) trained runs/adult/window_k8/lam0.1_mu0.2_seed43
[22:14:02] (241/708) trained runs/adult/none/lam0.25_mu0_seed43
[22:14:02] (242/708) trained runs/adult/window_k8/lam0.25_mu0.2_seed43
[22:14:02] (243/708) trained runs/adult/window_k8/lam1.5_mu0.2_seed42
[22:14:02] (244/708) trained runs/adult/none/lam0.1_mu0_seed42
[22:14:02] (245/708) trained runs/adult/window_k8/lam2_mu0_seed44
[22:14:02] (246/708) trained runs/adult/window_k8/lam3_mu0_seed42
[22:14:02] (247/708) trained runs/adult/window_k8/lam1.5_mu0.2_seed44
[22:14:02] (248/708) trained runs/adult/window_k8/lam0.75_mu0.2_seed43
[22:14:02] (249/708) trained runs/adult/window_k8/lam0.25_mu0.2_seed44
[22:14:02] (250/708) trained runs/adult/none/lam0.25_mu0_seed42
[22:14:02] (251/708) trained runs/adult/window_k8/lam0.75_mu0_seed43
[22:14:03] (252/708) trained runs/adult/window_k8/lam3_mu0.2_seed43
[22:14:03] (253/708) trained runs/adult/none/lam0.25_mu0_seed44
[22:14:03] (254/708) trained runs/adult/window_k8/lam3_mu0.2_seed42
[22:14:03] (255/708) trained runs/adult/window_k8/lam0.75_mu0.2_seed44
[22:14:03] (256/708) trained runs/adult/window_k8/lam5_mu0.2_seed43
[22:14:03] (257/708) trained runs/adult/window_k8/lam3_mu0_seed44
[22:14:03] (258/708) trained runs/adult/window_k8/lam2_mu0_seed42
[22:14:03] (259/708) trained runs/adult/window_k8/lam0.5_mu0_seed42
[22:14:03] (260/708) trained runs/adult/window_k8/lam0.1_mu0_seed43
[22:14:03] (261/708) trained runs/adult/window_k8/lam0.75_mu0.2_seed42
[22:14:03] (262/708) skip (exists) runs/adult/none/lam0_mu0.5_seed42
[22:14:03] (263/708) skip (exists) runs/adult/none/lam0_mu0.5_seed43
[22:14:03] (264/708) skip (exists) runs/adult/none/lam0_mu0.5_seed44
[22:14:03] (265/708) skip (exists) runs/adult/none/lam0.1_mu0.5_seed42
[22:14:03] (266/708) skip (exists) runs/adult/none/lam0.1_mu0.5_seed43
[22:14:03] (267/708) skip (exists) runs/adult/none/lam0.1_mu0.5_seed44
[22:14:03] (268/708) skip (exists) runs/adult/none/lam0.25_mu0.5_seed42
[22:14:03] (269/708) skip (exists) runs/adult/none/lam0.25_mu0.5_seed43
[22:14:03] (270/708) skip (exists) runs/adult/none/lam0.25_mu0.5_seed44
[22:14:03] (271/708) skip (exists) runs/adult/none/lam0.5_mu0.5_seed42
[22:14:03] (272/708) skip (exists) runs/adult/none/lam0.5_mu0.5_seed43
[22:14:03] (273/708) skip (exists) runs/adult/none/lam0.5_mu0.5_seed44
[22:14:03] (274/708) skip (exists) runs/adult/none/lam0.75_mu0.5_seed42
[22:14:03] (275/708) skip (exists) runs/adult/none/lam0.75_mu0.5_seed43
[22:14:03] (276/708) skip (exists) runs/adult/none/lam0.75_mu0.5_seed44
[22:14:03] (277/708) skip (exists) runs/adult/none/lam1_mu0.5_seed42
[22:14:03] (278/708) skip (exists) runs/adult/none/lam1_mu0.5_seed43
[22:14:03] (279/708) skip (exists) runs/adult/none/lam1_mu0.5_seed44
[22:14:03] (280/708) skip (exists) runs/adult/none/lam1.5_mu0.5_seed42
[22:14:03] (281/708) skip (exists) runs/adult/none/lam1.5_mu0.5_seed43
[22:14:03] (282/708) skip (exists) runs/adult/none/lam1.5_mu0.5_seed44
[22:14:03] (283/708) skip (exists) runs/adult/none/lam2_mu0.5_seed42
[22:14:03] (284/708) skip (exists) runs/adult/none/lam2_mu0.5_seed43
[22:14:03] (285/708) skip (exists) runs/adult/none/lam2_mu0.5_seed44
[22:14:03] (286/708) skip (exists) runs/adult/none/lam3_mu0.5_seed42
[22:14:03] (287/708) skip (exists) runs/adult/none/lam3_mu0.5_seed43
[22:14:03] (288/708) skip (exists) runs/adult/none/lam3_mu0.5_seed44
[22:14:03] (289/708) skip (exists) runs/adult/none/lam5_mu0.5_seed42
[22:14:03] (290/708) skip (exists) runs/adult/none/lam5_mu0.5_seed43
[22:14:03] (291/708) skip (exists) runs/adult/none/lam5_mu0.5_seed44
[22:14:03] (292/708) trained runs/adult/window_k8/lam0.75_mu0_seed44
[22:14:03] (293/708) trained runs/adult/none/lam0.5_mu0_seed42
[22:14:03] (294/708) trained runs/adult/window_k8/lam0.1_mu0.2_seed42
[22:14:03] (295/708) trained runs/adult/window_k8/lam0.5_mu0.2_seed44
[22:14:04] (296/708) trained runs/adult/window_k8/lam5_mu0_seed44
[22:14:04] (297/708) trained runs/adult/window_k8/lam0_mu0.2_seed43
[22:14:04] (298/708) trained runs/adult/window_k8/lam5_mu0_seed43
[22:14:04] (299/708) trained runs/adult/window_k8/lam0.25_mu0_seed42
[22:14:04] (300/708) trained runs/adult/window_k8/lam1.5_mu0.2_seed43
[22:14:05] (301/708) trained runs/adult/window_k8/lam2_mu0.2_seed44
[22:14:06] (302/708) trained runs/adult/window_k8/lam5_mu0.2_seed44
[22:14:06] (303/708) trained runs/adult/window_k8/lam2_mu0.2_seed42
[22:14:06] (304/708) trained runs/adult/window_k8/lam5_mu0.2_seed42
[22:17:38] (305/708) trained runs/adult/none/lam0.5_mu0_seed43
[22:17:41] (306/708) trained runs/adult/none/lam0.75_mu0_seed42
[22:17:41] (307/708) trained runs/adult/none/lam0.5_mu0_seed44
[22:17:42] (308/708) trained runs/adult/none/lam0.75_mu0_seed44
[22:17:43] (309/708) trained runs/adult/none/lam0.75_mu0_seed43
[22:17:43] (310/708) trained runs/adult/none/lam1_mu0_seed44
[22:17:44] (311/708) trained runs/adult/none/lam1.5_mu0_seed44
[22:17:44] (312/708) trained runs/adult/none/lam1_mu0_seed42
[22:17:44] (313/708) trained runs/adult/none/lam1.5_mu0_seed43
[22:17:44] (314/708) trained runs/adult/none/lam1_mu0_seed43
[22:17:45] (315/708) trained runs/adult/none/lam2_mu0_seed44
[22:17:45] (316/708) trained runs/adult/none/lam2_mu0_seed43
[22:17:45] (317/708) trained runs/adult/none/lam3_mu0_seed44
[22:17:45] (318/708) trained runs/adult/none/lam1.5_mu0_seed42
[22:17:45] (319/708) skip (exists) runs/credit/window_k8/lam0_mu0.01_seed42
[22:17:45] (320/708) skip (exists) runs/credit/window_k8/lam0_mu0.01_seed43
[22:17:45] (321/708) skip (exists) runs/credit/window_k8/lam0_mu0.01_seed44
[22:17:45] (322/708) skip (exists) runs/credit/window_k8/lam0.1_mu0.01_seed42
[22:17:45] (323/708) skip (exists) runs/credit/window_k8/lam0.1_mu0.01_seed43
[22:17:45] (324/708) skip (exists) runs/credit/window_k8/lam0.1_mu0.01_seed44
[22:17:45] (325/708) skip (exists) runs/credit/window_k8/lam0.25_mu0.01_seed42
[22:17:45] (326/708) skip (exists) runs/credit/window_k8/lam0.25_mu0.01_seed43
[22:17:45] (327/708) skip (exists) runs/credit/window_k8/lam0.25_mu0.01_seed44
[22:17:45] (328/708) skip (exists) runs/credit/window_k8/lam0.5_mu0.01_seed42
[22:17:45] (329/708) skip (exists) runs/credit/window_k8/lam0.5_mu0.01_seed43
[22:17:45] (330/708) skip (exists) runs/credit/window_k8/lam0.5_mu0.01_seed44
[22:17:45] (331/708) skip (exists) runs/credit/window_k8/lam0.75_mu0.01_seed42
[22:17:45] (332/708) skip (exists) runs/credit/window_k8/lam0.75_mu0.01_seed43
[22:17:45] (333/708) skip (exists) runs/credit/window_k8/lam0.75_mu0.01_seed44
[22:17:45] (334/708) skip (exists) runs/credit/window_k8/lam1_mu0.01_seed42
[22:17:45] (335/708) skip (exists) runs/credit/window_k8/lam1_mu0.01_seed43
[22:17:45] (336/708) skip (exists) runs/credit/window_k8/lam1_mu0.01_seed44
[22:17:45] (337/708) skip (exists) runs/credit/window_k8/lam1.5_mu0.01_seed42
[22:17:45] (338/708) skip (exists) runs/credit/window_k8/lam1.5_mu0.01_seed43
[22:17:45] (339/708) skip (exists) runs/credit/window_k8/lam1.5_mu0.01_seed44
[22:17:45] (340/708) skip (exists) runs/credit/window_k8/lam2_mu0.01_seed42
[22:17:45] (341/708) skip (exists) runs/credit/window_k8/lam2_mu0.01_seed43
[22:17:45] (342/708) skip (exists) runs/credit/window_k8/lam2_mu0.01_seed44
[22:17:45] (343/708) skip (exists) runs/credit/window_k8/lam3_mu0.01_seed42
[22:17:45] (344/708) skip (exists) runs/credit/window_k8/lam3_mu0.01_seed43
[22:17:45] (345/708) skip (exists) runs/credit/window_k8/lam3_mu0.01_seed44
[22:17:45] (346/708) skip (exists) runs/credit/window_k8/lam5_mu0.01_seed42
[22:17:45] (347/708) skip (exists) runs/credit/window_k8/lam5_mu0.01_seed43
[22:17:45] (348/708) skip (exists) runs/credit/window_k8/lam5_mu0.01_seed44
[22:17:45] (349/708) skip (exists) runs/credit/window_k8/lam0_mu0.05_seed42
[22:17:45] (350/708) skip (exists) runs/credit/window_k8/lam0_mu0.05_seed43
[22:17:45] (351/708) skip (exists) runs/credit/window_k8/lam0_mu0.05_seed44
[22:17:45] (352/708) skip (exists) runs/credit/window_k8/lam0.1_mu0.05_seed42
[22:17:45] (353/708) skip (exists) runs/credit/window_k8/lam0.1_mu0.05_seed43
[22:17:45] (354/708) skip (exists) runs/credit/window_k8/lam0.1_mu0.05_seed44
[22:17:45] (355/708) skip (exists) runs/credit/window_k8/lam0.25_mu0.05_seed42
[22:17:45] (356/708) skip (exists) runs/credit/window_k8/lam0.25_mu0.05_seed43
[22:17:45] (357/708) skip (exists) runs/credit/window_k8/lam0.25_mu0.05_seed44
[22:17:45] (358/708) skip (exists) runs/credit/window_k8/lam0.5_mu0.05_seed42
[22:17:45] (359/708) skip (exists) runs/credit/window_k8/lam0.5_mu0.05_seed43
[22:17:45] (360/708) skip (exists) runs/credit/window_k8/lam0.5_mu0.05_seed44
[22:17:45] (361/708) skip (exists) runs/credit/window_k8/lam0.75_mu0.05_seed42
[22:17:45] (362/708) skip (exists) runs/credit/window_k8/lam0.75_mu0.05_seed43
[22:17:45] (363/708) skip (exists) runs/credit/window_k8/lam0.75_mu0.05_seed44
[22:17:45] (364/708) skip (exists) runs/credit/window_k8/lam1_mu0.05_seed42
[22:17:45] (365/708) skip (exists) runs/credit/window_k8/lam1_mu0.05_seed43
[22:17:45] (366/708) skip (exists) runs/credit/window_k8/lam1_mu0.05_seed44
[22:17:45] (367/708) skip (exists) runs/credit/window_k8/lam1.5_mu0.05_seed42
[22:17:45] (368/708) skip (exists) runs/credit/window_k8/lam1.5_mu0.05_seed43
[22:17:45] (369/708) skip (exists) runs/credit/window_k8/lam1.5_mu0.05_seed44
[22:17:45] (370/708) skip (exists) runs/credit/window_k8/lam2_mu0.05_seed42
[22:17:45] (371/708) skip (exists) runs/credit/window_k8/lam2_mu0.05_seed43
[22:17:45] (372/708) skip (exists) runs/credit/window_k8/lam2_mu0.05_seed44
[22:17:45] (373/708) skip (exists) runs/credit/window_k8/lam3_mu0.05_seed42
[22:17:45] (374/708) skip (exists) runs/credit/window_k8/lam3_mu0.05_seed43
[22:17:45] (375/708) skip (exists) runs/credit/window_k8/lam3_mu0.05_seed44
[22:17:45] (376/708) skip (exists) runs/credit/window_k8/lam5_mu0.05_seed42
[22:17:45] (377/708) skip (exists) runs/credit/window_k8/lam5_mu0.05_seed43
[22:17:45] (378/708) skip (exists) runs/credit/window_k8/lam5_mu0.05_seed44
[22:17:45] (379/708) skip (exists) runs/credit/window_k8/lam0_mu0.1_seed42
[22:17:45] (380/708) skip (exists) runs/credit/window_k8/lam0_mu0.1_seed43
[22:17:45] (381/708) skip (exists) runs/credit/window_k8/lam0_mu0.1_seed44
[22:17:45] (382/708) skip (exists) runs/credit/window_k8/lam0.1_mu0.1_seed42
[22:17:45] (383/708) skip (exists) runs/credit/window_k8/lam0.1_mu0.1_seed43
[22:17:45] (384/708) skip (exists) runs/credit/window_k8/lam0.1_mu0.1_seed44
[22:17:45] (385/708) skip (exists) runs/credit/window_k8/lam0.25_mu0.1_seed42
[22:17:45] (386/708) skip (exists) runs/credit/window_k8/lam0.25_mu0.1_seed43
[22:17:45] (387/708) skip (exists) runs/credit/window_k8/lam0.25_mu0.1_seed44
[22:17:45] (388/708) skip (exists) runs/credit/window_k8/lam0.5_mu0.1_seed42
[22:17:45] (389/708) skip (exists) runs/credit/window_k8/lam0.5_mu0.1_seed43
[22:17:45] (390/708) skip (exists) runs/credit/window_k8/lam0.5_mu0.1_seed44
[22:17:45] (391/708) skip (exists) runs/credit/window_k8/lam0.75_mu0.1_seed42
[22:17:45] (392/708) skip (exists) runs/credit/window_k8/lam0.75_mu0.1_seed43
[22:17:45] (393/708) skip (exists) runs/credit/window_k8/lam0.75_mu0.1_seed44
[22:17:45] (394/708) skip (exists) runs/credit/window_k8/lam1_mu0.1_seed42
[22:17:45] (395/708) skip (exists) runs/credit/window_k8/lam1_mu0.1_seed43
[22:17:45] (396/708) skip (exists) runs/credit/window_k8/lam1_mu0.1_seed44
[22:17:45] (397/708) skip (exists) runs/credit/window_k8/lam1.5_mu0.1_seed42
[22:17:45] (398/708) skip (exists) runs/credit/window_k8/lam1.5_mu0.1_seed43
[22:17:45] (399/708) skip (exists) runs/credit/window_k8/lam1.5_mu0.1_seed44
[22:17:45] (400/708) skip (exists) runs/credit/window_k8/lam2_mu0.1_seed42
[22:17:45] (401/708) skip (exists) runs/credit/window_k8/lam2_mu0.1_seed43
[22:17:45] (402/708) skip (exists) runs/credit/window_k8/lam2_mu0.1_seed44
[22:17:45] (403/708) skip (exists) runs/credit/window_k8/lam3_mu0.1_seed42
[22:17:45] (404/708) skip (exists) runs/credit/window_k8/lam3_mu0.1_seed43
[22:17:45] (405/708) skip (exists) runs/credit/window_k8/lam3_mu0.1_seed44
[22:17:45] (406/708) skip (exists) runs/credit/window_k8/lam5_mu0.1_seed42
[22:17:45] (407/708) skip (exists) runs/credit/window_k8/lam5_mu0.1_seed43
[22:17:45] (408/708) skip (exists) runs/credit/window_k8/lam5_mu0.1_seed44
[22:17:45] (409/708) trained runs/adult/none/lam2_mu0_seed42
[22:17:45] (410/708) trained runs/adult/none/lam3_mu0_seed42
[22:17:45] (411/708) trained runs/adult/none/lam3_mu0_seed43
[22:17:46] (412/708) trained runs/adult/none/lam5_mu0_seed42
[22:17:46] (413/708) trained runs/adult/none/lam5_mu0_seed43
[22:17:46] (414/708) trained runs/adult/none/lam0_mu0.2_seed42
[22:17:46] (415/708) trained runs/adult/none/lam0_mu0.2_seed44
[22:17:46] (416/708) trained runs/adult/none/lam5_mu0_seed44
[22:17:47] (417/708) trained runs/adult/none/lam0.25_mu0.2_seed43
[22:17:47] (418/708) trained runs/adult/none/lam1_mu0.2_seed42
[22:17:47] (419/708) trained runs/adult/none/lam0.1_mu0.2_seed43
[22:17:47] (420/708) trained runs/adult/none/lam0_mu0.2_seed43
[22:17:47] (421/708) trained runs/adult/none/lam0.1_mu0.2_seed44
[22:17:47] (422/708) trained runs/adult/none/lam0.25_mu0.2_seed44
[22:17:47] (423/708) trained runs/adult/none/lam0.75_mu0.2_seed42
[22:17:47] (424/708) trained runs/adult/none/lam1.5_mu0.2_seed44
[22:17:48] (425/708) trained runs/adult/none/lam0.25_mu0.2_seed42
[22:17:48] (426/708) trained runs/adult/none/lam0.5_mu0.2_seed42
[22:17:48] (427/708) trained runs/adult/none/lam0.5_mu0.2_seed44
[22:17:49] (428/708) trained runs/adult/none/lam0.5_mu0.2_seed43
[22:17:49] (429/708) trained runs/adult/none/lam0.1_mu0.2_seed42
[22:17:49] (430/708) trained runs/adult/none/lam0.75_mu0.2_seed44
[22:17:49] (431/708) trained runs/adult/none/lam1_mu0.2_seed44
[22:17:49] (432/708) trained runs/adult/none/lam1.5_mu0.2_seed42
[22:17:50] (433/708) trained runs/adult/none/lam1.5_mu0.2_seed43
[22:17:51] (434/708) trained runs/adult/none/lam1_mu0.2_seed43
[22:17:51] (435/708) trained runs/adult/none/lam0.75_mu0.2_seed43
[22:17:51] (436/708) trained runs/adult/none/lam3_mu0.2_seed43
[22:17:51] (437/708) trained runs/adult/none/lam2_mu0.2_seed44
[22:17:51] (438/708) trained runs/adult/none/lam3_mu0.2_seed44
[22:17:51] (439/708) skip (exists) runs/credit/window_k8/lam0_mu0.5_seed42
[22:17:51] (440/708) skip (exists) runs/credit/window_k8/lam0_mu0.5_seed43
[22:17:51] (441/708) skip (exists) runs/credit/window_k8/lam0_mu0.5_seed44
[22:17:51] (442/708) skip (exists) runs/credit/window_k8/lam0.1_mu0.5_seed42
[22:17:51] (443/708) skip (exists) runs/credit/window_k8/lam0.1_mu0.5_seed43
[22:17:51] (444/708) skip (exists) runs/credit/window_k8/lam0.1_mu0.5_seed44
[22:17:51] (445/708) skip (exists) runs/credit/window_k8/lam0.25_mu0.5_seed42
[22:17:51] (446/708) skip (exists) runs/credit/window_k8/lam0.25_mu0.5_seed43
[22:17:51] (447/708) skip (exists) runs/credit/window_k8/lam0.25_mu0.5_seed44
[22:17:51] (448/708) skip (exists) runs/credit/window_k8/lam0.5_mu0.5_seed42
[22:17:51] (449/708) skip (exists) runs/credit/window_k8/lam0.5_mu0.5_seed43
[22:17:51] (450/708) skip (exists) runs/credit/window_k8/lam0.5_mu0.5_seed44
[22:17:51] (451/708) skip (exists) runs/credit/window_k8/lam0.75_mu0.5_seed42
[22:17:51] (452/708) skip (exists) runs/credit/window_k8/lam0.75_mu0.5_seed43
[22:17:51] (453/708) skip (exists) runs/credit/window_k8/lam0.75_mu0.5_seed44
[22:17:51] (454/708) skip (exists) runs/credit/window_k8/lam1_mu0.5_seed42
[22:17:51] (455/708) skip (exists) runs/credit/window_k8/lam1_mu0.5_seed43
[22:17:51] (456/708) skip (exists) runs/credit/window_k8/lam1_mu0.5_seed44
[22:17:51] (457/708) skip (exists) runs/credit/window_k8/lam1.5_mu0.5_seed42
[22:17:51] (458/708) skip (exists) runs/credit/window_k8/lam1.5_mu0.5_seed43
[22:17:51] (459/708) skip (exists) runs/credit/window_k8/lam1.5_mu0.5_seed44
[22:17:51] (460/708) skip (exists) runs/credit/window_k8/lam2_mu0.5_seed42
[22:17:51] (461/708) skip (exists) runs/credit/window_k8/lam2_mu0.5_seed43
[22:17:51] (462/708) skip (exists) runs/credit/window_k8/lam2_mu0.5_seed44
[22:17:51] (463/708) skip (exists) runs/credit/window_k8/lam3_mu0.5_seed42
[22:17:51] (464/708) skip (exists) runs/credit/window_k8/lam3_mu0.5_seed43
[22:17:51] (465/708) skip (exists) runs/credit/window_k8/lam3_mu0.5_seed44
[22:17:51] (466/708) skip (exists) runs/credit/window_k8/lam5_mu0.5_seed42
[22:17:51] (467/708) skip (exists) runs/credit/window_k8/lam5_mu0.5_seed43
[22:17:51] (468/708) skip (exists) runs/credit/window_k8/lam5_mu0.5_seed44
[22:17:51] (469/708) trained runs/adult/none/lam2_mu0.2_seed43
[22:17:52] (470/708) trained runs/adult/none/lam5_mu0.2_seed44
[22:17:52] (471/708) trained runs/adult/none/lam3_mu0.2_seed42
[22:17:52] (472/708) trained runs/adult/none/lam2_mu0.2_seed42
[22:17:52] (473/708) trained runs/adult/none/lam5_mu0.2_seed43
[22:17:52] (474/708) trained runs/adult/none/lam5_mu0.2_seed42
[22:17:55] (475/708) trained runs/credit/window_k8/lam0.1_mu0_seed43
[22:17:55] (476/708) trained runs/credit/window_k8/lam0.25_mu0_seed43
[22:17:56] (477/708) trained runs/credit/window_k8/lam0.25_mu0_seed44
[22:17:56] (478/708) trained runs/credit/window_k8/lam0.1_mu0_seed42
[22:17:56] (479/708) trained runs/credit/window_k8/lam0.25_mu0_seed42
[22:17:57] (480/708) trained runs/credit/window_k8/lam0.1_mu0_seed44
[22:17:57] (481/708) trained runs/credit/window_k8/lam0.5_mu0_seed43
[22:17:58] (482/708) trained runs/credit/window_k8/lam0.5_mu0_seed44
[22:17:58] (483/708) trained runs/credit/window_k8/lam0.5_mu0_seed42
[22:17:59] (484/708) trained runs/credit/window_k8/lam0.75_mu0_seed43
[22:18:00] (485/708) trained runs/credit/window_k8/lam1_mu0_seed42
[22:18:00] (486/708) trained runs/credit/window_k8/lam0.75_mu0_seed42
[22:18:00] (487/708) trained runs/credit/window_k8/lam0.75_mu0_seed44
[22:18:00] (488/708) trained runs/credit/window_k8/lam1_mu0_seed43
[22:21:23] (489/708) trained runs/credit/window_k8/lam1_mu0_seed44
[22:21:28] (490/708) trained runs/credit/window_k8/lam1.5_mu0_seed43
[22:21:29] (491/708) trained runs/credit/window_k8/lam1.5_mu0_seed42
[22:21:29] (492/708) trained runs/credit/window_k8/lam1.5_mu0_seed44
[22:21:31] (493/708) trained runs/credit/window_k8/lam2_mu0_seed44
[22:21:32] (494/708) trained runs/credit/window_k8/lam2_mu0_seed43
[22:21:32] (495/708) trained runs/credit/window_k8/lam3_mu0_seed42
[22:21:32] (496/708) skip (exists) runs/credit/none/lam0_mu0.01_seed42
[22:21:32] (497/708) skip (exists) runs/credit/none/lam0_mu0.01_seed43
[22:21:32] (498/708) skip (exists) runs/credit/none/lam0_mu0.01_seed44
[22:21:32] (499/708) skip (exists) runs/credit/none/lam0.1_mu0.01_seed42
[22:21:32] (500/708) skip (exists) runs/credit/none/lam0.1_mu0.01_seed43
[22:21:32] (501/708) skip (exists) runs/credit/none/lam0.1_mu0.01_seed44
[22:21:32] (502/708) skip (exists) runs/credit/none/lam0.25_mu0.01_seed42
[22:21:32] (503/708) skip (exists) runs/credit/none/lam0.25_mu0.01_seed43
[22:21:32] (504/708) skip (exists) runs/credit/none/lam0.25_mu0.01_seed44
[22:21:32] (505/708) skip (exists) runs/credit/none/lam0.5_mu0.01_seed42
[22:21:32] (506/708) skip (exists) runs/credit/none/lam0.5_mu0.01_seed43
[22:21:32] (507/708) skip (exists) runs/credit/none/lam0.5_mu0.01_seed44
[22:21:32] (508/708) skip (exists) runs/credit/none/lam0.75_mu0.01_seed42
[22:21:32] (509/708) skip (exists) runs/credit/none/lam0.75_mu0.01_seed43
[22:21:32] (510/708) skip (exists) runs/credit/none/lam0.75_mu0.01_seed44
[22:21:32] (511/708) skip (exists) runs/credit/none/lam1_mu0.01_seed42
[22:21:32] (512/708) skip (exists) runs/credit/none/lam1_mu0.01_seed43
[22:21:32] (513/708) skip (exists) runs/credit/none/lam1_mu0.01_seed44
[22:21:32] (514/708) skip (exists) runs/credit/none/lam1.5_mu0.01_seed42
[22:21:32] (515/708) skip (exists) runs/credit/none/lam1.5_mu0.01_seed43
[22:21:32] (516/708) skip (exists) runs/credit/none/lam1.5_mu0.01_seed44
[22:21:32] (517/708) skip (exists) runs/credit/none/lam2_mu0.01_seed42
[22:21:32] (518/708) skip (exists) runs/credit/none/lam2_mu0.01_seed43
[22:21:32] (519/708) skip (exists) runs/credit/none/lam2_mu0.01_seed44
[22:21:32] (520/708) skip (exists) runs/credit/none/lam3_mu0.01_seed42
[22:21:32] (521/708) skip (exists) runs/credit/none/lam3_mu0.01_seed43
[22:21:32] (522/708) skip (exists) runs/credit/none/lam3_mu0.01_seed44
[22:21:32] (523/708) skip (exists) runs/credit/none/lam5_mu0.01_seed42
[22:21:32] (524/708) skip (exists) runs/credit/none/lam5_mu0.01_seed43
[22:21:32] (525/708) skip (exists) runs/credit/none/lam5_mu0.01_seed44
[22:21:32] (526/708) skip (exists) runs/credit/none/lam0_mu0.05_seed42
[22:21:32] (527/708) skip (exists) runs/credit/none/lam0_mu0.05_seed43
[22:21:32] (528/708) skip (exists) runs/credit/none/lam0_mu0.05_seed44
[22:21:32] (529/708) skip (exists) runs/credit/none/lam0.1_mu0.05_seed42
[22:21:32] (530/708) skip (exists) runs/credit/none/lam0.1_mu0.05_seed43
[22:21:32] (531/708) skip (exists) runs/credit/none/lam0.1_mu0.05_seed44
[22:21:32] (532/708) skip (exists) runs/credit/none/lam0.25_mu0.05_seed42
[22:21:32] (533/708) skip (exists) runs/credit/none/lam0.25_mu0.05_seed43
[22:21:32] (534/708) skip (exists) runs/credit/none/lam0.25_mu0.05_seed44
[22:21:32] (535/708) skip (exists) runs/credit/none/lam0.5_mu0.05_seed42
[22:21:32] (536/708) skip (exists) runs/credit/none/lam0.5_mu0.05_seed43
[22:21:32] (537/708) skip (exists) runs/credit/none/lam0.5_mu0.05_seed44
[22:21:32] (538/708) skip (exists) runs/credit/none/lam0.75_mu0.05_seed42
[22:21:32] (539/708) skip (exists) runs/credit/none/lam0.75_mu0.05_seed43
[22:21:32] (540/708) skip (exists) runs/credit/none/lam0.75_mu0.05_seed44
[22:21:32] (541/708) skip (exists) runs/credit/none/lam1_mu0.05_seed42
[22:21:32] (542/708) skip (exists) runs/credit/none/lam1_mu0.05_seed43
[22:21:32] (543/708) skip (exists) runs/credit/none/lam1_mu0.05_seed44
[22:21:32] (544/708) skip (exists) runs/credit/none/lam1.5_mu0.05_seed42
[22:21:32] (545/708) skip (exists) runs/credit/none/lam1.5_mu0.05_seed43
[22:21:32] (546/708) skip (exists) runs/credit/none/lam1.5_mu0.05_seed44
[22:21:32] (547/708) skip (exists) runs/credit/none/lam2_mu0.05_seed42
[22:21:32] (548/708) skip (exists) runs/credit/none/lam2_mu0.05_seed43
[22:21:32] (549/708) skip (exists) runs/credit/none/lam2_mu0.05_seed44
[22:21:32] (550/708) skip (exists) runs/credit/none/lam3_mu0.05_seed42
[22:21:32] (551/708) skip (exists) runs/credit/none/lam3_mu0.05_seed43
[22:21:32] (552/708) skip (exists) runs/credit/none/lam3_mu0.05_seed44
[22:21:32] (553/708) skip (exists) runs/credit/none/lam5_mu0.05_seed42
[22:21:32] (554/708) skip (exists) runs/credit/none/lam5_mu0.05_seed43
[22:21:32] (555/708) skip (exists) runs/credit/none/lam5_mu0.05_seed44
[22:21:32] (556/708) skip (exists) runs/credit/none/lam0_mu0.1_seed42
[22:21:32] (557/708) skip (exists) runs/credit/none/lam0_mu0.1_seed43
[22:21:32] (558/708) skip (exists) runs/credit/none/lam0_mu0.1_seed44
[22:21:32] (559/708) skip (exists) runs/credit/none/lam0.1_mu0.1_seed42
[22:21:32] (560/708) skip (exists) runs/credit/none/lam0.1_mu0.1_seed43
[22:21:32] (561/708) skip (exists) runs/credit/none/lam0.1_mu0.1_seed44
[22:21:32] (562/708) skip (exists) runs/credit/none/lam0.25_mu0.1_seed42
[22:21:32] (563/708) skip (exists) runs/credit/none/lam0.25_mu0.1_seed43
[22:21:32] (564/708) skip (exists) runs/credit/none/lam0.25_mu0.1_seed44
[22:21:32] (565/708) skip (exists) runs/credit/none/lam0.5_mu0.1_seed42
[22:21:32] (566/708) skip (exists) runs/credit/none/lam0.5_mu0.1_seed43
[22:21:32] (567/708) skip (exists) runs/credit/none/lam0.5_mu0.1_seed44
[22:21:32] (568/708) skip (exists) runs/credit/none/lam0.75_mu0.1_seed42
[22:21:32] (569/708) skip (exists) runs/credit/none/lam0.75_mu0.1_seed43
[22:21:32] (570/708) skip (exists) runs/credit/none/lam0.75_mu0.1_seed44
[22:21:32] (571/708) skip (exists) runs/credit/none/lam1_mu0.1_seed42
[22:21:32] (572/708) skip (exists) runs/credit/none/lam1_mu0.1_seed43
[22:21:32] (573/708) skip (exists) runs/credit/none/lam1_mu0.1_seed44
[22:21:32] (574/708) skip (exists) runs/credit/none/lam1.5_mu0.1_seed42
[22:21:32] (575/708) skip (exists) runs/credit/none/lam1.5_mu0.1_seed43
[22:21:32] (576/708) skip (exists) runs/credit/none/lam1.5_mu0.1_seed44
[22:21:32] (577/708) skip (exists) runs/credit/none/lam2_mu0.1_seed42
[22:21:32] (578/708) skip (exists) runs/credit/none/lam2_mu0.1_seed43
[22:21:32] (579/708) skip (exists) runs/credit/none/lam2_mu0.1_seed44
[22:21:32] (580/708) skip (exists) runs/credit/none/lam3_mu0.1_seed42
[22:21:32] (581/708) skip (exists) runs/credit/none/lam3_mu0.1_seed43
[22:21:32] (582/708) skip (exists) runs/credit/none/lam3_mu0.1_seed44
[22:21:32] (583/708) skip (exists) runs/credit/none/lam5_mu0.1_seed42
[22:21:32] (584/708) skip (exists) runs/credit/none/lam5_mu0.1_seed43
[22:21:32] (585/708) skip (exists) runs/credit/none/lam5_mu0.1_seed44
[22:21:33] (586/708) trained runs/credit/window_k8/lam5_mu0_seed44
[22:21:33] (587/708) trained runs/credit/window_k8/lam3_mu0_seed44
[22:21:33] (588/708) trained runs/credit/window_k8/lam3_mu0_seed43
[22:21:33] (589/708) trained runs/credit/window_k8/lam5_mu0_seed42
[22:21:33] (590/708) trained runs/credit/window_k8/lam5_mu0_seed43
[22:21:33] (591/708) trained runs/credit/window_k8/lam2_mu0_seed42
[22:21:34] (592/708) trained runs/credit/window_k8/lam0.25_mu0.2_seed42
[22:21:34] (593/708) trained runs/credit/window_k8/lam0_mu0.2_seed42
[22:21:34] (594/708) trained runs/credit/window_k8/lam0_mu0.2_seed43
[22:21:34] (595/708) trained runs/credit/window_k8/lam0_mu0.2_seed44
[22:21:35] (596/708) trained runs/credit/window_k8/lam0.1_mu0.2_seed44
[22:21:35] (597/708) trained runs/credit/window_k8/lam0.1_mu0.2_seed42
[22:21:35] (598/708) trained runs/credit/window_k8/lam0.1_mu0.2_seed43
[22:21:35] (599/708) trained runs/credit/window_k8/lam1_mu0.2_seed43
[22:21:36] (600/708) trained runs/credit/window_k8/lam0.5_mu0.2_seed43
[22:21:36] (601/708) trained runs/credit/window_k8/lam0.25_mu0.2_seed44
[22:21:36] (602/708) trained runs/credit/window_k8/lam0.5_mu0.2_seed42
[22:21:36] (603/708) trained runs/credit/window_k8/lam0.25_mu0.2_seed43
[22:21:37] (604/708) trained runs/credit/window_k8/lam0.75_mu0.2_seed44
[22:21:37] (605/708) trained runs/credit/window_k8/lam1_mu0.2_seed42
[22:21:37] (606/708) trained runs/credit/window_k8/lam0.75_mu0.2_seed42
[22:21:37] (607/708) trained runs/credit/window_k8/lam0.75_mu0.2_seed43
[22:21:37] (608/708) trained runs/credit/window_k8/lam0.5_mu0.2_seed44
[22:21:38] (609/708) trained runs/credit/window_k8/lam1.5_mu0.2_seed42
[22:21:39] (610/708) trained runs/credit/window_k8/lam1_mu0.2_seed44
[22:21:39] (611/708) trained runs/credit/window_k8/lam1.5_mu0.2_seed44
[22:21:39] (612/708) trained runs/credit/window_k8/lam1.5_mu0.2_seed43
[22:21:40] (613/708) trained runs/credit/window_k8/lam2_mu0.2_seed43
[22:21:40] (614/708) trained runs/credit/window_k8/lam2_mu0.2_seed44
[22:21:40] (615/708) trained runs/credit/window_k8/lam3_mu0.2_seed42
[22:21:40] (616/708) skip (exists) runs/credit/none/lam0_mu0.5_seed42
[22:21:40] (617/708) skip (exists) runs/credit/none/lam0_mu0.5_seed43
[22:21:40] (618/708) skip (exists) runs/credit/none/lam0_mu0.5_seed44
[22:21:40] (619/708) skip (exists) runs/credit/none/lam0.1_mu0.5_seed42
[22:21:40] (620/708) skip (exists) runs/credit/none/lam0.1_mu0.5_seed43
[22:21:40] (621/708) skip (exists) runs/credit/none/lam0.1_mu0.5_seed44
[22:21:40] (622/708) skip (exists) runs/credit/none/lam0.25_mu0.5_seed42
[22:21:40] (623/708) skip (exists) runs/credit/none/lam0.25_mu0.5_seed43
[22:21:40] (624/708) skip (exists) runs/credit/none/lam0.25_mu0.5_seed44
[22:21:40] (625/708) skip (exists) runs/credit/none/lam0.5_mu0.5_seed42
[22:21:40] (626/708) skip (exists) runs/credit/none/lam0.5_mu0.5_seed43
[22:21:40] (627/708) skip (exists) runs/credit/none/lam0.5_mu0.5_seed44
[22:21:40] (628/708) skip (exists) runs/credit/none/lam0.75_mu0.5_seed42
[22:21:40] (629/708) skip (exists) runs/credit/none/lam0.75_mu0.5_seed43
[22:21:40] (630/708) skip (exists) runs/credit/none/lam0.75_mu0.5_seed44
[22:21:40] (631/708) skip (exists) runs/credit/none/lam1_mu0.5_seed42
[22:21:40] (632/708) skip (exists) runs/credit/none/lam1_mu0.5_seed43
[22:21:40] (633/708) skip (exists) runs/credit/none/lam1_mu0.5_seed44
[22:21:40] (634/708) skip (exists) runs/credit/none/lam1.5_mu0.5_seed42
[22:21:40] (635/708) skip (exists) runs/credit/none/lam1.5_mu0.5_seed43
[22:21:40] (636/708) skip (exists) runs/credit/none/lam1.5_mu0.5_seed44
[22:21:40] (637/708) skip (exists) runs/credit/none/lam2_mu0.5_seed42
[22:21:40] (638/708) skip (exists) runs/credit/none/lam2_mu0.5_seed43
[22:21:40] (639/708) skip (exists) runs/credit/none/lam2_mu0.5_seed44
[22:21:40] (640/708) skip (exists) runs/credit/none/lam3_mu0.5_seed42
[22:21:40] (641/708) skip (exists) runs/credit/none/lam3_mu0.5_seed43
[22:21:40] (642/708) skip (exists) runs/credit/none/lam3_mu0.5_seed44
[22:21:40] (643/708) skip (exists) runs/credit/none/lam5_mu0.5_seed42
[22:21:40] (644/708) skip (exists) runs/credit/none/lam5_mu0.5_seed43
[22:21:40] (645/708) skip (exists) runs/credit/none/lam5_mu0.5_seed44
[22:21:40] (646/708) trained runs/credit/window_k8/lam5_mu0.2_seed43
[22:21:41] (647/708) trained runs/credit/window_k8/lam2_mu0.2_seed42
[22:21:42] (648/708) trained runs/credit/window_k8/lam3_mu0.2_seed43
[22:21:42] (649/708) trained runs/credit/none/lam0.1_mu0_seed43
[22:21:42] (650/708) trained runs/credit/none/lam0.1_mu0_seed44
[22:21:42] (651/708) trained runs/credit/none/lam0.25_mu0_seed43
[22:21:42] (652/708) trained runs/credit/none/lam0.1_mu0_seed42
[22:21:42] (653/708) trained runs/credit/window_k8/lam3_mu0.2_seed44
[22:21:42] (654/708) trained runs/credit/window_k8/lam5_mu0.2_seed44
[22:21:43] (655/708) trained runs/credit/none/lam0.5_mu0_seed42
[22:21:43] (656/708) trained runs/credit/window_k8/lam5_mu0.2_seed42
[22:21:43] (657/708) trained runs/credit/none/lam0.25_mu0_seed44
[22:21:43] (658/708) trained runs/credit/none/lam0.25_mu0_seed42
[22:21:46] (659/708) trained runs/credit/none/lam0.5_mu0_seed43
[22:21:46] (660/708) trained runs/credit/none/lam0.5_mu0_seed44
[22:21:46] (661/708) trained runs/credit/none/lam0.75_mu0_seed42
[22:21:47] (662/708) trained runs/credit/none/lam0.75_mu0_seed44
[22:21:47] (663/708) trained runs/credit/none/lam0.75_mu0_seed43
[22:21:48] (664/708) trained runs/credit/none/lam1_mu0_seed42
[22:21:49] (665/708) trained runs/credit/none/lam1_mu0_seed43
[22:21:50] (666/708) trained runs/credit/none/lam1_mu0_seed44
[22:21:51] (667/708) trained runs/credit/none/lam1.5_mu0_seed42
[22:21:51] (668/708) trained runs/credit/none/lam1.5_mu0_seed43
[22:21:51] (669/708) trained runs/credit/none/lam1.5_mu0_seed44
[22:21:52] (670/708) trained runs/credit/none/lam2_mu0_seed43
[22:21:52] (671/708) trained runs/credit/none/lam2_mu0_seed44
[22:21:53] (672/708) trained runs/credit/none/lam2_mu0_seed42
[22:24:50] (673/708) trained runs/credit/none/lam3_mu0_seed42
[22:24:57] (674/708) trained runs/credit/none/lam5_mu0_seed42
[22:24:58] (675/708) trained runs/credit/none/lam3_mu0_seed44
[22:24:59] (676/708) trained runs/credit/none/lam0_mu0.2_seed43
[22:25:00] (677/708) trained runs/credit/none/lam0.25_mu0.2_seed43
[22:25:01] (678/708) trained runs/credit/none/lam5_mu0_seed43
[22:25:01] (679/708) trained runs/credit/none/lam0_mu0.2_seed42
[22:25:01] (680/708) trained runs/credit/none/lam0_mu0.2_seed44
[22:25:01] (681/708) trained runs/credit/none/lam3_mu0_seed43
[22:25:02] (682/708) trained runs/credit/none/lam0.75_mu0.2_seed44
[22:25:02] (683/708) trained runs/credit/none/lam5_mu0_seed44
[22:25:03] (684/708) trained runs/credit/none/lam0.1_mu0.2_seed42
[22:25:03] (685/708) trained runs/credit/none/lam0.25_mu0.2_seed42
[22:25:04] (686/708) trained runs/credit/none/lam0.25_mu0.2_seed44
[22:25:04] (687/708) trained runs/credit/none/lam0.1_mu0.2_seed43
[22:25:04] (688/708) trained runs/credit/none/lam0.1_mu0.2_seed44
[22:25:04] (689/708) trained runs/credit/none/lam0.5_mu0.2_seed43
[22:25:04] (690/708) trained runs/credit/none/lam0.5_mu0.2_seed42
[22:25:05] (691/708) trained runs/credit/none/lam1_mu0.2_seed43
[22:25:05] (692/708) trained runs/credit/none/lam2_mu0.2_seed42
[22:25:05] (693/708) trained runs/credit/none/lam2_mu0.2_seed43
[22:25:06] (694/708) trained runs/credit/none/lam0.5_mu0.2_seed44
[22:25:06] (695/708) trained runs/credit/none/lam1_mu0.2_seed42
[22:25:06] (696/708) trained runs/credit/none/lam1.5_mu0.2_seed43
[22:25:06] (697/708) trained runs/credit/none/lam0.75_mu0.2_seed43
[22:25:07] (698/708) trained runs/credit/none/lam0.75_mu0.2_seed42
[22:25:07] (699/708) trained runs/credit/none/lam1_mu0.2_seed44
[22:25:07] (700/708) trained runs/credit/none/lam3_mu0.2_seed44
[22:25:08] (701/708) trained runs/credit/none/lam1.5_mu0.2_seed42
[22:25:09] (702/708) trained runs/credit/none/lam2_mu0.2_seed44
[22:25:09] (703/708) trained runs/credit/none/lam1.5_mu0.2_seed44
[22:25:09] (704/708) trained runs/credit/none/lam5_mu0.2_seed44
[22:25:10] (705/708) trained runs/credit/none/lam5_mu0.2_seed42
[22:25:10] (706/708) trained runs/credit/none/lam3_mu0.2_seed42
[22:25:11] (707/708) trained runs/credit/none/lam3_mu0.2_seed43
[22:25:11] (708/708) trained runs/credit/none/lam5_mu0.2_seed43
[Sun Sep 27 22:25:14 +03 2026] evaluating
[22:26:00] (1/1420) evaluated results/adult/natural/rl/window_k8/lam2_mu0.01_seed42.json
[22:26:00] (2/1420) evaluated results/adult/natural/rl/window_k8/lam0_mu0.01_seed42.json
[22:26:00] (3/1420) evaluated results/adult/natural/rl/window_k8/lam1.5_mu0_seed42.json
[22:26:00] (4/1420) evaluated results/adult/natural/rl/window_k8/lam5_mu0.01_seed43.json
[22:26:00] (5/1420) evaluated results/adult/natural/rl/window_k8/lam1_mu0_seed42.json
[22:26:00] (6/1420) evaluated results/adult/natural/rl/window_k8/lam0.75_mu0.01_seed42.json
[22:26:00] (7/1420) evaluated results/adult/natural/rl/window_k8/lam1_mu0.01_seed42.json
[22:26:00] (8/1420) evaluated results/adult/natural/rl/window_k8/lam2_mu0.01_seed43.json
[22:26:00] (9/1420) evaluated results/adult/natural/rl/window_k8/lam1.5_mu0.01_seed44.json
[22:26:00] (10/1420) evaluated results/adult/natural/rl/window_k8/lam0_mu0.01_seed43.json
[22:26:00] (11/1420) evaluated results/adult/natural/rl/window_k8/lam0.5_mu0_seed44.json
[22:26:00] (12/1420) evaluated results/adult/natural/rl/window_k8/lam0.25_mu0.01_seed42.json
[22:26:00] (13/1420) evaluated results/adult/natural/rl/window_k8/lam5_mu0_seed43.json
[22:26:00] (14/1420) evaluated results/adult/natural/rl/window_k8/lam3_mu0_seed42.json
[22:26:00] (15/1420) evaluated results/adult/natural/rl/window_k8/lam2_mu0_seed42.json
[22:26:00] (16/1420) evaluated results/adult/natural/rl/window_k8/lam3_mu0_seed44.json
[22:26:00] (17/1420) evaluated results/adult/natural/rl/window_k8/lam0.1_mu0_seed44.json
[22:26:00] (18/1420) evaluated results/adult/natural/rl/window_k8/lam0.5_mu0.01_seed42.json
[22:26:00] (19/1420) evaluated results/adult/natural/rl/window_k8/lam2_mu0_seed43.json
[22:26:00] (20/1420) evaluated results/adult/natural/rl/window_k8/lam1.5_mu0.01_seed43.json
[22:26:00] (21/1420) evaluated results/adult/natural/rl/window_k8/lam3_mu0.01_seed43.json
[22:26:00] (22/1420) evaluated results/adult/natural/rl/window_k8/lam0.1_mu0_seed43.json
[22:26:00] (23/1420) evaluated results/adult/natural/rl/window_k8/lam1.5_mu0_seed44.json
[22:26:00] (24/1420) evaluated results/adult/natural/rl/window_k8/lam0.25_mu0_seed43.json
[22:26:00] (25/1420) evaluated results/adult/natural/rl/window_k8/lam5_mu0_seed42.json
[22:26:00] (26/1420) evaluated results/adult/natural/rl/window_k8/lam0.75_mu0_seed44.json
[22:26:00] (27/1420) evaluated results/adult/natural/rl/window_k8/lam1.5_mu0.01_seed42.json
[22:26:00] (28/1420) evaluated results/adult/natural/rl/window_k8/lam0.25_mu0.01_seed43.json
[22:26:00] (29/1420) evaluated results/adult/natural/rl/window_k8/lam0.5_mu0.01_seed44.json
[22:26:00] (30/1420) evaluated results/adult/natural/rl/window_k8/lam0.25_mu0_seed42.json
[22:26:00] (31/1420) evaluated results/adult/natural/rl/window_k8/lam0.1_mu0.01_seed44.json
[22:26:00] (32/1420) evaluated results/adult/natural/rl/window_k8/lam0.75_mu0.01_seed43.json
[22:26:00] (33/1420) evaluated results/adult/natural/rl/window_k8/lam3_mu0_seed43.json
[22:26:00] (34/1420) evaluated results/adult/natural/rl/window_k8/lam2_mu0_seed44.json
[22:26:00] (35/1420) evaluated results/adult/natural/rl/window_k8/lam0_mu0.05_seed44.json
[22:26:00] (36/1420) evaluated results/adult/natural/rl/window_k8/lam3_mu0.01_seed44.json
[22:26:00] (37/1420) evaluated results/adult/natural/rl/window_k8/lam1_mu0.01_seed43.json
[22:26:00] (38/1420) evaluated results/adult/natural/rl/window_k8/lam1_mu0_seed44.json
[22:26:00] (39/1420) evaluated results/adult/natural/rl/window_k8/lam0.1_mu0.01_seed43.json
[22:26:00] (40/1420) evaluated results/adult/natural/rl/window_k8/lam1.5_mu0_seed43.json
[22:26:00] (41/1420) evaluated results/adult/natural/rl/window_k8/lam5_mu0.01_seed44.json
[22:26:00] (42/1420) evaluated results/adult/natural/rl/window_k8/lam0_mu0.05_seed42.json
[22:26:00] (43/1420) evaluated results/adult/natural/rl/window_k8/lam1_mu0.01_seed44.json
[22:26:00] (44/1420) evaluated results/adult/natural/rl/window_k8/lam0.75_mu0.01_seed44.json
[22:26:00] (45/1420) evaluated results/adult/natural/rl/window_k8/lam1_mu0_seed43.json
[22:26:00] (46/1420) evaluated results/adult/natural/rl/window_k8/lam0.75_mu0_seed43.json
[22:26:00] (47/1420) evaluated results/adult/natural/rl/window_k8/lam5_mu0.01_seed42.json
[22:26:00] (48/1420) evaluated results/adult/natural/rl/window_k8/lam5_mu0_seed44.json
[22:26:00] (49/1420) evaluated results/adult/natural/rl/window_k8/lam0.1_mu0.05_seed43.json
[22:26:00] (50/1420) evaluated results/adult/natural/rl/window_k8/lam0.25_mu0_seed44.json
[22:26:00] (51/1420) evaluated results/adult/natural/rl/window_k8/lam0_mu0.05_seed43.json
[22:26:00] (52/1420) evaluated results/adult/natural/rl/window_k8/lam0_mu0.01_seed44.json
[22:26:00] (53/1420) evaluated results/adult/natural/rl/window_k8/lam0.1_mu0_seed42.json
[22:26:00] (54/1420) evaluated results/adult/natural/rl/window_k8/lam0.5_mu0_seed43.json
[22:26:01] (55/1420) evaluated results/adult/natural/rl/window_k8/lam0.75_mu0_seed42.json
[22:26:01] (56/1420) evaluated results/adult/natural/rl/window_k8/lam0.1_mu0.05_seed44.json
[22:26:01] (57/1420) evaluated results/adult/natural/rl/window_k8/lam3_mu0.01_seed42.json
[22:26:01] (58/1420) evaluated results/adult/natural/rl/window_k8/lam0.1_mu0.05_seed42.json
[22:26:01] (59/1420) evaluated results/adult/natural/rl/window_k8/lam2_mu0.01_seed44.json
[22:26:01] (60/1420) evaluated results/adult/natural/rl/window_k8/lam0.1_mu0.01_seed42.json
[22:26:01] (61/1420) evaluated results/adult/natural/rl/window_k8/lam0.5_mu0_seed42.json
[22:26:01] (62/1420) evaluated results/adult/natural/rl/window_k8/lam0.5_mu0.01_seed43.json
[22:26:02] (63/1420) evaluated results/adult/natural/rl/window_k8/lam0.25_mu0.01_seed44.json
[22:26:06] (64/1420) evaluated results/adult/natural/rl/window_k8/lam0.25_mu0.05_seed42.json
[22:26:06] (65/1420) evaluated results/adult/natural/rl/window_k8/lam0.25_mu0.05_seed43.json
[22:26:06] (66/1420) evaluated results/adult/natural/rl/window_k8/lam0.5_mu0.05_seed42.json
[22:26:06] (67/1420) evaluated results/adult/natural/rl/window_k8/lam1_mu0.05_seed43.json
[22:26:06] (68/1420) evaluated results/adult/natural/rl/window_k8/lam0.75_mu0.05_seed42.json
[22:26:06] (69/1420) evaluated results/adult/natural/rl/window_k8/lam1_mu0.05_seed42.json
[22:26:06] (70/1420) evaluated results/adult/natural/rl/window_k8/lam0.75_mu0.05_seed43.json
[22:26:06] (71/1420) evaluated results/adult/natural/rl/window_k8/lam0.5_mu0.05_seed43.json
[22:26:06] (72/1420) evaluated results/adult/natural/rl/window_k8/lam1.5_mu0.05_seed43.json
[22:26:06] (73/1420) evaluated results/adult/natural/rl/window_k8/lam1.5_mu0.05_seed42.json
[22:26:06] (74/1420) evaluated results/adult/natural/rl/window_k8/lam3_mu0.05_seed43.json
[22:26:06] (75/1420) evaluated results/adult/natural/rl/window_k8/lam0.5_mu0.05_seed44.json
[22:26:06] (76/1420) evaluated results/adult/natural/rl/window_k8/lam2_mu0.05_seed44.json
[22:26:06] (77/1420) evaluated results/adult/natural/rl/window_k8/lam2_mu0.05_seed42.json
[22:26:07] (78/1420) evaluated results/adult/natural/rl/window_k8/lam3_mu0.05_seed42.json
[22:26:07] (79/1420) evaluated results/adult/natural/rl/window_k8/lam1_mu0.05_seed44.json
[22:26:07] (80/1420) evaluated results/adult/natural/rl/window_k8/lam3_mu0.05_seed44.json
[22:26:07] (81/1420) evaluated results/adult/natural/rl/window_k8/lam1.5_mu0.05_seed44.json
[22:26:07] (82/1420) evaluated results/adult/natural/rl/window_k8/lam0_mu0.1_seed42.json
[22:26:07] (83/1420) evaluated results/adult/natural/rl/window_k8/lam2_mu0.05_seed43.json
[22:26:07] (84/1420) evaluated results/adult/natural/rl/window_k8/lam0_mu0.1_seed43.json
[22:26:07] (85/1420) evaluated results/adult/natural/rl/window_k8/lam0.25_mu0.1_seed44.json
[22:26:07] (86/1420) evaluated results/adult/natural/rl/window_k8/lam0.1_mu0.1_seed42.json
[22:26:07] (87/1420) evaluated results/adult/natural/rl/window_k8/lam0.75_mu0.1_seed44.json
[22:26:07] (88/1420) evaluated results/adult/natural/rl/window_k8/lam5_mu0.05_seed42.json
[22:26:07] (89/1420) evaluated results/adult/natural/rl/window_k8/lam0.25_mu0.1_seed43.json
[22:26:07] (90/1420) evaluated results/adult/natural/rl/window_k8/lam0.1_mu0.1_seed44.json
[22:26:07] (91/1420) evaluated results/adult/natural/rl/window_k8/lam0.5_mu0.1_seed44.json
[22:26:07] (92/1420) evaluated results/adult/natural/rl/window_k8/lam1_mu0.1_seed43.json
[22:26:07] (93/1420) evaluated results/adult/natural/rl/window_k8/lam0.75_mu0.1_seed42.json
[22:26:07] (94/1420) evaluated results/adult/natural/rl/window_k8/lam0.75_mu0.1_seed43.json
[22:26:07] (95/1420) evaluated results/adult/natural/rl/window_k8/lam1_mu0.1_seed44.json
[22:26:07] (96/1420) evaluated results/adult/natural/rl/window_k8/lam3_mu0.1_seed43.json
[22:26:07] (97/1420) evaluated results/adult/natural/rl/window_k8/lam1.5_mu0.1_seed43.json
[22:26:07] (98/1420) evaluated results/adult/natural/rl/window_k8/lam1_mu0.1_seed42.json
[22:26:07] (99/1420) evaluated results/adult/natural/rl/window_k8/lam1.5_mu0.1_seed44.json
[22:26:07] (100/1420) evaluated results/adult/natural/rl/window_k8/lam1.5_mu0.1_seed42.json
[22:26:07] (101/1420) evaluated results/adult/natural/rl/window_k8/lam3_mu0.1_seed42.json
[22:26:07] (102/1420) evaluated results/adult/natural/rl/window_k8/lam2_mu0.1_seed44.json
[22:26:07] (103/1420) evaluated results/adult/natural/rl/window_k8/lam2_mu0.1_seed42.json
[22:26:07] (104/1420) evaluated results/adult/natural/rl/window_k8/lam5_mu0.1_seed42.json
[22:26:07] (105/1420) evaluated results/adult/natural/rl/window_k8/lam3_mu0.1_seed44.json
[22:26:07] (106/1420) evaluated results/adult/natural/rl/window_k8/lam5_mu0.1_seed43.json
[22:26:07] (107/1420) evaluated results/adult/natural/rl/window_k8/lam5_mu0.05_seed44.json
[22:26:07] (108/1420) evaluated results/adult/natural/rl/window_k8/lam5_mu0.1_seed44.json
[22:26:07] (109/1420) evaluated results/adult/natural/rl/window_k8/lam0_mu0.2_seed42.json
[22:26:07] (110/1420) evaluated results/adult/natural/rl/window_k8/lam0_mu0.2_seed44.json
[22:26:07] (111/1420) evaluated results/adult/natural/rl/window_k8/lam0.1_mu0.2_seed42.json
[22:26:07] (112/1420) evaluated results/adult/natural/rl/window_k8/lam0.25_mu0.2_seed43.json
[22:26:07] (113/1420) evaluated results/adult/natural/rl/window_k8/lam0.1_mu0.2_seed44.json
[22:26:07] (114/1420) evaluated results/adult/natural/rl/window_k8/lam0.25_mu0.2_seed42.json
[22:26:07] (115/1420) evaluated results/adult/natural/rl/window_k8/lam0.1_mu0.2_seed43.json
[22:26:08] (116/1420) evaluated results/adult/natural/rl/window_k8/lam0_mu0.2_seed43.json
[22:26:08] (117/1420) evaluated results/adult/natural/rl/window_k8/lam0.25_mu0.05_seed44.json
[22:26:08] (118/1420) evaluated results/adult/natural/rl/window_k8/lam0.25_mu0.1_seed42.json
[22:26:08] (119/1420) evaluated results/adult/natural/rl/window_k8/lam2_mu0.1_seed43.json
[22:26:08] (120/1420) evaluated results/adult/natural/rl/window_k8/lam0.75_mu0.05_seed44.json
[22:26:08] (121/1420) evaluated results/adult/natural/rl/window_k8/lam0_mu0.1_seed44.json
[22:26:08] (122/1420) evaluated results/adult/natural/rl/window_k8/lam0.25_mu0.2_seed44.json
[22:26:09] (123/1420) evaluated results/adult/natural/rl/window_k8/lam0.5_mu0.1_seed43.json
[22:26:09] (124/1420) evaluated results/adult/natural/rl/window_k8/lam0.1_mu0.1_seed43.json
[22:26:09] (125/1420) evaluated results/adult/natural/rl/window_k8/lam5_mu0.05_seed43.json
[22:26:10] (126/1420) evaluated results/adult/natural/rl/window_k8/lam0.5_mu0.1_seed42.json
[22:26:13] (127/1420) evaluated results/adult/natural/rl/window_k8/lam0.5_mu0.2_seed42.json
[22:26:13] (128/1420) evaluated results/adult/natural/rl/window_k8/lam0.5_mu0.2_seed44.json
[22:26:13] (129/1420) evaluated results/adult/natural/rl/window_k8/lam0.5_mu0.2_seed43.json
[22:26:13] (130/1420) evaluated results/adult/natural/rl/window_k8/lam0.75_mu0.2_seed42.json
[22:26:13] (131/1420) evaluated results/adult/natural/rl/window_k8/lam0.75_mu0.2_seed43.json
[22:26:13] (132/1420) evaluated results/adult/natural/rl/window_k8/lam0.75_mu0.2_seed44.json
[22:26:13] (133/1420) evaluated results/adult/natural/rl/window_k8/lam1.5_mu0.2_seed43.json
[22:26:13] (134/1420) evaluated results/adult/natural/rl/window_k8/lam1_mu0.2_seed44.json
[22:26:13] (135/1420) evaluated results/adult/natural/rl/window_k8/lam2_mu0.2_seed42.json
[22:26:13] (136/1420) evaluated results/adult/natural/rl/window_k8/lam1_mu0.2_seed42.json
[22:26:13] (137/1420) evaluated results/adult/natural/rl/window_k8/lam1_mu0.2_seed43.json
[22:26:13] (138/1420) evaluated results/adult/natural/rl/window_k8/lam1.5_mu0.2_seed44.json
[22:26:13] (139/1420) evaluated results/adult/natural/rl/window_k8/lam1.5_mu0.2_seed42.json
[22:26:13] (140/1420) evaluated results/adult/natural/rl/window_k8/lam2_mu0.2_seed43.json
[22:26:13] (141/1420) evaluated results/adult/natural/rl/window_k8/lam5_mu0.2_seed42.json
[22:26:13] (142/1420) evaluated results/adult/natural/rl/window_k8/lam3_mu0.2_seed43.json
[22:26:13] (143/1420) evaluated results/adult/natural/rl/window_k8/lam2_mu0.2_seed44.json
[22:26:13] (144/1420) evaluated results/adult/natural/rl/window_k8/lam0_mu0.5_seed42.json
[22:26:13] (145/1420) evaluated results/adult/natural/rl/window_k8/lam5_mu0.2_seed44.json
[22:26:13] (146/1420) evaluated results/adult/natural/rl/window_k8/lam5_mu0.2_seed43.json
[22:26:13] (147/1420) evaluated results/adult/natural/rl/window_k8/lam3_mu0.2_seed42.json
[22:26:13] (148/1420) evaluated results/adult/natural/rl/window_k8/lam3_mu0.2_seed44.json
[22:26:13] (149/1420) evaluated results/adult/natural/rl/window_k8/lam0_mu0.5_seed43.json
[22:26:13] (150/1420) evaluated results/adult/natural/rl/window_k8/lam0.1_mu0.5_seed43.json
[22:26:13] (151/1420) evaluated results/adult/natural/rl/window_k8/lam0.25_mu0.5_seed42.json
[22:26:13] (152/1420) evaluated results/adult/natural/rl/window_k8/lam0.5_mu0.5_seed44.json
[22:26:13] (153/1420) evaluated results/adult/natural/rl/window_k8/lam0.1_mu0.5_seed42.json
[22:26:13] (154/1420) evaluated results/adult/natural/rl/window_k8/lam0.25_mu0.5_seed43.json
[22:26:14] (155/1420) evaluated results/adult/natural/rl/window_k8/lam0.75_mu0.5_seed43.json
[22:26:14] (156/1420) evaluated results/adult/natural/rl/window_k8/lam2_mu0.5_seed44.json
[22:26:14] (157/1420) evaluated results/adult/natural/rl/window_k8/lam2_mu0.5_seed42.json
[22:26:14] (158/1420) evaluated results/adult/natural/rl/window_k8/lam3_mu0.5_seed42.json
[22:26:14] (159/1420) evaluated results/adult/natural/rl/window_k8/lam0.75_mu0.5_seed42.json
[22:26:14] (160/1420) evaluated results/adult/natural/rl/window_k8/lam1_mu0.5_seed43.json
[22:26:14] (161/1420) evaluated results/adult/natural/rl/window_k8/lam1.5_mu0.5_seed42.json
[22:26:14] (162/1420) evaluated results/adult/natural/rl/window_k8/lam1_mu0.5_seed42.json
[22:26:14] (163/1420) evaluated results/adult/natural/rl/window_k8/lam1_mu0.5_seed44.json
[22:26:14] (164/1420) evaluated results/adult/natural/rl/window_k8/lam0.25_mu0.5_seed44.json
[22:26:14] (165/1420) evaluated results/adult/natural/rl/window_k8/lam1.5_mu0.5_seed44.json
[22:26:14] (166/1420) evaluated results/adult/natural/rl/window_k8/lam1.5_mu0.5_seed43.json
[22:26:14] (167/1420) evaluated results/adult/natural/rl/window_k8/lam0.5_mu0.5_seed43.json
[22:26:14] (168/1420) evaluated results/adult/natural/rl/window_k8/lam0.1_mu0.5_seed44.json
[22:26:14] (169/1420) evaluated results/adult/natural/rl/window_k8/lam0.75_mu0.5_seed44.json
[22:26:14] (170/1420) evaluated results/adult/natural/rl/window_k8/lam3_mu0.5_seed43.json
[22:26:14] (171/1420) evaluated results/adult/natural/rl/window_k8/lam5_mu0.5_seed42.json
[22:26:14] (172/1420) evaluated results/adult/natural/rl/window_k8/lam3_mu0.5_seed44.json
[22:26:14] (173/1420) evaluated results/adult/natural/rl/window_k8/lam5_mu0.5_seed44.json
[22:26:14] (174/1420) evaluated results/adult/natural/rl/window_k8/lam5_mu0.5_seed43.json
[22:26:14] (175/1420) evaluated results/adult/natural/rl/none/lam0.1_mu0_seed42.json
[22:26:14] (176/1420) evaluated results/adult/natural/rl/none/lam0.1_mu0_seed44.json
[22:26:14] (177/1420) evaluated results/adult/natural/rl/none/lam0.1_mu0_seed43.json
[22:26:14] (178/1420) evaluated results/adult/natural/rl/none/lam0.25_mu0_seed43.json
[22:26:14] (179/1420) evaluated results/adult/natural/rl/none/lam0.25_mu0_seed44.json
[22:26:14] (180/1420) evaluated results/adult/natural/rl/none/lam0.25_mu0_seed42.json
[22:26:15] (181/1420) evaluated results/adult/natural/rl/window_k8/lam0_mu0.5_seed44.json
[22:26:15] (182/1420) evaluated results/adult/natural/rl/window_k8/lam0.5_mu0.5_seed42.json
[22:26:15] (183/1420) evaluated results/adult/natural/rl/none/lam0.5_mu0_seed42.json
[22:26:15] (184/1420) evaluated results/adult/natural/rl/none/lam0.5_mu0_seed43.json
[22:26:15] (185/1420) evaluated results/adult/natural/rl/none/lam0.5_mu0_seed44.json
[22:26:15] (186/1420) evaluated results/adult/natural/rl/none/lam0.75_mu0_seed42.json
[22:26:16] (187/1420) evaluated results/adult/natural/rl/none/lam0.75_mu0_seed43.json
[22:26:17] (188/1420) evaluated results/adult/natural/rl/none/lam0.75_mu0_seed44.json
[22:26:19] (189/1420) evaluated results/adult/natural/rl/window_k8/lam2_mu0.5_seed43.json
[22:26:19] (190/1420) evaluated results/adult/natural/baselines.json
[22:26:19] (191/1420) evaluated results/adult/natural/rl/none/lam1_mu0_seed42.json
[22:26:19] (192/1420) evaluated results/adult/natural/rl/none/lam1_mu0_seed43.json
[22:26:19] (193/1420) evaluated results/adult/natural/rl/none/lam1_mu0_seed44.json
[22:26:19] (194/1420) evaluated results/adult/natural/rl/none/lam1.5_mu0_seed42.json
[22:26:20] (195/1420) evaluated results/adult/natural/rl/none/lam2_mu0_seed42.json
[22:26:20] (196/1420) evaluated results/adult/natural/rl/none/lam2_mu0_seed44.json
[22:26:20] (197/1420) evaluated results/adult/natural/rl/none/lam3_mu0_seed42.json
[22:26:20] (198/1420) evaluated results/adult/natural/rl/none/lam1.5_mu0_seed44.json
[22:26:20] (199/1420) evaluated results/adult/natural/rl/none/lam1.5_mu0_seed43.json
[22:26:20] (200/1420) evaluated results/adult/natural/rl/none/lam3_mu0_seed43.json
[22:26:20] (201/1420) evaluated results/adult/natural/rl/none/lam5_mu0_seed42.json
[22:26:20] (202/1420) evaluated results/adult/natural/rl/none/lam2_mu0_seed43.json
[22:26:20] (203/1420) evaluated results/adult/natural/rl/none/lam3_mu0_seed44.json
[22:26:20] (204/1420) evaluated results/adult/natural/rl/none/lam5_mu0_seed44.json
[22:26:20] (205/1420) evaluated results/adult/natural/rl/none/lam5_mu0_seed43.json
[22:26:20] (206/1420) evaluated results/adult/natural/rl/none/lam0_mu0.01_seed44.json
[22:26:20] (207/1420) evaluated results/adult/natural/rl/none/lam0_mu0.01_seed42.json
[22:26:20] (208/1420) evaluated results/adult/natural/rl/none/lam0.1_mu0.01_seed42.json
[22:26:20] (209/1420) evaluated results/adult/natural/rl/none/lam0.25_mu0.01_seed44.json
[22:26:20] (210/1420) evaluated results/adult/natural/rl/none/lam0.25_mu0.01_seed43.json
[22:26:20] (211/1420) evaluated results/adult/natural/rl/none/lam0.1_mu0.01_seed43.json
[22:26:20] (212/1420) evaluated results/adult/natural/rl/none/lam0.1_mu0.01_seed44.json
[22:26:20] (213/1420) evaluated results/adult/natural/rl/none/lam0.5_mu0.01_seed43.json
[22:26:20] (214/1420) evaluated results/adult/natural/rl/none/lam0.25_mu0.01_seed42.json
[22:26:20] (215/1420) evaluated results/adult/natural/rl/none/lam0.5_mu0.01_seed42.json
[22:26:20] (216/1420) evaluated results/adult/natural/rl/none/lam1_mu0.01_seed43.json
[22:26:20] (217/1420) evaluated results/adult/natural/rl/none/lam0.75_mu0.01_seed43.json
[22:26:20] (218/1420) evaluated results/adult/natural/rl/none/lam0.75_mu0.01_seed42.json
[22:26:20] (219/1420) evaluated results/adult/natural/rl/none/lam0.5_mu0.01_seed44.json
[22:26:20] (220/1420) evaluated results/adult/natural/rl/none/lam1_mu0.01_seed42.json
[22:26:20] (221/1420) evaluated results/adult/natural/rl/none/lam1.5_mu0.01_seed43.json
[22:26:20] (222/1420) evaluated results/adult/natural/rl/none/lam1.5_mu0.01_seed42.json
[22:26:20] (223/1420) evaluated results/adult/natural/rl/none/lam0.75_mu0.01_seed44.json
[22:26:20] (224/1420) evaluated results/adult/natural/rl/none/lam1_mu0.01_seed44.json
[22:26:20] (225/1420) evaluated results/adult/natural/rl/none/lam2_mu0.01_seed42.json
[22:26:20] (226/1420) evaluated results/adult/natural/rl/none/lam0_mu0.01_seed43.json
[22:26:20] (227/1420) evaluated results/adult/natural/rl/none/lam2_mu0.01_seed43.json
[22:26:20] (228/1420) evaluated results/adult/natural/rl/none/lam5_mu0.01_seed43.json
[22:26:20] (229/1420) evaluated results/adult/natural/rl/none/lam1.5_mu0.01_seed44.json
[22:26:20] (230/1420) evaluated results/adult/natural/rl/none/lam3_mu0.01_seed43.json
[22:26:21] (231/1420) evaluated results/adult/natural/rl/none/lam2_mu0.01_seed44.json
[22:26:21] (232/1420) evaluated results/adult/natural/rl/none/lam3_mu0.01_seed42.json
[22:26:21] (233/1420) evaluated results/adult/natural/rl/none/lam5_mu0.01_seed42.json
[22:26:21] (234/1420) evaluated results/adult/natural/rl/none/lam0_mu0.05_seed42.json
[22:26:21] (235/1420) evaluated results/adult/natural/rl/none/lam0_mu0.05_seed43.json
[22:26:21] (236/1420) evaluated results/adult/natural/rl/none/lam0.1_mu0.05_seed43.json
[22:26:21] (237/1420) evaluated results/adult/natural/rl/none/lam0.1_mu0.05_seed42.json
[22:26:21] (238/1420) evaluated results/adult/natural/rl/none/lam0_mu0.05_seed44.json
[22:26:21] (239/1420) evaluated results/adult/natural/rl/none/lam3_mu0.01_seed44.json
[22:26:21] (240/1420) evaluated results/adult/natural/rl/none/lam0.25_mu0.05_seed43.json
[22:26:21] (241/1420) evaluated results/adult/natural/rl/none/lam0.25_mu0.05_seed42.json
[22:26:21] (242/1420) evaluated results/adult/natural/rl/none/lam0.1_mu0.05_seed44.json
[22:26:21] (243/1420) evaluated results/adult/natural/rl/none/lam5_mu0.01_seed44.json
[22:26:21] (244/1420) evaluated results/adult/natural/rl/none/lam0.25_mu0.05_seed44.json
[22:26:21] (245/1420) evaluated results/adult/natural/rl/none/lam0.5_mu0.05_seed42.json
[22:26:22] (246/1420) evaluated results/adult/natural/rl/none/lam0.5_mu0.05_seed44.json
[22:26:22] (247/1420) evaluated results/adult/natural/rl/none/lam0.5_mu0.05_seed43.json
[22:26:22] (248/1420) evaluated results/adult/natural/rl/none/lam0.75_mu0.05_seed42.json
[22:26:22] (249/1420) evaluated results/adult/natural/rl/none/lam0.75_mu0.05_seed43.json
[22:26:23] (250/1420) evaluated results/adult/natural/rl/none/lam1_mu0.05_seed42.json
[22:26:24] (251/1420) evaluated results/adult/natural/rl/none/lam1_mu0.05_seed43.json
[22:26:24] (252/1420) evaluated results/adult/natural/rl/none/lam0.75_mu0.05_seed44.json
[22:26:25] (253/1420) evaluated results/adult/natural/rl/none/lam1_mu0.05_seed44.json
[22:26:26] (254/1420) evaluated results/adult/natural/rl/none/lam1.5_mu0.05_seed43.json
[22:26:26] (255/1420) evaluated results/adult/natural/rl/none/lam1.5_mu0.05_seed44.json
[22:26:26] (256/1420) evaluated results/adult/natural/rl/none/lam2_mu0.05_seed43.json
[22:26:26] (257/1420) evaluated results/adult/natural/rl/none/lam2_mu0.05_seed44.json
[22:26:26] (258/1420) evaluated results/adult/natural/rl/none/lam3_mu0.05_seed42.json
[22:26:26] (259/1420) evaluated results/adult/natural/rl/none/lam2_mu0.05_seed42.json
[22:26:26] (260/1420) evaluated results/adult/natural/rl/none/lam5_mu0.05_seed44.json
[22:26:26] (261/1420) evaluated results/adult/natural/rl/none/lam3_mu0.05_seed43.json
[22:26:26] (262/1420) evaluated results/adult/natural/rl/none/lam0_mu0.1_seed42.json
[22:26:26] (263/1420) evaluated results/adult/natural/rl/none/lam0.1_mu0.1_seed43.json
[22:26:26] (264/1420) evaluated results/adult/natural/rl/none/lam5_mu0.05_seed42.json
[22:26:26] (265/1420) evaluated results/adult/natural/rl/none/lam0_mu0.1_seed43.json
[22:26:26] (266/1420) evaluated results/adult/natural/rl/none/lam3_mu0.05_seed44.json
[22:26:26] (267/1420) evaluated results/adult/natural/rl/none/lam0.1_mu0.1_seed42.json
[22:26:26] (268/1420) evaluated results/adult/natural/rl/none/lam0.1_mu0.1_seed44.json
[22:26:27] (269/1420) evaluated results/adult/natural/rl/none/lam0.25_mu0.1_seed43.json
[22:26:27] (270/1420) evaluated results/adult/natural/rl/none/lam0.25_mu0.1_seed42.json
[22:26:27] (271/1420) evaluated results/adult/natural/rl/none/lam0_mu0.1_seed44.json
[22:26:27] (272/1420) evaluated results/adult/natural/rl/none/lam0.25_mu0.1_seed44.json
[22:26:27] (273/1420) evaluated results/adult/natural/rl/none/lam0.75_mu0.1_seed44.json
[22:26:27] (274/1420) evaluated results/adult/natural/rl/none/lam0.5_mu0.1_seed44.json
[22:26:27] (275/1420) evaluated results/adult/natural/rl/none/lam0.5_mu0.1_seed42.json
[22:26:27] (276/1420) evaluated results/adult/natural/rl/none/lam0.75_mu0.1_seed43.json
[22:26:27] (277/1420) evaluated results/adult/natural/rl/none/lam0.5_mu0.1_seed43.json
[22:26:27] (278/1420) evaluated results/adult/natural/rl/none/lam2_mu0.1_seed42.json
[22:26:27] (279/1420) evaluated results/adult/natural/rl/none/lam1_mu0.1_seed42.json
[22:26:27] (280/1420) evaluated results/adult/natural/rl/none/lam1_mu0.1_seed43.json
[22:26:27] (281/1420) evaluated results/adult/natural/rl/none/lam0.75_mu0.1_seed42.json
[22:26:27] (282/1420) evaluated results/adult/natural/rl/none/lam2_mu0.1_seed43.json
[22:26:27] (283/1420) evaluated results/adult/natural/rl/none/lam1_mu0.1_seed44.json
[22:26:27] (284/1420) evaluated results/adult/natural/rl/none/lam3_mu0.1_seed44.json
[22:26:27] (285/1420) evaluated results/adult/natural/rl/none/lam1.5_mu0.1_seed44.json
[22:26:27] (286/1420) evaluated results/adult/natural/rl/none/lam3_mu0.1_seed42.json
[22:26:27] (287/1420) evaluated results/adult/natural/rl/none/lam1.5_mu0.1_seed43.json
[22:26:27] (288/1420) evaluated results/adult/natural/rl/none/lam5_mu0.1_seed43.json
[22:26:27] (289/1420) evaluated results/adult/natural/rl/none/lam0.1_mu0.2_seed43.json
[22:26:27] (290/1420) evaluated results/adult/natural/rl/none/lam2_mu0.1_seed44.json
[22:26:27] (291/1420) evaluated results/adult/natural/rl/none/lam5_mu0.1_seed42.json
[22:26:27] (292/1420) evaluated results/adult/natural/rl/none/lam3_mu0.1_seed43.json
[22:26:27] (293/1420) evaluated results/adult/natural/rl/none/lam0.1_mu0.2_seed42.json
[22:26:27] (294/1420) evaluated results/adult/natural/rl/none/lam0_mu0.2_seed44.json
[22:26:27] (295/1420) evaluated results/adult/natural/rl/none/lam0_mu0.2_seed43.json
[22:26:27] (296/1420) evaluated results/adult/natural/rl/none/lam5_mu0.1_seed44.json
[22:26:27] (297/1420) evaluated results/adult/natural/rl/none/lam0_mu0.2_seed42.json
[22:26:27] (298/1420) evaluated results/adult/natural/rl/none/lam0.25_mu0.2_seed42.json
[22:26:27] (299/1420) evaluated results/adult/natural/rl/none/lam0.1_mu0.2_seed44.json
[22:26:28] (300/1420) evaluated results/adult/natural/rl/none/lam0.25_mu0.2_seed43.json
[22:26:28] (301/1420) evaluated results/adult/natural/rl/none/lam0.25_mu0.2_seed44.json
[22:26:28] (302/1420) evaluated results/adult/natural/rl/none/lam0.5_mu0.2_seed44.json
[22:26:28] (303/1420) evaluated results/adult/natural/rl/none/lam0.5_mu0.2_seed42.json
[22:26:28] (304/1420) evaluated results/adult/natural/rl/none/lam0.75_mu0.2_seed43.json
[22:26:28] (305/1420) evaluated results/adult/natural/rl/none/lam0.75_mu0.2_seed42.json
[22:26:28] (306/1420) evaluated results/adult/natural/rl/none/lam0.5_mu0.2_seed43.json
[22:26:28] (307/1420) evaluated results/adult/natural/rl/none/lam0.75_mu0.2_seed44.json
[22:26:28] (308/1420) evaluated results/adult/natural/rl/none/lam1_mu0.2_seed42.json
[22:26:29] (309/1420) evaluated results/adult/natural/rl/none/lam1_mu0.2_seed44.json
[22:26:29] (310/1420) evaluated results/adult/natural/rl/none/lam1_mu0.2_seed43.json
[22:26:29] (311/1420) evaluated results/adult/natural/rl/none/lam5_mu0.05_seed43.json
[22:26:29] (312/1420) evaluated results/adult/natural/rl/none/lam1.5_mu0.1_seed42.json
[22:26:29] (313/1420) evaluated results/adult/natural/rl/none/lam1.5_mu0.2_seed42.json
[22:26:30] (314/1420) evaluated results/adult/natural/rl/none/lam1.5_mu0.05_seed42.json
[22:26:31] (315/1420) evaluated results/adult/natural/rl/none/lam1.5_mu0.2_seed43.json
[22:26:31] (316/1420) evaluated results/adult/natural/rl/none/lam1.5_mu0.2_seed44.json
[22:26:32] (317/1420) evaluated results/adult/natural/rl/none/lam2_mu0.2_seed42.json
[22:26:32] (318/1420) evaluated results/adult/natural/rl/none/lam2_mu0.2_seed43.json
[22:26:33] (319/1420) evaluated results/adult/natural/rl/none/lam2_mu0.2_seed44.json
[22:26:33] (320/1420) evaluated results/adult/natural/rl/none/lam3_mu0.2_seed42.json
[22:26:33] (321/1420) evaluated results/adult/natural/rl/none/lam3_mu0.2_seed43.json
[22:26:33] (322/1420) evaluated results/adult/natural/rl/none/lam3_mu0.2_seed44.json
[22:26:33] (323/1420) evaluated results/adult/natural/rl/none/lam5_mu0.2_seed43.json
[22:26:33] (324/1420) evaluated results/adult/natural/rl/none/lam5_mu0.2_seed42.json
[22:26:33] (325/1420) evaluated results/adult/natural/rl/none/lam0_mu0.5_seed43.json
[22:26:33] (326/1420) evaluated results/adult/natural/rl/none/lam0_mu0.5_seed42.json
[22:26:33] (327/1420) evaluated results/adult/natural/rl/none/lam5_mu0.2_seed44.json
[22:26:33] (328/1420) evaluated results/adult/natural/rl/none/lam0.1_mu0.5_seed42.json
[22:26:33] (329/1420) evaluated results/adult/natural/rl/none/lam0_mu0.5_seed44.json
[22:26:33] (330/1420) evaluated results/adult/natural/rl/none/lam0.1_mu0.5_seed44.json
[22:26:33] (331/1420) evaluated results/adult/natural/rl/none/lam0.25_mu0.5_seed43.json
[22:26:33] (332/1420) evaluated results/adult/natural/rl/none/lam0.1_mu0.5_seed43.json
[22:26:33] (333/1420) evaluated results/adult/natural/rl/none/lam0.25_mu0.5_seed44.json
[22:26:33] (334/1420) evaluated results/adult/natural/rl/none/lam0.5_mu0.5_seed44.json
[22:26:33] (335/1420) evaluated results/adult/natural/rl/none/lam0.25_mu0.5_seed42.json
[22:26:33] (336/1420) evaluated results/adult/natural/rl/none/lam0.5_mu0.5_seed42.json
[22:26:33] (337/1420) evaluated results/adult/natural/rl/none/lam0.5_mu0.5_seed43.json
[22:26:33] (338/1420) evaluated results/adult/natural/rl/none/lam0.75_mu0.5_seed44.json
[22:26:33] (339/1420) evaluated results/adult/natural/rl/none/lam1_mu0.5_seed43.json
[22:26:33] (340/1420) evaluated results/adult/natural/rl/none/lam0.75_mu0.5_seed43.json
[22:26:34] (341/1420) evaluated results/adult/natural/rl/none/lam1_mu0.5_seed44.json
[22:26:34] (342/1420) evaluated results/adult/natural/rl/none/lam1_mu0.5_seed42.json
[22:26:34] (343/1420) evaluated results/adult/natural/rl/none/lam1.5_mu0.5_seed42.json
[22:26:34] (344/1420) evaluated results/adult/natural/rl/none/lam1.5_mu0.5_seed43.json
[22:26:34] (345/1420) evaluated results/adult/natural/rl/none/lam1.5_mu0.5_seed44.json
[22:26:34] (346/1420) evaluated results/adult/natural/rl/none/lam2_mu0.5_seed42.json
[22:26:34] (347/1420) evaluated results/adult/natural/rl/none/lam5_mu0.5_seed42.json
[22:26:34] (348/1420) evaluated results/adult/natural/rl/none/lam2_mu0.5_seed43.json
[22:26:34] (349/1420) evaluated results/adult/synthetic/rl/window_k8/lam0.1_mu0_seed42.json
[22:26:34] (350/1420) evaluated results/adult/natural/rl/none/lam3_mu0.5_seed43.json
[22:26:34] (351/1420) evaluated results/adult/synthetic/rl/window_k8/lam0.1_mu0_seed43.json
[22:26:34] (352/1420) evaluated results/adult/natural/rl/none/lam3_mu0.5_seed42.json
[22:26:34] (353/1420) evaluated results/adult/natural/rl/none/lam5_mu0.5_seed43.json
[22:26:34] (354/1420) evaluated results/adult/natural/rl/none/lam3_mu0.5_seed44.json
[22:26:34] (355/1420) evaluated results/adult/natural/rl/none/lam2_mu0.5_seed44.json
[22:26:34] (356/1420) evaluated results/adult/synthetic/rl/window_k8/lam0.25_mu0_seed43.json
[22:26:34] (357/1420) evaluated results/adult/synthetic/rl/window_k8/lam0.1_mu0_seed44.json
[22:26:34] (358/1420) evaluated results/adult/natural/rl/none/lam5_mu0.5_seed44.json
[22:26:34] (359/1420) evaluated results/adult/synthetic/rl/window_k8/lam0.5_mu0_seed42.json
[22:26:34] (360/1420) evaluated results/adult/synthetic/rl/window_k8/lam0.25_mu0_seed44.json
[22:26:34] (361/1420) evaluated results/adult/synthetic/rl/window_k8/lam0.25_mu0_seed42.json
[22:26:34] (362/1420) evaluated results/adult/synthetic/rl/window_k8/lam0.5_mu0_seed43.json
[22:26:35] (363/1420) evaluated results/adult/synthetic/rl/window_k8/lam0.75_mu0_seed42.json
[22:26:35] (364/1420) evaluated results/adult/synthetic/rl/window_k8/lam0.5_mu0_seed44.json
[22:26:35] (365/1420) evaluated results/adult/synthetic/rl/window_k8/lam0.75_mu0_seed44.json
[22:26:35] (366/1420) evaluated results/adult/synthetic/rl/window_k8/lam1_mu0_seed44.json
[22:26:35] (367/1420) evaluated results/adult/synthetic/rl/window_k8/lam0.75_mu0_seed43.json
[22:26:35] (368/1420) evaluated results/adult/synthetic/rl/window_k8/lam1_mu0_seed42.json
[22:26:35] (369/1420) evaluated results/adult/synthetic/rl/window_k8/lam1_mu0_seed43.json
[22:26:35] (370/1420) evaluated results/adult/synthetic/rl/window_k8/lam1.5_mu0_seed42.json
[22:26:35] (371/1420) evaluated results/adult/synthetic/rl/window_k8/lam1.5_mu0_seed43.json
[22:26:36] (372/1420) evaluated results/adult/synthetic/rl/window_k8/lam2_mu0_seed42.json
[22:26:36] (373/1420) evaluated results/adult/synthetic/rl/window_k8/lam1.5_mu0_seed44.json
[22:26:36] (374/1420) evaluated results/adult/natural/rl/none/lam0.75_mu0.5_seed42.json
[22:26:36] (375/1420) evaluated results/adult/synthetic/rl/window_k8/lam2_mu0_seed43.json
[22:26:36] (376/1420) evaluated results/adult/synthetic/rl/window_k8/lam2_mu0_seed44.json
[22:26:36] (377/1420) evaluated results/adult/synthetic/rl/window_k8/lam3_mu0_seed42.json
[22:26:38] (378/1420) evaluated results/adult/synthetic/rl/window_k8/lam3_mu0_seed44.json
[22:26:38] (379/1420) evaluated results/adult/synthetic/rl/window_k8/lam3_mu0_seed43.json
[22:26:39] (380/1420) evaluated results/adult/synthetic/rl/window_k8/lam5_mu0_seed43.json
[22:26:39] (381/1420) evaluated results/adult/synthetic/rl/window_k8/lam5_mu0_seed42.json
[22:26:39] (382/1420) evaluated results/adult/synthetic/rl/window_k8/lam5_mu0_seed44.json
[22:26:39] (383/1420) evaluated results/adult/synthetic/rl/window_k8/lam0_mu0.01_seed42.json
[22:26:39] (384/1420) evaluated results/adult/synthetic/rl/window_k8/lam0_mu0.01_seed44.json
[22:26:39] (385/1420) evaluated results/adult/synthetic/rl/window_k8/lam0_mu0.01_seed43.json
[22:26:40] (386/1420) evaluated results/adult/synthetic/rl/window_k8/lam0.1_mu0.01_seed42.json
[22:26:40] (387/1420) evaluated results/adult/synthetic/rl/window_k8/lam0.1_mu0.01_seed44.json
[22:26:40] (388/1420) evaluated results/adult/synthetic/rl/window_k8/lam0.1_mu0.01_seed43.json
[22:26:40] (389/1420) evaluated results/adult/synthetic/rl/window_k8/lam0.25_mu0.01_seed42.json
[22:26:40] (390/1420) evaluated results/adult/synthetic/rl/window_k8/lam0.25_mu0.01_seed43.json
[22:26:40] (391/1420) evaluated results/adult/synthetic/rl/window_k8/lam0.5_mu0.01_seed44.json
[22:26:40] (392/1420) evaluated results/adult/synthetic/rl/window_k8/lam0.75_mu0.01_seed44.json
[22:26:40] (393/1420) evaluated results/adult/synthetic/rl/window_k8/lam0.25_mu0.01_seed44.json
[22:26:40] (394/1420) evaluated results/adult/synthetic/rl/window_k8/lam0.5_mu0.01_seed43.json
[22:26:40] (395/1420) evaluated results/adult/synthetic/rl/window_k8/lam0.75_mu0.01_seed43.json
[22:26:40] (396/1420) evaluated results/adult/synthetic/rl/window_k8/lam0.75_mu0.01_seed42.json
[22:26:40] (397/1420) evaluated results/adult/synthetic/rl/window_k8/lam1_mu0.01_seed42.json
[22:26:40] (398/1420) evaluated results/adult/synthetic/rl/window_k8/lam0.5_mu0.01_seed42.json
[22:26:40] (399/1420) evaluated results/adult/synthetic/rl/window_k8/lam1_mu0.01_seed43.json
[22:26:40] (400/1420) evaluated results/adult/synthetic/rl/window_k8/lam1.5_mu0.01_seed43.json
[22:26:40] (401/1420) evaluated results/adult/synthetic/rl/window_k8/lam1_mu0.01_seed44.json
[22:26:40] (402/1420) evaluated results/adult/synthetic/rl/window_k8/lam1.5_mu0.01_seed42.json
[22:26:40] (403/1420) evaluated results/adult/synthetic/rl/window_k8/lam1.5_mu0.01_seed44.json
[22:26:40] (404/1420) evaluated results/adult/synthetic/rl/window_k8/lam2_mu0.01_seed42.json
[22:26:40] (405/1420) evaluated results/adult/synthetic/rl/window_k8/lam2_mu0.01_seed44.json
[22:26:40] (406/1420) evaluated results/adult/synthetic/rl/window_k8/lam2_mu0.01_seed43.json
[22:26:40] (407/1420) evaluated results/adult/synthetic/rl/window_k8/lam3_mu0.01_seed43.json
[22:26:40] (408/1420) evaluated results/adult/synthetic/rl/window_k8/lam5_mu0.01_seed42.json
[22:26:40] (409/1420) evaluated results/adult/synthetic/rl/window_k8/lam3_mu0.01_seed42.json
[22:26:41] (410/1420) evaluated results/adult/synthetic/rl/window_k8/lam5_mu0.01_seed43.json
[22:26:41] (411/1420) evaluated results/adult/synthetic/rl/window_k8/lam5_mu0.01_seed44.json
[22:26:41] (412/1420) evaluated results/adult/synthetic/rl/window_k8/lam0.25_mu0.05_seed42.json
[22:26:41] (413/1420) evaluated results/adult/synthetic/rl/window_k8/lam0_mu0.05_seed44.json
[22:26:41] (414/1420) evaluated results/adult/synthetic/rl/window_k8/lam0_mu0.05_seed43.json
[22:26:41] (415/1420) evaluated results/adult/synthetic/rl/window_k8/lam0.1_mu0.05_seed42.json
[22:26:41] (416/1420) evaluated results/adult/synthetic/rl/window_k8/lam3_mu0.01_seed44.json
[22:26:41] (417/1420) evaluated results/adult/synthetic/rl/window_k8/lam0.1_mu0.05_seed43.json
[22:26:41] (418/1420) evaluated results/adult/synthetic/rl/window_k8/lam0.25_mu0.05_seed43.json
[22:26:41] (419/1420) evaluated results/adult/synthetic/rl/window_k8/lam0.5_mu0.05_seed43.json
[22:26:41] (420/1420) evaluated results/adult/synthetic/rl/window_k8/lam0.1_mu0.05_seed44.json
[22:26:41] (421/1420) evaluated results/adult/synthetic/rl/window_k8/lam0.5_mu0.05_seed42.json
[22:26:41] (422/1420) evaluated results/adult/synthetic/rl/window_k8/lam0.25_mu0.05_seed44.json
[22:26:41] (423/1420) evaluated results/adult/synthetic/rl/window_k8/lam0.5_mu0.05_seed44.json
[22:26:41] (424/1420) evaluated results/adult/synthetic/rl/window_k8/lam0.75_mu0.05_seed43.json
[22:26:41] (425/1420) evaluated results/adult/synthetic/rl/window_k8/lam1_mu0.05_seed42.json
[22:26:41] (426/1420) evaluated results/adult/synthetic/rl/window_k8/lam0.75_mu0.05_seed44.json
[22:26:41] (427/1420) evaluated results/adult/synthetic/rl/window_k8/lam1_mu0.05_seed43.json
[22:26:42] (428/1420) evaluated results/adult/synthetic/rl/window_k8/lam0.75_mu0.05_seed42.json
[22:26:42] (429/1420) evaluated results/adult/synthetic/rl/window_k8/lam0_mu0.05_seed42.json
[22:26:42] (430/1420) evaluated results/adult/synthetic/rl/window_k8/lam1_mu0.05_seed44.json
[22:26:42] (431/1420) evaluated results/adult/synthetic/rl/window_k8/lam1.5_mu0.05_seed44.json
[22:26:42] (432/1420) evaluated results/adult/synthetic/rl/window_k8/lam1.5_mu0.05_seed42.json
[22:26:42] (433/1420) evaluated results/adult/synthetic/rl/window_k8/lam1.5_mu0.05_seed43.json
[22:26:42] (434/1420) evaluated results/adult/synthetic/rl/window_k8/lam2_mu0.05_seed42.json
[22:26:42] (435/1420) evaluated results/adult/synthetic/rl/window_k8/lam2_mu0.05_seed43.json
[22:26:42] (436/1420) evaluated results/adult/synthetic/rl/window_k8/lam3_mu0.05_seed42.json
[22:26:42] (437/1420) evaluated results/adult/synthetic/rl/window_k8/lam2_mu0.05_seed44.json
[22:26:43] (438/1420) evaluated results/adult/synthetic/rl/window_k8/lam3_mu0.05_seed43.json
[22:26:43] (439/1420) evaluated results/adult/synthetic/rl/window_k8/lam5_mu0.05_seed42.json
[22:26:43] (440/1420) evaluated results/adult/synthetic/rl/window_k8/lam3_mu0.05_seed44.json
[22:26:44] (441/1420) evaluated results/adult/synthetic/rl/window_k8/lam5_mu0.05_seed43.json
[22:26:44] (442/1420) evaluated results/adult/synthetic/rl/window_k8/lam5_mu0.05_seed44.json
[22:26:46] (443/1420) evaluated results/adult/synthetic/rl/window_k8/lam0_mu0.1_seed42.json
[22:26:46] (444/1420) evaluated results/adult/synthetic/rl/window_k8/lam0_mu0.1_seed44.json
[22:26:46] (445/1420) evaluated results/adult/synthetic/rl/window_k8/lam0.1_mu0.1_seed43.json
[22:26:46] (446/1420) evaluated results/adult/synthetic/rl/window_k8/lam0.1_mu0.1_seed42.json
[22:26:46] (447/1420) evaluated results/adult/synthetic/rl/window_k8/lam0_mu0.1_seed43.json
[22:26:46] (448/1420) evaluated results/adult/synthetic/rl/window_k8/lam0.1_mu0.1_seed44.json
[22:26:46] (449/1420) evaluated results/adult/synthetic/rl/window_k8/lam0.25_mu0.1_seed42.json
[22:26:46] (450/1420) evaluated results/adult/synthetic/rl/window_k8/lam0.25_mu0.1_seed43.json
[22:26:46] (451/1420) evaluated results/adult/synthetic/rl/window_k8/lam0.75_mu0.1_seed42.json
[22:26:46] (452/1420) evaluated results/adult/synthetic/rl/window_k8/lam0.5_mu0.1_seed42.json
[22:26:46] (453/1420) evaluated results/adult/synthetic/rl/window_k8/lam0.5_mu0.1_seed44.json
[22:26:46] (454/1420) evaluated results/adult/synthetic/rl/window_k8/lam0.5_mu0.1_seed43.json
[22:26:46] (455/1420) evaluated results/adult/synthetic/rl/window_k8/lam0.25_mu0.1_seed44.json
[22:26:46] (456/1420) evaluated results/adult/synthetic/rl/window_k8/lam0.75_mu0.1_seed43.json
[22:26:46] (457/1420) evaluated results/adult/synthetic/rl/window_k8/lam0.75_mu0.1_seed44.json
[22:26:46] (458/1420) evaluated results/adult/synthetic/rl/window_k8/lam1_mu0.1_seed42.json
[22:26:47] (459/1420) evaluated results/adult/synthetic/rl/window_k8/lam1_mu0.1_seed44.json
[22:26:47] (460/1420) evaluated results/adult/synthetic/rl/window_k8/lam1.5_mu0.1_seed42.json
[22:26:47] (461/1420) evaluated results/adult/synthetic/rl/window_k8/lam1_mu0.1_seed43.json
[22:26:47] (462/1420) evaluated results/adult/synthetic/rl/window_k8/lam1.5_mu0.1_seed43.json
[22:26:47] (463/1420) evaluated results/adult/synthetic/rl/window_k8/lam1.5_mu0.1_seed44.json
[22:26:47] (464/1420) evaluated results/adult/synthetic/rl/window_k8/lam2_mu0.1_seed42.json
[22:26:47] (465/1420) evaluated results/adult/synthetic/rl/window_k8/lam2_mu0.1_seed43.json
[22:26:47] (466/1420) evaluated results/adult/synthetic/rl/window_k8/lam3_mu0.1_seed42.json
[22:26:47] (467/1420) evaluated results/adult/synthetic/rl/window_k8/lam2_mu0.1_seed44.json
[22:26:47] (468/1420) evaluated results/adult/synthetic/rl/window_k8/lam3_mu0.1_seed43.json
[22:26:47] (469/1420) evaluated results/adult/synthetic/rl/window_k8/lam5_mu0.1_seed43.json
[22:26:47] (470/1420) evaluated results/adult/synthetic/rl/window_k8/lam5_mu0.1_seed42.json
[22:26:47] (471/1420) evaluated results/adult/synthetic/rl/window_k8/lam3_mu0.1_seed44.json
[22:26:47] (472/1420) evaluated results/adult/synthetic/rl/window_k8/lam0_mu0.2_seed42.json
[22:26:47] (473/1420) evaluated results/adult/synthetic/rl/window_k8/lam0_mu0.2_seed43.json
[22:26:47] (474/1420) evaluated results/adult/synthetic/rl/window_k8/lam0_mu0.2_seed44.json
[22:26:47] (475/1420) evaluated results/adult/synthetic/rl/window_k8/lam5_mu0.1_seed44.json
[22:26:47] (476/1420) evaluated results/adult/synthetic/rl/window_k8/lam0.1_mu0.2_seed43.json
[22:26:47] (477/1420) evaluated results/adult/synthetic/rl/window_k8/lam0.1_mu0.2_seed44.json
[22:26:47] (478/1420) evaluated results/adult/synthetic/rl/window_k8/lam0.1_mu0.2_seed42.json
[22:26:48] (479/1420) evaluated results/adult/synthetic/rl/window_k8/lam0.25_mu0.2_seed43.json
[22:26:48] (480/1420) evaluated results/adult/synthetic/rl/window_k8/lam0.25_mu0.2_seed44.json
[22:26:48] (481/1420) evaluated results/adult/synthetic/rl/window_k8/lam0.25_mu0.2_seed42.json
[22:26:48] (482/1420) evaluated results/adult/synthetic/rl/window_k8/lam0.5_mu0.2_seed42.json
[22:26:48] (483/1420) evaluated results/adult/synthetic/rl/window_k8/lam0.5_mu0.2_seed44.json
[22:26:48] (484/1420) evaluated results/adult/synthetic/rl/window_k8/lam0.5_mu0.2_seed43.json
[22:26:48] (485/1420) evaluated results/adult/synthetic/rl/window_k8/lam0.75_mu0.2_seed42.json
[22:26:48] (486/1420) evaluated results/adult/synthetic/rl/window_k8/lam0.75_mu0.2_seed43.json
[22:26:48] (487/1420) evaluated results/adult/synthetic/rl/window_k8/lam0.75_mu0.2_seed44.json
[22:26:48] (488/1420) evaluated results/adult/synthetic/rl/window_k8/lam1_mu0.2_seed42.json
[22:26:48] (489/1420) evaluated results/adult/synthetic/rl/window_k8/lam1_mu0.2_seed43.json
[22:26:48] (490/1420) evaluated results/adult/synthetic/rl/window_k8/lam1_mu0.2_seed44.json
[22:26:48] (491/1420) evaluated results/adult/synthetic/rl/window_k8/lam1.5_mu0.2_seed42.json
[22:26:48] (492/1420) evaluated results/adult/synthetic/rl/window_k8/lam1.5_mu0.2_seed43.json
[22:26:48] (493/1420) evaluated results/adult/synthetic/rl/window_k8/lam2_mu0.2_seed42.json
[22:26:49] (494/1420) evaluated results/adult/synthetic/rl/window_k8/lam1.5_mu0.2_seed44.json
[22:26:49] (495/1420) evaluated results/adult/synthetic/rl/window_k8/lam2_mu0.2_seed43.json
[22:26:49] (496/1420) evaluated results/adult/synthetic/rl/window_k8/lam2_mu0.2_seed44.json
[22:26:49] (497/1420) evaluated results/adult/synthetic/rl/window_k8/lam3_mu0.2_seed42.json
[22:26:49] (498/1420) evaluated results/adult/synthetic/rl/window_k8/lam3_mu0.2_seed44.json
[22:26:49] (499/1420) evaluated results/adult/synthetic/rl/window_k8/lam3_mu0.2_seed43.json
[22:26:49] (500/1420) evaluated results/adult/synthetic/rl/window_k8/lam5_mu0.2_seed43.json
[22:26:49] (501/1420) evaluated results/adult/synthetic/rl/window_k8/lam5_mu0.2_seed42.json
[22:26:50] (502/1420) evaluated results/adult/synthetic/rl/window_k8/lam5_mu0.2_seed44.json
[22:26:50] (503/1420) evaluated results/adult/synthetic/rl/window_k8/lam0_mu0.5_seed42.json
[22:26:51] (504/1420) evaluated results/adult/synthetic/rl/window_k8/lam0_mu0.5_seed43.json
[22:26:51] (505/1420) evaluated results/adult/synthetic/rl/window_k8/lam0_mu0.5_seed44.json
[22:26:52] (506/1420) evaluated results/adult/synthetic/rl/window_k8/lam0.1_mu0.5_seed42.json
[22:26:52] (507/1420) evaluated results/adult/synthetic/rl/window_k8/lam0.1_mu0.5_seed43.json
[22:26:52] (508/1420) evaluated results/adult/synthetic/rl/window_k8/lam0.1_mu0.5_seed44.json
[22:26:52] (509/1420) evaluated results/adult/synthetic/rl/window_k8/lam0.25_mu0.5_seed42.json
[22:26:53] (510/1420) evaluated results/adult/synthetic/rl/window_k8/lam0.25_mu0.5_seed43.json
[22:26:53] (511/1420) evaluated results/adult/synthetic/rl/window_k8/lam0.25_mu0.5_seed44.json
[22:26:53] (512/1420) evaluated results/adult/synthetic/rl/window_k8/lam0.5_mu0.5_seed43.json
[22:26:53] (513/1420) evaluated results/adult/synthetic/rl/window_k8/lam0.5_mu0.5_seed44.json
[22:26:53] (514/1420) evaluated results/adult/synthetic/rl/window_k8/lam0.5_mu0.5_seed42.json
[22:26:53] (515/1420) evaluated results/adult/synthetic/rl/window_k8/lam0.75_mu0.5_seed42.json
[22:26:53] (516/1420) evaluated results/adult/synthetic/rl/window_k8/lam0.75_mu0.5_seed43.json
[22:26:53] (517/1420) evaluated results/adult/synthetic/rl/window_k8/lam0.75_mu0.5_seed44.json
[22:26:53] (518/1420) evaluated results/adult/synthetic/rl/window_k8/lam1.5_mu0.5_seed42.json
[22:26:53] (519/1420) evaluated results/adult/synthetic/rl/window_k8/lam1_mu0.5_seed42.json
[22:26:53] (520/1420) evaluated results/adult/synthetic/rl/window_k8/lam1_mu0.5_seed44.json
[22:26:53] (521/1420) evaluated results/adult/synthetic/rl/window_k8/lam2_mu0.5_seed44.json
[22:26:53] (522/1420) evaluated results/adult/synthetic/rl/window_k8/lam1_mu0.5_seed43.json
[22:26:53] (523/1420) evaluated results/adult/synthetic/rl/window_k8/lam1.5_mu0.5_seed43.json
[22:26:53] (524/1420) evaluated results/adult/synthetic/rl/window_k8/lam2_mu0.5_seed43.json
[22:26:53] (525/1420) evaluated results/adult/synthetic/rl/window_k8/lam1.5_mu0.5_seed44.json
[22:26:53] (526/1420) evaluated results/adult/synthetic/rl/window_k8/lam2_mu0.5_seed42.json
[22:26:53] (527/1420) evaluated results/adult/synthetic/rl/window_k8/lam3_mu0.5_seed42.json
[22:26:53] (528/1420) evaluated results/adult/synthetic/rl/window_k8/lam3_mu0.5_seed43.json
[22:26:54] (529/1420) evaluated results/adult/synthetic/rl/window_k8/lam3_mu0.5_seed44.json
[22:26:54] (530/1420) evaluated results/adult/synthetic/rl/window_k8/lam5_mu0.5_seed44.json
[22:26:54] (531/1420) evaluated results/adult/synthetic/rl/window_k8/lam5_mu0.5_seed42.json
[22:26:54] (532/1420) evaluated results/adult/synthetic/rl/none/lam0.1_mu0_seed42.json
[22:26:54] (533/1420) evaluated results/adult/synthetic/rl/none/lam0.1_mu0_seed44.json
[22:26:54] (534/1420) evaluated results/adult/synthetic/rl/window_k8/lam5_mu0.5_seed43.json
[22:26:54] (535/1420) evaluated results/adult/synthetic/rl/none/lam0.25_mu0_seed42.json
[22:26:54] (536/1420) evaluated results/adult/synthetic/rl/none/lam0.25_mu0_seed43.json
[22:26:54] (537/1420) evaluated results/adult/synthetic/rl/none/lam0.1_mu0_seed43.json
[22:26:54] (538/1420) evaluated results/adult/synthetic/rl/none/lam0.5_mu0_seed42.json
[22:26:54] (539/1420) evaluated results/adult/synthetic/rl/none/lam0.25_mu0_seed44.json
[22:26:54] (540/1420) evaluated results/adult/synthetic/rl/none/lam0.5_mu0_seed44.json
[22:26:54] (541/1420) evaluated results/adult/synthetic/rl/none/lam0.5_mu0_seed43.json
[22:26:54] (542/1420) evaluated results/adult/synthetic/rl/none/lam1_mu0_seed42.json
[22:26:54] (543/1420) evaluated results/adult/synthetic/rl/none/lam0.75_mu0_seed42.json
[22:26:54] (544/1420) evaluated results/adult/synthetic/rl/none/lam0.75_mu0_seed43.json
[22:26:54] (545/1420) evaluated results/adult/synthetic/rl/none/lam1_mu0_seed43.json
[22:26:54] (546/1420) evaluated results/adult/synthetic/rl/none/lam0.75_mu0_seed44.json
[22:26:54] (547/1420) evaluated results/adult/synthetic/rl/none/lam1.5_mu0_seed42.json
[22:26:54] (548/1420) evaluated results/adult/synthetic/rl/none/lam1_mu0_seed44.json
[22:26:54] (549/1420) evaluated results/adult/synthetic/rl/none/lam2_mu0_seed42.json
[22:26:55] (550/1420) evaluated results/adult/synthetic/rl/none/lam1.5_mu0_seed44.json
[22:26:55] (551/1420) evaluated results/adult/synthetic/rl/none/lam1.5_mu0_seed43.json
[22:26:55] (552/1420) evaluated results/adult/synthetic/rl/none/lam2_mu0_seed43.json
[22:26:55] (553/1420) evaluated results/adult/synthetic/rl/none/lam2_mu0_seed44.json
[22:26:55] (554/1420) evaluated results/adult/synthetic/rl/none/lam3_mu0_seed42.json
[22:26:55] (555/1420) evaluated results/adult/synthetic/rl/none/lam3_mu0_seed43.json
[22:26:55] (556/1420) evaluated results/adult/synthetic/rl/none/lam3_mu0_seed44.json
[22:26:55] (557/1420) evaluated results/adult/synthetic/rl/none/lam5_mu0_seed42.json
[22:26:55] (558/1420) evaluated results/adult/synthetic/rl/none/lam5_mu0_seed43.json
[22:26:55] (559/1420) evaluated results/adult/synthetic/rl/none/lam0_mu0.01_seed43.json
[22:26:55] (560/1420) evaluated results/adult/synthetic/rl/none/lam0_mu0.01_seed42.json
[22:26:56] (561/1420) evaluated results/adult/synthetic/rl/none/lam0_mu0.01_seed44.json
[22:26:56] (562/1420) evaluated results/adult/synthetic/rl/none/lam5_mu0_seed44.json
[22:26:56] (563/1420) evaluated results/adult/synthetic/rl/none/lam0.1_mu0.01_seed42.json
[22:26:56] (564/1420) evaluated results/adult/synthetic/rl/none/lam0.1_mu0.01_seed43.json
[22:26:56] (565/1420) evaluated results/adult/synthetic/rl/none/lam0.1_mu0.01_seed44.json
[22:26:57] (566/1420) evaluated results/adult/synthetic/rl/none/lam0.25_mu0.01_seed42.json
[22:26:58] (567/1420) evaluated results/adult/synthetic/rl/none/lam0.25_mu0.01_seed43.json
[22:26:58] (568/1420) evaluated results/adult/synthetic/rl/none/lam0.25_mu0.01_seed44.json
[22:26:59] (569/1420) evaluated results/adult/synthetic/rl/none/lam0.5_mu0.01_seed42.json
[22:26:59] (570/1420) evaluated results/adult/synthetic/rl/none/lam0.5_mu0.01_seed43.json
[22:26:59] (571/1420) evaluated results/adult/synthetic/rl/none/lam0.5_mu0.01_seed44.json
[22:26:59] (572/1420) evaluated results/adult/synthetic/rl/none/lam0.75_mu0.01_seed42.json
[22:26:59] (573/1420) evaluated results/adult/synthetic/rl/none/lam0.75_mu0.01_seed44.json
[22:26:59] (574/1420) evaluated results/adult/synthetic/rl/none/lam1_mu0.01_seed43.json
[22:26:59] (575/1420) evaluated results/adult/synthetic/rl/none/lam1_mu0.01_seed42.json
[22:26:59] (576/1420) evaluated results/adult/synthetic/rl/none/lam1_mu0.01_seed44.json
[22:27:00] (577/1420) evaluated results/adult/synthetic/rl/none/lam0.75_mu0.01_seed43.json
[22:27:00] (578/1420) evaluated results/adult/synthetic/rl/none/lam1.5_mu0.01_seed43.json
[22:27:00] (579/1420) evaluated results/adult/synthetic/rl/none/lam1.5_mu0.01_seed42.json
[22:27:00] (580/1420) evaluated results/adult/synthetic/rl/none/lam3_mu0.01_seed42.json
[22:27:00] (581/1420) evaluated results/adult/synthetic/rl/none/lam1.5_mu0.01_seed44.json
[22:27:00] (582/1420) evaluated results/adult/synthetic/rl/none/lam2_mu0.01_seed42.json
[22:27:00] (583/1420) evaluated results/adult/synthetic/rl/none/lam2_mu0.01_seed44.json
[22:27:00] (584/1420) evaluated results/adult/synthetic/rl/none/lam2_mu0.01_seed43.json
[22:27:00] (585/1420) evaluated results/adult/synthetic/rl/none/lam3_mu0.01_seed43.json
[22:27:00] (586/1420) evaluated results/adult/synthetic/rl/none/lam5_mu0.01_seed42.json
[22:27:00] (587/1420) evaluated results/adult/synthetic/rl/none/lam3_mu0.01_seed44.json
[22:27:00] (588/1420) evaluated results/adult/synthetic/rl/none/lam5_mu0.01_seed44.json
[22:27:00] (589/1420) evaluated results/adult/synthetic/rl/none/lam5_mu0.01_seed43.json
[22:27:00] (590/1420) evaluated results/adult/synthetic/rl/none/lam0_mu0.05_seed42.json
[22:27:00] (591/1420) evaluated results/adult/synthetic/rl/none/lam0_mu0.05_seed43.json
[22:27:00] (592/1420) evaluated results/adult/synthetic/rl/none/lam0_mu0.05_seed44.json
[22:27:00] (593/1420) evaluated results/adult/synthetic/rl/none/lam0.1_mu0.05_seed42.json
[22:27:00] (594/1420) evaluated results/adult/synthetic/rl/none/lam0.25_mu0.05_seed42.json
[22:27:00] (595/1420) evaluated results/adult/synthetic/rl/none/lam0.1_mu0.05_seed44.json
[22:27:00] (596/1420) evaluated results/adult/synthetic/rl/none/lam0.25_mu0.05_seed44.json
[22:27:00] (597/1420) evaluated results/adult/synthetic/rl/none/lam0.1_mu0.05_seed43.json
[22:27:00] (598/1420) evaluated results/adult/synthetic/rl/none/lam0.5_mu0.05_seed42.json
[22:27:01] (599/1420) evaluated results/adult/synthetic/rl/none/lam0.25_mu0.05_seed43.json
[22:27:01] (600/1420) evaluated results/adult/synthetic/rl/none/lam0.5_mu0.05_seed43.json
[22:27:01] (601/1420) evaluated results/adult/synthetic/rl/none/lam0.5_mu0.05_seed44.json
[22:27:01] (602/1420) evaluated results/adult/synthetic/rl/none/lam0.75_mu0.05_seed43.json
[22:27:01] (603/1420) evaluated results/adult/synthetic/rl/none/lam0.75_mu0.05_seed44.json
[22:27:01] (604/1420) evaluated results/adult/synthetic/rl/none/lam0.75_mu0.05_seed42.json
[22:27:01] (605/1420) evaluated results/adult/synthetic/rl/none/lam1_mu0.05_seed42.json
[22:27:01] (606/1420) evaluated results/adult/synthetic/rl/none/lam1_mu0.05_seed43.json
[22:27:01] (607/1420) evaluated results/adult/synthetic/rl/none/lam1_mu0.05_seed44.json
[22:27:01] (608/1420) evaluated results/adult/synthetic/rl/none/lam1.5_mu0.05_seed42.json
[22:27:01] (609/1420) evaluated results/adult/synthetic/rl/none/lam2_mu0.05_seed43.json
[22:27:01] (610/1420) evaluated results/adult/synthetic/rl/none/lam2_mu0.05_seed44.json
[22:27:01] (611/1420) evaluated results/adult/synthetic/rl/none/lam1.5_mu0.05_seed43.json
[22:27:01] (612/1420) evaluated results/adult/synthetic/rl/none/lam1.5_mu0.05_seed44.json
[22:27:01] (613/1420) evaluated results/adult/synthetic/rl/none/lam2_mu0.05_seed42.json
[22:27:01] (614/1420) evaluated results/adult/synthetic/rl/none/lam3_mu0.05_seed44.json
[22:27:01] (615/1420) evaluated results/adult/synthetic/rl/none/lam3_mu0.05_seed43.json
[22:27:01] (616/1420) evaluated results/adult/synthetic/rl/none/lam3_mu0.05_seed42.json
[22:27:02] (617/1420) evaluated results/adult/synthetic/rl/none/lam5_mu0.05_seed42.json
[22:27:02] (618/1420) evaluated results/adult/synthetic/rl/none/lam5_mu0.05_seed43.json
[22:27:02] (619/1420) evaluated results/adult/synthetic/rl/none/lam5_mu0.05_seed44.json
[22:27:02] (620/1420) evaluated results/adult/synthetic/rl/none/lam0_mu0.1_seed44.json
[22:27:02] (621/1420) evaluated results/adult/synthetic/rl/none/lam0_mu0.1_seed42.json
[22:27:02] (622/1420) evaluated results/adult/synthetic/rl/none/lam0.1_mu0.1_seed42.json
[22:27:02] (623/1420) evaluated results/adult/synthetic/rl/none/lam0_mu0.1_seed43.json
[22:27:02] (624/1420) evaluated results/adult/synthetic/rl/none/lam0.1_mu0.1_seed43.json
[22:27:02] (625/1420) evaluated results/adult/synthetic/rl/none/lam0.1_mu0.1_seed44.json
[22:27:03] (626/1420) evaluated results/adult/synthetic/rl/none/lam0.25_mu0.1_seed42.json
[22:27:03] (627/1420) evaluated results/adult/synthetic/rl/none/lam0.25_mu0.1_seed43.json
[22:27:03] (628/1420) evaluated results/adult/synthetic/rl/none/lam0.25_mu0.1_seed44.json
[22:27:04] (629/1420) evaluated results/adult/synthetic/rl/none/lam0.5_mu0.1_seed42.json
[22:27:05] (630/1420) evaluated results/adult/synthetic/rl/none/lam0.5_mu0.1_seed43.json
[22:27:05] (631/1420) evaluated results/adult/synthetic/rl/none/lam0.5_mu0.1_seed44.json
[22:27:05] (632/1420) evaluated results/adult/synthetic/rl/none/lam0.75_mu0.1_seed42.json
[22:27:06] (633/1420) evaluated results/adult/synthetic/rl/none/lam0.75_mu0.1_seed44.json
[22:27:06] (634/1420) evaluated results/adult/synthetic/rl/none/lam0.75_mu0.1_seed43.json
[22:27:06] (635/1420) evaluated results/adult/synthetic/rl/none/lam1_mu0.1_seed42.json
[22:27:06] (636/1420) evaluated results/adult/synthetic/baselines.json
[22:27:06] (637/1420) evaluated results/adult/synthetic/rl/none/lam1_mu0.1_seed44.json
[22:27:06] (638/1420) evaluated results/adult/synthetic/rl/none/lam1_mu0.1_seed43.json
[22:27:06] (639/1420) evaluated results/adult/synthetic/rl/none/lam1.5_mu0.1_seed42.json
[22:27:06] (640/1420) evaluated results/adult/synthetic/rl/none/lam2_mu0.1_seed42.json
[22:27:06] (641/1420) evaluated results/adult/synthetic/rl/none/lam1.5_mu0.1_seed43.json
[22:27:06] (642/1420) evaluated results/adult/synthetic/rl/none/lam2_mu0.1_seed43.json
[22:27:06] (643/1420) evaluated results/adult/synthetic/rl/none/lam2_mu0.1_seed44.json
[22:27:06] (644/1420) evaluated results/adult/synthetic/rl/none/lam1.5_mu0.1_seed44.json
[22:27:06] (645/1420) evaluated results/adult/synthetic/rl/none/lam3_mu0.1_seed43.json
[22:27:06] (646/1420) evaluated results/adult/synthetic/rl/none/lam3_mu0.1_seed42.json
[22:27:06] (647/1420) evaluated results/adult/synthetic/rl/none/lam3_mu0.1_seed44.json
[22:27:06] (648/1420) evaluated results/adult/synthetic/rl/none/lam5_mu0.1_seed42.json
[22:27:07] (649/1420) evaluated results/adult/synthetic/rl/none/lam5_mu0.1_seed44.json
[22:27:07] (650/1420) evaluated results/adult/synthetic/rl/none/lam5_mu0.1_seed43.json
[22:27:07] (651/1420) evaluated results/adult/synthetic/rl/none/lam0_mu0.2_seed42.json
[22:27:07] (652/1420) evaluated results/adult/synthetic/rl/none/lam0_mu0.2_seed43.json
[22:27:07] (653/1420) evaluated results/adult/synthetic/rl/none/lam0_mu0.2_seed44.json
[22:27:07] (654/1420) evaluated results/adult/synthetic/rl/none/lam0.1_mu0.2_seed42.json
[22:27:07] (655/1420) evaluated results/adult/synthetic/rl/none/lam0.25_mu0.2_seed42.json
[22:27:07] (656/1420) evaluated results/adult/synthetic/rl/none/lam0.1_mu0.2_seed43.json
[22:27:07] (657/1420) evaluated results/adult/synthetic/rl/none/lam0.1_mu0.2_seed44.json
[22:27:07] (658/1420) evaluated results/adult/synthetic/rl/none/lam0.25_mu0.2_seed43.json
[22:27:07] (659/1420) evaluated results/adult/synthetic/rl/none/lam0.5_mu0.2_seed42.json
[22:27:07] (660/1420) evaluated results/adult/synthetic/rl/none/lam0.5_mu0.2_seed44.json
[22:27:07] (661/1420) evaluated results/adult/synthetic/rl/none/lam0.25_mu0.2_seed44.json
[22:27:07] (662/1420) evaluated results/adult/synthetic/rl/none/lam0.5_mu0.2_seed43.json
[22:27:07] (663/1420) evaluated results/adult/synthetic/rl/none/lam0.75_mu0.2_seed42.json
[22:27:07] (664/1420) evaluated results/adult/synthetic/rl/none/lam0.75_mu0.2_seed44.json
[22:27:07] (665/1420) evaluated results/adult/synthetic/rl/none/lam0.75_mu0.2_seed43.json
[22:27:07] (666/1420) evaluated results/adult/synthetic/rl/none/lam1_mu0.2_seed42.json
[22:27:08] (667/1420) evaluated results/adult/synthetic/rl/none/lam1_mu0.2_seed43.json
[22:27:08] (668/1420) evaluated results/adult/synthetic/rl/none/lam1.5_mu0.2_seed42.json
[22:27:08] (669/1420) evaluated results/adult/synthetic/rl/none/lam2_mu0.2_seed43.json
[22:27:08] (670/1420) evaluated results/adult/synthetic/rl/none/lam1_mu0.2_seed44.json
[22:27:08] (671/1420) evaluated results/adult/synthetic/rl/none/lam1.5_mu0.2_seed43.json
[22:27:08] (672/1420) evaluated results/adult/synthetic/rl/none/lam1.5_mu0.2_seed44.json
[22:27:08] (673/1420) evaluated results/adult/synthetic/rl/none/lam2_mu0.2_seed42.json
[22:27:08] (674/1420) evaluated results/adult/synthetic/rl/none/lam2_mu0.2_seed44.json
[22:27:08] (675/1420) evaluated results/adult/synthetic/rl/none/lam5_mu0.2_seed42.json
[22:27:08] (676/1420) evaluated results/adult/synthetic/rl/none/lam3_mu0.2_seed43.json
[22:27:08] (677/1420) evaluated results/adult/synthetic/rl/none/lam3_mu0.2_seed42.json
[22:27:08] (678/1420) evaluated results/adult/synthetic/rl/none/lam3_mu0.2_seed44.json
[22:27:08] (679/1420) evaluated results/adult/synthetic/rl/none/lam5_mu0.2_seed43.json
[22:27:08] (680/1420) evaluated results/adult/synthetic/rl/none/lam5_mu0.2_seed44.json
[22:27:08] (681/1420) evaluated results/adult/synthetic/rl/none/lam0_mu0.5_seed42.json
[22:27:08] (682/1420) evaluated results/adult/synthetic/rl/none/lam0_mu0.5_seed44.json
[22:27:08] (683/1420) evaluated results/adult/synthetic/rl/none/lam0_mu0.5_seed43.json
[22:27:09] (684/1420) evaluated results/adult/synthetic/rl/none/lam0.1_mu0.5_seed42.json
[22:27:09] (685/1420) evaluated results/adult/synthetic/rl/none/lam0.1_mu0.5_seed44.json
[22:27:09] (686/1420) evaluated results/adult/synthetic/rl/none/lam0.1_mu0.5_seed43.json
[22:27:09] (687/1420) evaluated results/adult/synthetic/rl/none/lam0.25_mu0.5_seed43.json
[22:27:09] (688/1420) evaluated results/adult/synthetic/rl/none/lam0.25_mu0.5_seed42.json
[22:27:09] (689/1420) evaluated results/adult/synthetic/rl/none/lam0.5_mu0.5_seed42.json
[22:27:09] (690/1420) evaluated results/adult/synthetic/rl/none/lam0.25_mu0.5_seed44.json
[22:27:10] (691/1420) evaluated results/adult/synthetic/rl/none/lam0.5_mu0.5_seed43.json
[22:27:10] (692/1420) evaluated results/adult/synthetic/rl/none/lam0.5_mu0.5_seed44.json
[22:27:11] (693/1420) evaluated results/adult/synthetic/rl/none/lam0.75_mu0.5_seed42.json
[22:27:12] (694/1420) evaluated results/adult/synthetic/rl/none/lam0.75_mu0.5_seed43.json
[22:27:12] (695/1420) evaluated results/adult/synthetic/rl/none/lam0.75_mu0.5_seed44.json
[22:27:12] (696/1420) evaluated results/adult/synthetic/rl/none/lam1_mu0.5_seed42.json
[22:27:12] (697/1420) evaluated results/adult/synthetic/rl/none/lam1_mu0.5_seed43.json
[22:27:12] (698/1420) evaluated results/adult/synthetic/rl/none/lam1_mu0.5_seed44.json
[22:27:12] (699/1420) evaluated results/adult/synthetic/rl/none/lam1.5_mu0.5_seed42.json
[22:27:13] (700/1420) evaluated results/adult/synthetic/rl/none/lam1.5_mu0.5_seed43.json
[22:27:13] (701/1420) evaluated results/adult/synthetic/rl/none/lam1.5_mu0.5_seed44.json
[22:27:13] (702/1420) evaluated results/adult/synthetic/rl/none/lam2_mu0.5_seed42.json
[22:27:13] (703/1420) evaluated results/adult/synthetic/rl/none/lam2_mu0.5_seed43.json
[22:27:13] (704/1420) evaluated results/adult/synthetic/rl/none/lam2_mu0.5_seed44.json
[22:27:13] (705/1420) evaluated results/adult/synthetic/rl/none/lam3_mu0.5_seed44.json
[22:27:13] (706/1420) evaluated results/adult/synthetic/rl/none/lam3_mu0.5_seed42.json
[22:27:13] (707/1420) evaluated results/adult/synthetic/rl/none/lam3_mu0.5_seed43.json
[22:27:13] (708/1420) evaluated results/adult/synthetic/rl/none/lam5_mu0.5_seed43.json
[22:27:13] (709/1420) evaluated results/adult/synthetic/rl/none/lam5_mu0.5_seed44.json
[22:27:13] (710/1420) evaluated results/adult/synthetic/rl/none/lam5_mu0.5_seed42.json
[22:27:13] (711/1420) evaluated results/credit/natural/rl/window_k8/lam0.1_mu0_seed43.json
[22:27:13] (712/1420) evaluated results/credit/natural/rl/window_k8/lam0.1_mu0_seed44.json
[22:27:13] (713/1420) evaluated results/credit/natural/rl/window_k8/lam0.1_mu0_seed42.json
[22:27:13] (714/1420) evaluated results/credit/natural/rl/window_k8/lam0.25_mu0_seed42.json
[22:27:13] (715/1420) evaluated results/credit/natural/rl/window_k8/lam0.25_mu0_seed43.json
[22:27:14] (716/1420) evaluated results/credit/natural/rl/window_k8/lam0.5_mu0_seed43.json
[22:27:14] (717/1420) evaluated results/credit/natural/rl/window_k8/lam0.25_mu0_seed44.json
[22:27:14] (718/1420) evaluated results/credit/natural/rl/window_k8/lam0.5_mu0_seed42.json
[22:27:14] (719/1420) evaluated results/credit/natural/rl/window_k8/lam0.5_mu0_seed44.json
[22:27:14] (720/1420) evaluated results/credit/natural/rl/window_k8/lam0.75_mu0_seed42.json
[22:27:14] (721/1420) evaluated results/credit/natural/rl/window_k8/lam0.75_mu0_seed44.json
[22:27:14] (722/1420) evaluated results/credit/natural/rl/window_k8/lam0.75_mu0_seed43.json
[22:27:14] (723/1420) evaluated results/credit/natural/rl/window_k8/lam1_mu0_seed42.json
[22:27:14] (724/1420) evaluated results/credit/natural/rl/window_k8/lam1_mu0_seed43.json
[22:27:14] (725/1420) evaluated results/credit/natural/rl/window_k8/lam1_mu0_seed44.json
[22:27:14] (726/1420) evaluated results/credit/natural/rl/window_k8/lam1.5_mu0_seed42.json
[22:27:14] (727/1420) evaluated results/credit/natural/rl/window_k8/lam1.5_mu0_seed43.json
[22:27:14] (728/1420) evaluated results/credit/natural/rl/window_k8/lam1.5_mu0_seed44.json
[22:27:14] (729/1420) evaluated results/credit/natural/rl/window_k8/lam2_mu0_seed42.json
[22:27:14] (730/1420) evaluated results/credit/natural/rl/window_k8/lam2_mu0_seed43.json
[22:27:14] (731/1420) evaluated results/credit/natural/rl/window_k8/lam3_mu0_seed42.json
[22:27:14] (732/1420) evaluated results/credit/natural/rl/window_k8/lam2_mu0_seed44.json
[22:27:15] (733/1420) evaluated results/credit/natural/rl/window_k8/lam5_mu0_seed43.json
[22:27:15] (734/1420) evaluated results/credit/natural/rl/window_k8/lam3_mu0_seed44.json
[22:27:15] (735/1420) evaluated results/credit/natural/rl/window_k8/lam5_mu0_seed42.json
[22:27:15] (736/1420) evaluated results/credit/natural/rl/window_k8/lam5_mu0_seed44.json
[22:27:15] (737/1420) evaluated results/credit/natural/rl/window_k8/lam3_mu0_seed43.json
[22:27:15] (738/1420) evaluated results/credit/natural/rl/window_k8/lam0_mu0.01_seed42.json
[22:27:15] (739/1420) evaluated results/credit/natural/rl/window_k8/lam0.1_mu0.01_seed43.json
[22:27:15] (740/1420) evaluated results/credit/natural/rl/window_k8/lam0_mu0.01_seed43.json
[22:27:15] (741/1420) evaluated results/credit/natural/rl/window_k8/lam0.25_mu0.01_seed42.json
[22:27:15] (742/1420) evaluated results/credit/natural/rl/window_k8/lam0_mu0.01_seed44.json
[22:27:15] (743/1420) evaluated results/credit/natural/rl/window_k8/lam0.1_mu0.01_seed42.json
[22:27:15] (744/1420) evaluated results/credit/natural/rl/window_k8/lam0.1_mu0.01_seed44.json
[22:27:15] (745/1420) evaluated results/credit/natural/rl/window_k8/lam0.25_mu0.01_seed43.json
[22:27:15] (746/1420) evaluated results/credit/natural/rl/window_k8/lam0.5_mu0.01_seed42.json
[22:27:15] (747/1420) evaluated results/credit/natural/rl/window_k8/lam0.25_mu0.01_seed44.json
[22:27:16] (748/1420) evaluated results/credit/natural/rl/window_k8/lam0.5_mu0.01_seed43.json
[22:27:16] (749/1420) evaluated results/credit/natural/rl/window_k8/lam0.75_mu0.01_seed42.json
[22:27:16] (750/1420) evaluated results/credit/natural/rl/window_k8/lam0.5_mu0.01_seed44.json
[22:27:16] (751/1420) evaluated results/credit/natural/rl/window_k8/lam0.75_mu0.01_seed44.json
[22:27:16] (752/1420) evaluated results/credit/natural/rl/window_k8/lam0.75_mu0.01_seed43.json
[22:27:16] (753/1420) evaluated results/credit/natural/rl/window_k8/lam1_mu0.01_seed42.json
[22:27:17] (754/1420) evaluated results/credit/natural/rl/window_k8/lam1_mu0.01_seed43.json
[22:27:17] (755/1420) evaluated results/credit/natural/rl/window_k8/lam1_mu0.01_seed44.json
[22:27:18] (756/1420) evaluated results/credit/natural/rl/window_k8/lam1.5_mu0.01_seed42.json
[22:27:18] (757/1420) evaluated results/credit/natural/rl/window_k8/lam1.5_mu0.01_seed43.json
[22:27:19] (758/1420) evaluated results/credit/natural/rl/window_k8/lam1.5_mu0.01_seed44.json
[22:27:19] (759/1420) evaluated results/credit/natural/rl/window_k8/lam2_mu0.01_seed42.json
[22:27:19] (760/1420) evaluated results/credit/natural/rl/window_k8/lam2_mu0.01_seed43.json
[22:27:19] (761/1420) evaluated results/credit/natural/rl/window_k8/lam3_mu0.01_seed42.json
[22:27:19] (762/1420) evaluated results/credit/natural/rl/window_k8/lam2_mu0.01_seed44.json
[22:27:19] (763/1420) evaluated results/credit/natural/rl/window_k8/lam5_mu0.01_seed42.json
[22:27:19] (764/1420) evaluated results/credit/natural/rl/window_k8/lam5_mu0.01_seed43.json
[22:27:19] (765/1420) evaluated results/credit/natural/rl/window_k8/lam3_mu0.01_seed43.json
[22:27:19] (766/1420) evaluated results/credit/natural/rl/window_k8/lam5_mu0.01_seed44.json
[22:27:19] (767/1420) evaluated results/credit/natural/rl/window_k8/lam0_mu0.05_seed42.json
[22:27:19] (768/1420) evaluated results/credit/natural/rl/window_k8/lam0_mu0.05_seed43.json
[22:27:20] (769/1420) evaluated results/credit/natural/rl/window_k8/lam3_mu0.01_seed44.json
[22:27:20] (770/1420) evaluated results/credit/natural/rl/window_k8/lam0_mu0.05_seed44.json
[22:27:20] (771/1420) evaluated results/credit/natural/rl/window_k8/lam0.1_mu0.05_seed42.json
[22:27:20] (772/1420) evaluated results/credit/natural/rl/window_k8/lam0.1_mu0.05_seed43.json
[22:27:20] (773/1420) evaluated results/credit/natural/rl/window_k8/lam0.25_mu0.05_seed42.json
[22:27:20] (774/1420) evaluated results/credit/natural/rl/window_k8/lam0.25_mu0.05_seed43.json
[22:27:20] (775/1420) evaluated results/credit/natural/rl/window_k8/lam0.5_mu0.05_seed42.json
[22:27:20] (776/1420) evaluated results/credit/natural/rl/window_k8/lam0.25_mu0.05_seed44.json
[22:27:20] (777/1420) evaluated results/credit/natural/rl/window_k8/lam0.1_mu0.05_seed44.json
[22:27:20] (778/1420) evaluated results/credit/natural/rl/window_k8/lam0.5_mu0.05_seed43.json
[22:27:20] (779/1420) evaluated results/credit/natural/rl/window_k8/lam0.75_mu0.05_seed43.json
[22:27:20] (780/1420) evaluated results/credit/natural/rl/window_k8/lam1_mu0.05_seed42.json
[22:27:20] (781/1420) evaluated results/credit/natural/rl/window_k8/lam1_mu0.05_seed44.json
[22:27:20] (782/1420) evaluated results/credit/natural/rl/window_k8/lam0.75_mu0.05_seed44.json
[22:27:20] (783/1420) evaluated results/credit/natural/rl/window_k8/lam0.75_mu0.05_seed42.json
[22:27:20] (784/1420) evaluated results/credit/natural/rl/window_k8/lam1_mu0.05_seed43.json
[22:27:21] (785/1420) evaluated results/credit/natural/rl/window_k8/lam1.5_mu0.05_seed43.json
[22:27:21] (786/1420) evaluated results/credit/natural/rl/window_k8/lam1.5_mu0.05_seed44.json
[22:27:21] (787/1420) evaluated results/credit/natural/rl/window_k8/lam2_mu0.05_seed44.json
[22:27:21] (788/1420) evaluated results/credit/natural/rl/window_k8/lam3_mu0.05_seed42.json
[22:27:21] (789/1420) evaluated results/credit/natural/rl/window_k8/lam5_mu0.05_seed42.json
[22:27:21] (790/1420) evaluated results/credit/natural/rl/window_k8/lam2_mu0.05_seed42.json
[22:27:21] (791/1420) evaluated results/credit/natural/rl/window_k8/lam0_mu0.1_seed43.json
[22:27:21] (792/1420) evaluated results/credit/natural/rl/window_k8/lam3_mu0.05_seed43.json
[22:27:21] (793/1420) evaluated results/credit/natural/rl/window_k8/lam5_mu0.05_seed43.json
[22:27:21] (794/1420) evaluated results/credit/natural/rl/window_k8/lam5_mu0.05_seed44.json
[22:27:21] (795/1420) evaluated results/credit/natural/rl/window_k8/lam0.1_mu0.1_seed42.json
[22:27:21] (796/1420) evaluated results/credit/natural/rl/window_k8/lam0_mu0.1_seed44.json
[22:27:22] (797/1420) evaluated results/credit/natural/rl/window_k8/lam0_mu0.1_seed42.json
[22:27:22] (798/1420) evaluated results/credit/natural/rl/window_k8/lam0.25_mu0.1_seed42.json
[22:27:22] (799/1420) evaluated results/credit/natural/rl/window_k8/lam0.5_mu0.05_seed44.json
[22:27:22] (800/1420) evaluated results/credit/natural/rl/window_k8/lam0.1_mu0.1_seed44.json
[22:27:22] (801/1420) evaluated results/credit/natural/rl/window_k8/lam1.5_mu0.05_seed42.json
[22:27:22] (802/1420) evaluated results/credit/natural/rl/window_k8/lam0.1_mu0.1_seed43.json
[22:27:22] (803/1420) evaluated results/credit/natural/rl/window_k8/lam3_mu0.05_seed44.json
[22:27:22] (804/1420) evaluated results/credit/natural/rl/window_k8/lam0.25_mu0.1_seed43.json
[22:27:22] (805/1420) evaluated results/credit/natural/rl/window_k8/lam0.5_mu0.1_seed44.json
[22:27:22] (806/1420) evaluated results/credit/natural/rl/window_k8/lam0.5_mu0.1_seed43.json
[22:27:22] (807/1420) evaluated results/credit/natural/rl/window_k8/lam0.75_mu0.1_seed42.json
[22:27:22] (808/1420) evaluated results/credit/natural/rl/window_k8/lam0.25_mu0.1_seed44.json
[22:27:22] (809/1420) evaluated results/credit/natural/rl/window_k8/lam2_mu0.05_seed43.json
[22:27:22] (810/1420) evaluated results/credit/natural/rl/window_k8/lam0.5_mu0.1_seed42.json
[22:27:23] (811/1420) evaluated results/credit/natural/rl/window_k8/lam0.75_mu0.1_seed43.json
[22:27:23] (812/1420) evaluated results/credit/natural/rl/window_k8/lam1_mu0.1_seed43.json
[22:27:23] (813/1420) evaluated results/credit/natural/rl/window_k8/lam1_mu0.1_seed44.json
[22:27:23] (814/1420) evaluated results/credit/natural/rl/window_k8/lam0.75_mu0.1_seed44.json
[22:27:23] (815/1420) evaluated results/credit/natural/rl/window_k8/lam1_mu0.1_seed42.json
[22:27:23] (816/1420) evaluated results/credit/natural/rl/window_k8/lam1.5_mu0.1_seed42.json
[22:27:24] (817/1420) evaluated results/credit/natural/rl/window_k8/lam1.5_mu0.1_seed44.json
[22:27:24] (818/1420) evaluated results/credit/natural/rl/window_k8/lam1.5_mu0.1_seed43.json
[22:27:24] (819/1420) evaluated results/credit/natural/rl/window_k8/lam2_mu0.1_seed42.json
[22:27:25] (820/1420) evaluated results/credit/natural/rl/window_k8/lam3_mu0.1_seed42.json
[22:27:25] (821/1420) evaluated results/credit/natural/rl/window_k8/lam2_mu0.1_seed43.json
[22:27:25] (822/1420) evaluated results/credit/natural/rl/window_k8/lam2_mu0.1_seed44.json
[22:27:25] (823/1420) evaluated results/credit/natural/rl/window_k8/lam3_mu0.1_seed43.json
[22:27:26] (824/1420) evaluated results/credit/natural/rl/window_k8/lam3_mu0.1_seed44.json
[22:27:26] (825/1420) evaluated results/credit/natural/rl/window_k8/lam5_mu0.1_seed42.json
[22:27:26] (826/1420) evaluated results/credit/natural/rl/window_k8/lam5_mu0.1_seed44.json
[22:27:26] (827/1420) evaluated results/credit/natural/rl/window_k8/lam0_mu0.2_seed44.json
[22:27:26] (828/1420) evaluated results/credit/natural/rl/window_k8/lam0_mu0.2_seed43.json
[22:27:26] (829/1420) evaluated results/credit/natural/rl/window_k8/lam0.1_mu0.2_seed42.json
[22:27:26] (830/1420) evaluated results/credit/natural/rl/window_k8/lam0_mu0.2_seed42.json
[22:27:26] (831/1420) evaluated results/credit/natural/rl/window_k8/lam0.1_mu0.2_seed43.json
[22:27:26] (832/1420) evaluated results/credit/natural/rl/window_k8/lam0.1_mu0.2_seed44.json
[22:27:27] (833/1420) evaluated results/credit/natural/rl/window_k8/lam0.25_mu0.2_seed42.json
[22:27:27] (834/1420) evaluated results/credit/natural/rl/window_k8/lam0.25_mu0.2_seed43.json
[22:27:27] (835/1420) evaluated results/credit/natural/rl/window_k8/lam0.25_mu0.2_seed44.json
[22:27:27] (836/1420) evaluated results/credit/natural/rl/window_k8/lam0.5_mu0.2_seed42.json
[22:27:27] (837/1420) evaluated results/credit/natural/rl/window_k8/lam0.5_mu0.2_seed43.json
[22:27:27] (838/1420) evaluated results/credit/natural/rl/window_k8/lam0.5_mu0.2_seed44.json
[22:27:27] (839/1420) evaluated results/credit/natural/rl/window_k8/lam0.75_mu0.2_seed43.json
[22:27:27] (840/1420) evaluated results/credit/natural/rl/window_k8/lam0.75_mu0.2_seed42.json
[22:27:27] (841/1420) evaluated results/credit/natural/rl/window_k8/lam1.5_mu0.2_seed43.json
[22:27:27] (842/1420) evaluated results/credit/natural/rl/window_k8/lam1_mu0.2_seed43.json
[22:27:27] (843/1420) evaluated results/credit/natural/rl/window_k8/lam1_mu0.2_seed42.json
[22:27:27] (844/1420) evaluated results/credit/natural/rl/window_k8/lam0.75_mu0.2_seed44.json
[22:27:27] (845/1420) evaluated results/credit/natural/rl/window_k8/lam1_mu0.2_seed44.json
[22:27:27] (846/1420) evaluated results/credit/natural/rl/window_k8/lam1.5_mu0.2_seed42.json
[22:27:27] (847/1420) evaluated results/credit/natural/rl/window_k8/lam1.5_mu0.2_seed44.json
[22:27:28] (848/1420) evaluated results/credit/natural/rl/window_k8/lam2_mu0.2_seed42.json
[22:27:28] (849/1420) evaluated results/credit/natural/rl/window_k8/lam2_mu0.2_seed44.json
[22:27:28] (850/1420) evaluated results/credit/natural/rl/window_k8/lam3_mu0.2_seed42.json
[22:27:28] (851/1420) evaluated results/credit/natural/rl/window_k8/lam2_mu0.2_seed43.json
[22:27:28] (852/1420) evaluated results/credit/natural/rl/window_k8/lam3_mu0.2_seed44.json
[22:27:28] (853/1420) evaluated results/credit/natural/rl/window_k8/lam3_mu0.2_seed43.json
[22:27:28] (854/1420) evaluated results/credit/natural/rl/window_k8/lam5_mu0.2_seed43.json
[22:27:28] (855/1420) evaluated results/credit/natural/rl/window_k8/lam5_mu0.2_seed42.json
[22:27:28] (856/1420) evaluated results/credit/natural/rl/window_k8/lam0_mu0.5_seed42.json
[22:27:28] (857/1420) evaluated results/credit/natural/rl/window_k8/lam5_mu0.2_seed44.json
[22:27:28] (858/1420) evaluated results/credit/natural/rl/window_k8/lam0_mu0.5_seed44.json
[22:27:28] (859/1420) evaluated results/credit/natural/rl/window_k8/lam0_mu0.5_seed43.json
[22:27:28] (860/1420) evaluated results/credit/natural/rl/window_k8/lam0.1_mu0.5_seed43.json
[22:27:28] (861/1420) evaluated results/credit/natural/rl/window_k8/lam0.1_mu0.5_seed42.json
[22:27:29] (862/1420) evaluated results/credit/natural/rl/window_k8/lam0.25_mu0.5_seed42.json
[22:27:29] (863/1420) evaluated results/credit/natural/rl/window_k8/lam0.25_mu0.5_seed44.json
[22:27:29] (864/1420) evaluated results/credit/natural/rl/window_k8/lam5_mu0.1_seed43.json
[22:27:29] (865/1420) evaluated results/credit/natural/rl/window_k8/lam0.5_mu0.5_seed43.json
[22:27:29] (866/1420) evaluated results/credit/natural/rl/window_k8/lam0.1_mu0.5_seed44.json
[22:27:29] (867/1420) evaluated results/credit/natural/rl/window_k8/lam0.5_mu0.5_seed44.json
[22:27:29] (868/1420) evaluated results/credit/natural/rl/window_k8/lam0.5_mu0.5_seed42.json
[22:27:29] (869/1420) evaluated results/credit/natural/rl/window_k8/lam0.75_mu0.5_seed42.json
[22:27:29] (870/1420) evaluated results/credit/natural/rl/window_k8/lam0.75_mu0.5_seed43.json
[22:27:29] (871/1420) evaluated results/credit/natural/rl/window_k8/lam0.75_mu0.5_seed44.json
[22:27:29] (872/1420) evaluated results/credit/natural/rl/window_k8/lam1_mu0.5_seed42.json
[22:27:29] (873/1420) evaluated results/credit/natural/rl/window_k8/lam1_mu0.5_seed43.json
[22:27:30] (874/1420) evaluated results/credit/natural/rl/window_k8/lam1_mu0.5_seed44.json
[22:27:30] (875/1420) evaluated results/credit/natural/rl/window_k8/lam1.5_mu0.5_seed42.json
[22:27:30] (876/1420) evaluated results/credit/natural/rl/window_k8/lam1.5_mu0.5_seed43.json
[22:27:30] (877/1420) evaluated results/credit/natural/rl/window_k8/lam1.5_mu0.5_seed44.json
[22:27:30] (878/1420) evaluated results/credit/natural/rl/window_k8/lam2_mu0.5_seed42.json
[22:27:31] (879/1420) evaluated results/credit/natural/rl/window_k8/lam2_mu0.5_seed44.json
[22:27:31] (880/1420) evaluated results/credit/natural/rl/window_k8/lam0.25_mu0.5_seed43.json
[22:27:31] (881/1420) evaluated results/credit/natural/rl/window_k8/lam3_mu0.5_seed42.json
[22:27:32] (882/1420) evaluated results/credit/natural/rl/window_k8/lam3_mu0.5_seed44.json
[22:27:32] (883/1420) evaluated results/credit/natural/rl/window_k8/lam2_mu0.5_seed43.json
[22:27:32] (884/1420) evaluated results/credit/natural/rl/window_k8/lam5_mu0.5_seed44.json
[22:27:32] (885/1420) evaluated results/credit/natural/rl/window_k8/lam5_mu0.5_seed42.json
[22:27:32] (886/1420) evaluated results/credit/natural/rl/none/lam0.1_mu0_seed42.json
[22:27:33] (887/1420) evaluated results/credit/natural/rl/none/lam0.1_mu0_seed44.json
[22:27:33] (888/1420) evaluated results/credit/natural/rl/none/lam0.1_mu0_seed43.json
[22:27:33] (889/1420) evaluated results/credit/natural/rl/window_k8/lam3_mu0.5_seed43.json
[22:27:33] (890/1420) evaluated results/credit/natural/rl/none/lam0.25_mu0_seed42.json
[22:27:33] (891/1420) evaluated results/credit/natural/rl/window_k8/lam5_mu0.5_seed43.json
[22:27:33] (892/1420) evaluated results/credit/natural/rl/none/lam0.5_mu0_seed42.json
[22:27:33] (893/1420) evaluated results/credit/natural/rl/none/lam0.25_mu0_seed43.json
[22:27:33] (894/1420) evaluated results/credit/natural/rl/none/lam0.25_mu0_seed44.json
[22:27:33] (895/1420) evaluated results/credit/natural/rl/none/lam0.5_mu0_seed43.json
[22:27:33] (896/1420) evaluated results/credit/natural/rl/none/lam0.5_mu0_seed44.json
[22:27:33] (897/1420) evaluated results/credit/natural/rl/none/lam0.75_mu0_seed42.json
[22:27:34] (898/1420) evaluated results/credit/natural/rl/none/lam0.75_mu0_seed43.json
[22:27:34] (899/1420) evaluated results/credit/natural/rl/none/lam0.75_mu0_seed44.json
[22:27:34] (900/1420) evaluated results/credit/natural/rl/none/lam1_mu0_seed42.json
[22:27:34] (901/1420) evaluated results/credit/natural/rl/none/lam1_mu0_seed43.json
[22:27:34] (902/1420) evaluated results/credit/natural/rl/none/lam1_mu0_seed44.json
[22:27:34] (903/1420) evaluated results/credit/natural/rl/none/lam1.5_mu0_seed44.json
[22:27:34] (904/1420) evaluated results/credit/natural/rl/none/lam1.5_mu0_seed43.json
[22:27:34] (905/1420) evaluated results/credit/natural/rl/none/lam2_mu0_seed42.json
[22:27:34] (906/1420) evaluated results/credit/natural/rl/none/lam2_mu0_seed43.json
[22:27:34] (907/1420) evaluated results/credit/natural/rl/none/lam2_mu0_seed44.json
[22:27:34] (908/1420) evaluated results/credit/natural/rl/none/lam1.5_mu0_seed42.json
[22:27:34] (909/1420) evaluated results/credit/natural/rl/none/lam3_mu0_seed42.json
[22:27:34] (910/1420) evaluated results/credit/natural/rl/none/lam3_mu0_seed43.json
[22:27:35] (911/1420) evaluated results/credit/natural/rl/none/lam3_mu0_seed44.json
[22:27:35] (912/1420) evaluated results/credit/natural/rl/none/lam5_mu0_seed43.json
[22:27:35] (913/1420) evaluated results/credit/natural/rl/none/lam5_mu0_seed42.json
[22:27:35] (914/1420) evaluated results/credit/natural/rl/none/lam5_mu0_seed44.json
[22:27:35] (915/1420) evaluated results/credit/natural/rl/none/lam0_mu0.01_seed42.json
[22:27:35] (916/1420) evaluated results/credit/natural/rl/none/lam0_mu0.01_seed43.json
[22:27:35] (917/1420) evaluated results/credit/natural/rl/none/lam0.1_mu0.01_seed43.json
[22:27:35] (918/1420) evaluated results/credit/natural/rl/none/lam0_mu0.01_seed44.json
[22:27:35] (919/1420) evaluated results/credit/natural/rl/none/lam0.1_mu0.01_seed44.json
[22:27:35] (920/1420) evaluated results/credit/natural/rl/none/lam0.1_mu0.01_seed42.json
[22:27:35] (921/1420) evaluated results/credit/natural/rl/none/lam0.25_mu0.01_seed44.json
[22:27:35] (922/1420) evaluated results/credit/natural/rl/none/lam0.5_mu0.01_seed43.json
[22:27:35] (923/1420) evaluated results/credit/natural/rl/none/lam0.25_mu0.01_seed42.json
[22:27:35] (924/1420) evaluated results/credit/natural/rl/none/lam0.5_mu0.01_seed42.json
[22:27:35] (925/1420) evaluated results/credit/natural/rl/none/lam0.5_mu0.01_seed44.json
[22:27:35] (926/1420) evaluated results/credit/natural/rl/none/lam0.75_mu0.01_seed43.json
[22:27:35] (927/1420) evaluated results/credit/natural/rl/none/lam0.75_mu0.01_seed42.json
[22:27:35] (928/1420) evaluated results/credit/natural/rl/none/lam0.25_mu0.01_seed43.json
[22:27:36] (929/1420) evaluated results/credit/natural/rl/none/lam1_mu0.01_seed42.json
[22:27:36] (930/1420) evaluated results/credit/natural/rl/none/lam0.75_mu0.01_seed44.json
[22:27:36] (931/1420) evaluated results/credit/natural/rl/none/lam1.5_mu0.01_seed42.json
[22:27:36] (932/1420) evaluated results/credit/natural/rl/none/lam1_mu0.01_seed43.json
[22:27:36] (933/1420) evaluated results/credit/natural/rl/none/lam1.5_mu0.01_seed43.json
[22:27:36] (934/1420) evaluated results/credit/natural/rl/none/lam2_mu0.01_seed42.json
[22:27:36] (935/1420) evaluated results/credit/natural/rl/none/lam1.5_mu0.01_seed44.json
[22:27:36] (936/1420) evaluated results/credit/natural/rl/none/lam1_mu0.01_seed44.json
[22:27:36] (937/1420) evaluated results/credit/natural/rl/none/lam2_mu0.01_seed43.json
[22:27:37] (938/1420) evaluated results/credit/natural/rl/none/lam3_mu0.01_seed42.json
[22:27:37] (939/1420) evaluated results/credit/natural/rl/none/lam2_mu0.01_seed44.json
[22:27:37] (940/1420) evaluated results/credit/natural/rl/none/lam3_mu0.01_seed43.json
[22:27:37] (941/1420) evaluated results/credit/natural/rl/none/lam3_mu0.01_seed44.json
[22:27:38] (942/1420) evaluated results/credit/natural/rl/none/lam5_mu0.01_seed42.json
[22:27:38] (943/1420) evaluated results/credit/natural/rl/none/lam5_mu0.01_seed43.json
[22:27:38] (944/1420) evaluated results/credit/natural/rl/none/lam5_mu0.01_seed44.json
[22:27:39] (945/1420) evaluated results/credit/natural/rl/none/lam0_mu0.05_seed44.json
[22:27:39] (946/1420) evaluated results/credit/natural/rl/none/lam0_mu0.05_seed42.json
[22:27:39] (947/1420) evaluated results/credit/natural/rl/none/lam0_mu0.05_seed43.json
[22:27:39] (948/1420) evaluated results/credit/natural/rl/none/lam0.1_mu0.05_seed43.json
[22:27:39] (949/1420) evaluated results/credit/natural/rl/none/lam0.1_mu0.05_seed42.json
[22:27:39] (950/1420) evaluated results/credit/natural/rl/none/lam0.1_mu0.05_seed44.json
[22:27:39] (951/1420) evaluated results/credit/natural/rl/none/lam0.25_mu0.05_seed42.json
[22:27:39] (952/1420) evaluated results/credit/natural/rl/none/lam0.25_mu0.05_seed43.json
[22:27:40] (953/1420) evaluated results/credit/natural/rl/none/lam0.5_mu0.05_seed43.json
[22:27:40] (954/1420) evaluated results/credit/natural/rl/none/lam0.5_mu0.05_seed42.json
[22:27:40] (955/1420) evaluated results/credit/natural/rl/none/lam0.25_mu0.05_seed44.json
[22:27:40] (956/1420) evaluated results/credit/natural/rl/none/lam0.5_mu0.05_seed44.json
[22:27:40] (957/1420) evaluated results/credit/natural/rl/none/lam0.75_mu0.05_seed43.json
[22:27:40] (958/1420) evaluated results/credit/natural/rl/none/lam0.75_mu0.05_seed42.json
[22:27:40] (959/1420) evaluated results/credit/natural/rl/none/lam0.75_mu0.05_seed44.json
[22:27:40] (960/1420) evaluated results/credit/natural/rl/none/lam1_mu0.05_seed42.json
[22:27:40] (961/1420) evaluated results/credit/natural/rl/none/lam1_mu0.05_seed43.json
[22:27:40] (962/1420) evaluated results/credit/natural/rl/none/lam1.5_mu0.05_seed42.json
[22:27:40] (963/1420) evaluated results/credit/natural/rl/none/lam1_mu0.05_seed44.json
[22:27:40] (964/1420) evaluated results/credit/natural/rl/none/lam2_mu0.05_seed43.json
[22:27:41] (965/1420) evaluated results/credit/natural/rl/none/lam2_mu0.05_seed42.json
[22:27:41] (966/1420) evaluated results/credit/natural/rl/none/lam1.5_mu0.05_seed43.json
[22:27:41] (967/1420) evaluated results/credit/natural/rl/none/lam1.5_mu0.05_seed44.json
[22:27:41] (968/1420) evaluated results/credit/natural/rl/none/lam2_mu0.05_seed44.json
[22:27:41] (969/1420) evaluated results/credit/natural/rl/none/lam3_mu0.05_seed42.json
[22:27:41] (970/1420) evaluated results/credit/natural/rl/none/lam3_mu0.05_seed43.json
[22:27:41] (971/1420) evaluated results/credit/natural/rl/none/lam5_mu0.05_seed42.json
[22:27:41] (972/1420) evaluated results/credit/natural/rl/none/lam5_mu0.05_seed43.json
[22:27:41] (973/1420) evaluated results/credit/natural/rl/none/lam3_mu0.05_seed44.json
[22:27:41] (974/1420) evaluated results/credit/natural/rl/none/lam0_mu0.1_seed43.json
[22:27:41] (975/1420) evaluated results/credit/natural/rl/none/lam5_mu0.05_seed44.json
[22:27:41] (976/1420) evaluated results/credit/natural/rl/none/lam0_mu0.1_seed42.json
[22:27:42] (977/1420) evaluated results/credit/natural/rl/none/lam0.1_mu0.1_seed42.json
[22:27:42] (978/1420) evaluated results/credit/natural/rl/none/lam0.1_mu0.1_seed44.json
[22:27:42] (979/1420) evaluated results/credit/natural/rl/none/lam0_mu0.1_seed44.json
[22:27:42] (980/1420) evaluated results/credit/natural/rl/none/lam0.1_mu0.1_seed43.json
[22:27:42] (981/1420) evaluated results/credit/natural/rl/none/lam0.25_mu0.1_seed42.json
[22:27:42] (982/1420) evaluated results/credit/natural/rl/none/lam0.5_mu0.1_seed42.json
[22:27:42] (983/1420) evaluated results/credit/natural/rl/none/lam0.25_mu0.1_seed43.json
[22:27:42] (984/1420) evaluated results/credit/natural/rl/none/lam0.25_mu0.1_seed44.json
[22:27:42] (985/1420) evaluated results/credit/natural/rl/none/lam0.5_mu0.1_seed43.json
[22:27:42] (986/1420) evaluated results/credit/natural/rl/none/lam0.75_mu0.1_seed43.json
[22:27:42] (987/1420) evaluated results/credit/natural/rl/none/lam0.75_mu0.1_seed42.json
[22:27:42] (988/1420) evaluated results/credit/natural/rl/none/lam0.75_mu0.1_seed44.json
[22:27:42] (989/1420) evaluated results/credit/natural/rl/none/lam0.5_mu0.1_seed44.json
[22:27:42] (990/1420) evaluated results/credit/natural/rl/none/lam1_mu0.1_seed42.json
[22:27:42] (991/1420) evaluated results/credit/natural/rl/none/lam1_mu0.1_seed43.json
[22:27:42] (992/1420) evaluated results/credit/natural/rl/none/lam1_mu0.1_seed44.json
[22:27:43] (993/1420) evaluated results/credit/natural/rl/none/lam1.5_mu0.1_seed42.json
[22:27:43] (994/1420) evaluated results/credit/natural/rl/none/lam1.5_mu0.1_seed43.json
[22:27:43] (995/1420) evaluated results/credit/natural/rl/none/lam2_mu0.1_seed42.json
[22:27:43] (996/1420) evaluated results/credit/natural/rl/none/lam1.5_mu0.1_seed44.json
[22:27:43] (997/1420) evaluated results/credit/natural/rl/none/lam2_mu0.1_seed43.json
[22:27:43] (998/1420) evaluated results/credit/natural/rl/none/lam2_mu0.1_seed44.json
[22:27:43] (999/1420) evaluated results/credit/natural/rl/none/lam3_mu0.1_seed42.json
[22:27:43] (1000/1420) evaluated results/credit/natural/rl/none/lam3_mu0.1_seed43.json
[22:27:44] (1001/1420) evaluated results/credit/natural/rl/none/lam3_mu0.1_seed44.json
[22:27:44] (1002/1420) evaluated results/credit/natural/rl/none/lam5_mu0.1_seed43.json
[22:27:44] (1003/1420) evaluated results/credit/natural/rl/none/lam5_mu0.1_seed44.json
[22:27:44] (1004/1420) evaluated results/credit/natural/rl/none/lam0_mu0.2_seed42.json
[22:27:45] (1005/1420) evaluated results/credit/natural/baselines.json
[22:27:45] (1006/1420) evaluated results/credit/natural/rl/none/lam0_mu0.2_seed43.json
[22:27:45] (1007/1420) evaluated results/credit/natural/rl/none/lam5_mu0.1_seed42.json
[22:27:45] (1008/1420) evaluated results/credit/natural/rl/none/lam0_mu0.2_seed44.json
[22:27:46] (1009/1420) evaluated results/credit/natural/rl/none/lam0.1_mu0.2_seed42.json
[22:27:46] (1010/1420) evaluated results/credit/natural/rl/none/lam0.1_mu0.2_seed44.json
[22:27:46] (1011/1420) evaluated results/credit/natural/rl/none/lam0.25_mu0.2_seed42.json
[22:27:46] (1012/1420) evaluated results/credit/natural/rl/none/lam0.1_mu0.2_seed43.json
[22:27:46] (1013/1420) evaluated results/credit/natural/rl/none/lam0.25_mu0.2_seed44.json
[22:27:46] (1014/1420) evaluated results/credit/natural/rl/none/lam0.5_mu0.2_seed44.json
[22:27:46] (1015/1420) evaluated results/credit/natural/rl/none/lam0.5_mu0.2_seed42.json
[22:27:46] (1016/1420) evaluated results/credit/natural/rl/none/lam0.5_mu0.2_seed43.json
[22:27:46] (1017/1420) evaluated results/credit/natural/rl/none/lam0.25_mu0.2_seed43.json
[22:27:46] (1018/1420) evaluated results/credit/natural/rl/none/lam0.75_mu0.2_seed42.json
[22:27:46] (1019/1420) evaluated results/credit/natural/rl/none/lam0.75_mu0.2_seed43.json
[22:27:46] (1020/1420) evaluated results/credit/natural/rl/none/lam0.75_mu0.2_seed44.json
[22:27:47] (1021/1420) evaluated results/credit/natural/rl/none/lam1_mu0.2_seed42.json
[22:27:47] (1022/1420) evaluated results/credit/natural/rl/none/lam1_mu0.2_seed43.json
[22:27:47] (1023/1420) evaluated results/credit/natural/rl/none/lam1_mu0.2_seed44.json
[22:27:47] (1024/1420) evaluated results/credit/natural/rl/none/lam1.5_mu0.2_seed43.json
[22:27:47] (1025/1420) evaluated results/credit/natural/rl/none/lam1.5_mu0.2_seed42.json
[22:27:47] (1026/1420) evaluated results/credit/natural/rl/none/lam1.5_mu0.2_seed44.json
[22:27:47] (1027/1420) evaluated results/credit/natural/rl/none/lam2_mu0.2_seed43.json
[22:27:47] (1028/1420) evaluated results/credit/natural/rl/none/lam2_mu0.2_seed42.json
[22:27:47] (1029/1420) evaluated results/credit/natural/rl/none/lam2_mu0.2_seed44.json
[22:27:47] (1030/1420) evaluated results/credit/natural/rl/none/lam3_mu0.2_seed42.json
[22:27:47] (1031/1420) evaluated results/credit/natural/rl/none/lam3_mu0.2_seed44.json
[22:27:47] (1032/1420) evaluated results/credit/natural/rl/none/lam3_mu0.2_seed43.json
[22:27:47] (1033/1420) evaluated results/credit/natural/rl/none/lam5_mu0.2_seed42.json
[22:27:47] (1034/1420) evaluated results/credit/natural/rl/none/lam5_mu0.2_seed43.json
[22:27:48] (1035/1420) evaluated results/credit/natural/rl/none/lam5_mu0.2_seed44.json
[22:27:48] (1036/1420) evaluated results/credit/natural/rl/none/lam0_mu0.5_seed42.json
[22:27:48] (1037/1420) evaluated results/credit/natural/rl/none/lam0_mu0.5_seed43.json
[22:27:48] (1038/1420) evaluated results/credit/natural/rl/none/lam0_mu0.5_seed44.json
[22:27:48] (1039/1420) evaluated results/credit/natural/rl/none/lam0.25_mu0.5_seed42.json
[22:27:48] (1040/1420) evaluated results/credit/natural/rl/none/lam0.1_mu0.5_seed43.json
[22:27:48] (1041/1420) evaluated results/credit/natural/rl/none/lam0.1_mu0.5_seed42.json
[22:27:48] (1042/1420) evaluated results/credit/natural/rl/none/lam0.1_mu0.5_seed44.json
[22:27:48] (1043/1420) evaluated results/credit/natural/rl/none/lam0.5_mu0.5_seed43.json
[22:27:48] (1044/1420) evaluated results/credit/natural/rl/none/lam0.25_mu0.5_seed43.json
[22:27:48] (1045/1420) evaluated results/credit/natural/rl/none/lam0.25_mu0.5_seed44.json
[22:27:49] (1046/1420) evaluated results/credit/natural/rl/none/lam0.5_mu0.5_seed42.json
[22:27:49] (1047/1420) evaluated results/credit/natural/rl/none/lam0.5_mu0.5_seed44.json
[22:27:49] (1048/1420) evaluated results/credit/natural/rl/none/lam0.75_mu0.5_seed44.json
[22:27:49] (1049/1420) evaluated results/credit/natural/rl/none/lam0.75_mu0.5_seed43.json
[22:27:49] (1050/1420) evaluated results/credit/natural/rl/none/lam1_mu0.5_seed43.json
[22:27:49] (1051/1420) evaluated results/credit/natural/rl/none/lam1_mu0.5_seed42.json
[22:27:49] (1052/1420) evaluated results/credit/natural/rl/none/lam0.75_mu0.5_seed42.json
[22:27:49] (1053/1420) evaluated results/credit/natural/rl/none/lam1.5_mu0.5_seed42.json
[22:27:49] (1054/1420) evaluated results/credit/natural/rl/none/lam1_mu0.5_seed44.json
[22:27:49] (1055/1420) evaluated results/credit/natural/rl/none/lam1.5_mu0.5_seed44.json
[22:27:49] (1056/1420) evaluated results/credit/natural/rl/none/lam1.5_mu0.5_seed43.json
[22:27:50] (1057/1420) evaluated results/credit/natural/rl/none/lam2_mu0.5_seed42.json
[22:27:50] (1058/1420) evaluated results/credit/natural/rl/none/lam2_mu0.5_seed44.json
[22:27:50] (1059/1420) evaluated results/credit/natural/rl/none/lam3_mu0.5_seed42.json
[22:27:50] (1060/1420) evaluated results/credit/natural/rl/none/lam3_mu0.5_seed43.json
[22:27:50] (1061/1420) evaluated results/credit/natural/rl/none/lam5_mu0.5_seed43.json
[22:27:50] (1062/1420) evaluated results/credit/natural/rl/none/lam5_mu0.5_seed42.json
[22:27:50] (1063/1420) evaluated results/credit/natural/rl/none/lam3_mu0.5_seed44.json
[22:27:51] (1064/1420) evaluated results/credit/natural/rl/none/lam5_mu0.5_seed44.json
[22:27:51] (1065/1420) evaluated results/credit/natural/rl/none/lam2_mu0.5_seed43.json
[22:27:51] (1066/1420) evaluated results/credit/synthetic/rl/window_k8/lam0.1_mu0_seed42.json
[22:27:51] (1067/1420) evaluated results/credit/synthetic/rl/window_k8/lam0.1_mu0_seed43.json
[22:27:52] (1068/1420) evaluated results/credit/synthetic/rl/window_k8/lam0.1_mu0_seed44.json
[22:27:52] (1069/1420) evaluated results/credit/synthetic/rl/window_k8/lam0.25_mu0_seed42.json
[22:27:52] (1070/1420) evaluated results/credit/synthetic/rl/window_k8/lam0.25_mu0_seed43.json
[22:27:52] (1071/1420) evaluated results/credit/synthetic/rl/window_k8/lam0.5_mu0_seed42.json
[22:27:52] (1072/1420) evaluated results/credit/synthetic/rl/window_k8/lam0.25_mu0_seed44.json
[22:27:53] (1073/1420) evaluated results/credit/synthetic/rl/window_k8/lam0.5_mu0_seed44.json
[22:27:53] (1074/1420) evaluated results/credit/synthetic/rl/window_k8/lam0.5_mu0_seed43.json
[22:27:53] (1075/1420) evaluated results/credit/synthetic/rl/window_k8/lam0.75_mu0_seed43.json
[22:27:53] (1076/1420) evaluated results/credit/synthetic/rl/window_k8/lam0.75_mu0_seed44.json
[22:27:53] (1077/1420) evaluated results/credit/synthetic/rl/window_k8/lam0.75_mu0_seed42.json
[22:27:53] (1078/1420) evaluated results/credit/synthetic/rl/window_k8/lam1_mu0_seed43.json
[22:27:53] (1079/1420) evaluated results/credit/synthetic/rl/window_k8/lam1_mu0_seed42.json
[22:27:53] (1080/1420) evaluated results/credit/synthetic/rl/window_k8/lam1.5_mu0_seed42.json
[22:27:53] (1081/1420) evaluated results/credit/synthetic/rl/window_k8/lam1.5_mu0_seed43.json
[22:27:53] (1082/1420) evaluated results/credit/synthetic/rl/window_k8/lam1_mu0_seed44.json
[22:27:53] (1083/1420) evaluated results/credit/synthetic/rl/window_k8/lam1.5_mu0_seed44.json
[22:27:53] (1084/1420) evaluated results/credit/synthetic/rl/window_k8/lam2_mu0_seed42.json
[22:27:54] (1085/1420) evaluated results/credit/synthetic/rl/window_k8/lam2_mu0_seed43.json
[22:27:54] (1086/1420) evaluated results/credit/synthetic/rl/window_k8/lam2_mu0_seed44.json
[22:27:54] (1087/1420) evaluated results/credit/synthetic/rl/window_k8/lam3_mu0_seed42.json
[22:27:54] (1088/1420) evaluated results/credit/synthetic/rl/window_k8/lam3_mu0_seed43.json
[22:27:54] (1089/1420) evaluated results/credit/synthetic/rl/window_k8/lam5_mu0_seed42.json
[22:27:54] (1090/1420) evaluated results/credit/synthetic/rl/window_k8/lam3_mu0_seed44.json
[22:27:54] (1091/1420) evaluated results/credit/synthetic/rl/window_k8/lam5_mu0_seed43.json
[22:27:54] (1092/1420) evaluated results/credit/synthetic/rl/window_k8/lam5_mu0_seed44.json
[22:27:54] (1093/1420) evaluated results/credit/synthetic/rl/window_k8/lam0_mu0.01_seed43.json
[22:27:54] (1094/1420) evaluated results/credit/synthetic/rl/window_k8/lam0_mu0.01_seed44.json
[22:27:54] (1095/1420) evaluated results/credit/synthetic/rl/window_k8/lam0.1_mu0.01_seed42.json
[22:27:54] (1096/1420) evaluated results/credit/synthetic/rl/window_k8/lam0.1_mu0.01_seed43.json
[22:27:54] (1097/1420) evaluated results/credit/synthetic/rl/window_k8/lam0_mu0.01_seed42.json
[22:27:54] (1098/1420) evaluated results/credit/synthetic/rl/window_k8/lam0.1_mu0.01_seed44.json
[22:27:54] (1099/1420) evaluated results/credit/synthetic/rl/window_k8/lam0.25_mu0.01_seed42.json
[22:27:55] (1100/1420) evaluated results/credit/synthetic/rl/window_k8/lam0.25_mu0.01_seed43.json
[22:27:55] (1101/1420) evaluated results/credit/synthetic/rl/window_k8/lam0.5_mu0.01_seed42.json
[22:27:55] (1102/1420) evaluated results/credit/synthetic/rl/window_k8/lam0.25_mu0.01_seed44.json
[22:27:55] (1103/1420) evaluated results/credit/synthetic/rl/window_k8/lam0.75_mu0.01_seed43.json
[22:27:55] (1104/1420) evaluated results/credit/synthetic/rl/window_k8/lam0.5_mu0.01_seed43.json
[22:27:55] (1105/1420) evaluated results/credit/synthetic/rl/window_k8/lam0.75_mu0.01_seed42.json
[22:27:55] (1106/1420) evaluated results/credit/synthetic/rl/window_k8/lam0.5_mu0.01_seed44.json
[22:27:55] (1107/1420) evaluated results/credit/synthetic/rl/window_k8/lam1_mu0.01_seed42.json
[22:27:55] (1108/1420) evaluated results/credit/synthetic/rl/window_k8/lam0.75_mu0.01_seed44.json
[22:27:55] (1109/1420) evaluated results/credit/synthetic/rl/window_k8/lam1.5_mu0.01_seed42.json
[22:27:55] (1110/1420) evaluated results/credit/synthetic/rl/window_k8/lam1.5_mu0.01_seed43.json
[22:27:55] (1111/1420) evaluated results/credit/synthetic/rl/window_k8/lam1_mu0.01_seed43.json
[22:27:55] (1112/1420) evaluated results/credit/synthetic/rl/window_k8/lam1.5_mu0.01_seed44.json
[22:27:55] (1113/1420) evaluated results/credit/synthetic/rl/window_k8/lam1_mu0.01_seed44.json
[22:27:56] (1114/1420) evaluated results/credit/synthetic/rl/window_k8/lam2_mu0.01_seed44.json
[22:27:56] (1115/1420) evaluated results/credit/synthetic/rl/window_k8/lam2_mu0.01_seed42.json
[22:27:56] (1116/1420) evaluated results/credit/synthetic/rl/window_k8/lam2_mu0.01_seed43.json
[22:27:56] (1117/1420) evaluated results/credit/synthetic/rl/window_k8/lam3_mu0.01_seed42.json
[22:27:56] (1118/1420) evaluated results/credit/synthetic/rl/window_k8/lam3_mu0.01_seed43.json
[22:27:56] (1119/1420) evaluated results/credit/synthetic/rl/window_k8/lam3_mu0.01_seed44.json
[22:27:56] (1120/1420) evaluated results/credit/synthetic/rl/window_k8/lam5_mu0.01_seed43.json
[22:27:57] (1121/1420) evaluated results/credit/synthetic/rl/window_k8/lam5_mu0.01_seed42.json
[22:27:57] (1122/1420) evaluated results/credit/synthetic/rl/window_k8/lam0_mu0.05_seed42.json
[22:27:57] (1123/1420) evaluated results/credit/synthetic/rl/window_k8/lam5_mu0.01_seed44.json
[22:27:57] (1124/1420) evaluated results/credit/synthetic/rl/window_k8/lam0_mu0.05_seed43.json
[22:27:57] (1125/1420) evaluated results/credit/synthetic/rl/window_k8/lam0_mu0.05_seed44.json
[22:27:57] (1126/1420) evaluated results/credit/synthetic/rl/window_k8/lam0.1_mu0.05_seed42.json
[22:27:57] (1127/1420) evaluated results/credit/synthetic/rl/window_k8/lam0.1_mu0.05_seed43.json
[22:27:57] (1128/1420) evaluated results/credit/synthetic/rl/window_k8/lam0.1_mu0.05_seed44.json
[22:27:58] (1129/1420) evaluated results/credit/synthetic/rl/window_k8/lam0.25_mu0.05_seed42.json
[22:27:58] (1130/1420) evaluated results/credit/synthetic/rl/window_k8/lam0.25_mu0.05_seed43.json
[22:27:58] (1131/1420) evaluated results/credit/synthetic/rl/window_k8/lam0.25_mu0.05_seed44.json
[22:27:59] (1132/1420) evaluated results/credit/synthetic/rl/window_k8/lam0.5_mu0.05_seed42.json
[22:27:59] (1133/1420) evaluated results/credit/synthetic/rl/window_k8/lam0.5_mu0.05_seed43.json
[22:27:59] (1134/1420) evaluated results/credit/synthetic/rl/window_k8/lam0.5_mu0.05_seed44.json
[22:27:59] (1135/1420) evaluated results/credit/synthetic/rl/window_k8/lam0.75_mu0.05_seed42.json
[22:27:59] (1136/1420) evaluated results/credit/synthetic/rl/window_k8/lam1_mu0.05_seed42.json
[22:27:59] (1137/1420) evaluated results/credit/synthetic/rl/window_k8/lam0.75_mu0.05_seed43.json
[22:28:00] (1138/1420) evaluated results/credit/synthetic/rl/window_k8/lam0.75_mu0.05_seed44.json
[22:28:00] (1139/1420) evaluated results/credit/synthetic/rl/window_k8/lam1_mu0.05_seed43.json
[22:28:00] (1140/1420) evaluated results/credit/synthetic/rl/window_k8/lam1.5_mu0.05_seed42.json
[22:28:00] (1141/1420) evaluated results/credit/synthetic/rl/window_k8/lam1.5_mu0.05_seed43.json
[22:28:00] (1142/1420) evaluated results/credit/synthetic/rl/window_k8/lam1.5_mu0.05_seed44.json
[22:28:00] (1143/1420) evaluated results/credit/synthetic/rl/window_k8/lam2_mu0.05_seed42.json
[22:28:00] (1144/1420) evaluated results/credit/synthetic/rl/window_k8/lam1_mu0.05_seed44.json
[22:28:00] (1145/1420) evaluated results/credit/synthetic/rl/window_k8/lam2_mu0.05_seed44.json
[22:28:00] (1146/1420) evaluated results/credit/synthetic/rl/window_k8/lam2_mu0.05_seed43.json
[22:28:00] (1147/1420) evaluated results/credit/synthetic/rl/window_k8/lam3_mu0.05_seed42.json
[22:28:00] (1148/1420) evaluated results/credit/synthetic/rl/window_k8/lam3_mu0.05_seed44.json
[22:28:00] (1149/1420) evaluated results/credit/synthetic/rl/window_k8/lam3_mu0.05_seed43.json
[22:28:01] (1150/1420) evaluated results/credit/synthetic/rl/window_k8/lam5_mu0.05_seed42.json
[22:28:01] (1151/1420) evaluated results/credit/synthetic/rl/window_k8/lam5_mu0.05_seed43.json
[22:28:01] (1152/1420) evaluated results/credit/synthetic/rl/window_k8/lam5_mu0.05_seed44.json
[22:28:01] (1153/1420) evaluated results/credit/synthetic/rl/window_k8/lam0_mu0.1_seed42.json
[22:28:01] (1154/1420) evaluated results/credit/synthetic/rl/window_k8/lam0_mu0.1_seed44.json
[22:28:01] (1155/1420) evaluated results/credit/synthetic/rl/window_k8/lam0_mu0.1_seed43.json
[22:28:01] (1156/1420) evaluated results/credit/synthetic/rl/window_k8/lam0.1_mu0.1_seed42.json
[22:28:01] (1157/1420) evaluated results/credit/synthetic/rl/window_k8/lam0.1_mu0.1_seed44.json
[22:28:01] (1158/1420) evaluated results/credit/synthetic/rl/window_k8/lam0.1_mu0.1_seed43.json
[22:28:01] (1159/1420) evaluated results/credit/synthetic/rl/window_k8/lam0.25_mu0.1_seed42.json
[22:28:01] (1160/1420) evaluated results/credit/synthetic/rl/window_k8/lam0.25_mu0.1_seed43.json
[22:28:01] (1161/1420) evaluated results/credit/synthetic/rl/window_k8/lam0.5_mu0.1_seed42.json
[22:28:01] (1162/1420) evaluated results/credit/synthetic/rl/window_k8/lam0.25_mu0.1_seed44.json
[22:28:02] (1163/1420) evaluated results/credit/synthetic/rl/window_k8/lam0.5_mu0.1_seed43.json
[22:28:02] (1164/1420) evaluated results/credit/synthetic/rl/window_k8/lam0.5_mu0.1_seed44.json
[22:28:02] (1165/1420) evaluated results/credit/synthetic/rl/window_k8/lam0.75_mu0.1_seed43.json
[22:28:02] (1166/1420) evaluated results/credit/synthetic/rl/window_k8/lam0.75_mu0.1_seed42.json
[22:28:02] (1167/1420) evaluated results/credit/synthetic/rl/window_k8/lam1_mu0.1_seed42.json
[22:28:02] (1168/1420) evaluated results/credit/synthetic/rl/window_k8/lam0.75_mu0.1_seed44.json
[22:28:02] (1169/1420) evaluated results/credit/synthetic/rl/window_k8/lam1.5_mu0.1_seed43.json
[22:28:02] (1170/1420) evaluated results/credit/synthetic/rl/window_k8/lam1_mu0.1_seed43.json
[22:28:02] (1171/1420) evaluated results/credit/synthetic/rl/window_k8/lam1.5_mu0.1_seed44.json
[22:28:02] (1172/1420) evaluated results/credit/synthetic/rl/window_k8/lam2_mu0.1_seed43.json
[22:28:02] (1173/1420) evaluated results/credit/synthetic/rl/window_k8/lam1_mu0.1_seed44.json
[22:28:02] (1174/1420) evaluated results/credit/synthetic/rl/window_k8/lam1.5_mu0.1_seed42.json
[22:28:02] (1175/1420) evaluated results/credit/synthetic/rl/window_k8/lam2_mu0.1_seed42.json
[22:28:02] (1176/1420) evaluated results/credit/synthetic/rl/window_k8/lam3_mu0.1_seed42.json
[22:28:02] (1177/1420) evaluated results/credit/synthetic/rl/window_k8/lam3_mu0.1_seed43.json
[22:28:02] (1178/1420) evaluated results/credit/synthetic/rl/window_k8/lam2_mu0.1_seed44.json
[22:28:03] (1179/1420) evaluated results/credit/synthetic/rl/window_k8/lam3_mu0.1_seed44.json
[22:28:03] (1180/1420) evaluated results/credit/synthetic/rl/window_k8/lam5_mu0.1_seed42.json
[22:28:03] (1181/1420) evaluated results/credit/synthetic/rl/window_k8/lam5_mu0.1_seed43.json
[22:28:03] (1182/1420) evaluated results/credit/synthetic/rl/window_k8/lam5_mu0.1_seed44.json
[22:28:03] (1183/1420) evaluated results/credit/synthetic/rl/window_k8/lam0_mu0.2_seed42.json
[22:28:03] (1184/1420) evaluated results/credit/synthetic/rl/window_k8/lam0_mu0.2_seed43.json
[22:28:04] (1185/1420) evaluated results/credit/synthetic/rl/window_k8/lam0.1_mu0.2_seed43.json
[22:28:04] (1186/1420) evaluated results/credit/synthetic/rl/window_k8/lam0_mu0.2_seed44.json
[22:28:04] (1187/1420) evaluated results/credit/synthetic/rl/window_k8/lam0.1_mu0.2_seed42.json
[22:28:04] (1188/1420) evaluated results/credit/synthetic/rl/window_k8/lam0.1_mu0.2_seed44.json
[22:28:04] (1189/1420) evaluated results/credit/synthetic/rl/window_k8/lam0.25_mu0.2_seed42.json
[22:28:04] (1190/1420) evaluated results/credit/synthetic/rl/window_k8/lam0.25_mu0.2_seed43.json
[22:28:04] (1191/1420) evaluated results/credit/synthetic/rl/window_k8/lam0.25_mu0.2_seed44.json
[22:28:05] (1192/1420) evaluated results/credit/synthetic/rl/window_k8/lam0.5_mu0.2_seed42.json
[22:28:05] (1193/1420) evaluated results/credit/synthetic/rl/window_k8/lam0.5_mu0.2_seed44.json
[22:28:05] (1194/1420) evaluated results/credit/synthetic/rl/window_k8/lam0.5_mu0.2_seed43.json
[22:28:05] (1195/1420) evaluated results/credit/synthetic/rl/window_k8/lam0.75_mu0.2_seed42.json
[22:28:06] (1196/1420) evaluated results/credit/synthetic/rl/window_k8/lam0.75_mu0.2_seed44.json
[22:28:06] (1197/1420) evaluated results/credit/synthetic/rl/window_k8/lam0.75_mu0.2_seed43.json
[22:28:06] (1198/1420) evaluated results/credit/synthetic/rl/window_k8/lam1_mu0.2_seed43.json
[22:28:06] (1199/1420) evaluated results/credit/synthetic/rl/window_k8/lam1_mu0.2_seed44.json
[22:28:06] (1200/1420) evaluated results/credit/synthetic/rl/window_k8/lam1.5_mu0.2_seed43.json
[22:28:06] (1201/1420) evaluated results/credit/synthetic/rl/window_k8/lam1_mu0.2_seed42.json
[22:28:06] (1202/1420) evaluated results/credit/synthetic/rl/window_k8/lam1.5_mu0.2_seed44.json
[22:28:06] (1203/1420) evaluated results/credit/synthetic/rl/window_k8/lam1.5_mu0.2_seed42.json
[22:28:06] (1204/1420) evaluated results/credit/synthetic/rl/window_k8/lam2_mu0.2_seed43.json
[22:28:06] (1205/1420) evaluated results/credit/synthetic/rl/window_k8/lam2_mu0.2_seed42.json
[22:28:06] (1206/1420) evaluated results/credit/synthetic/rl/window_k8/lam2_mu0.2_seed44.json
[22:28:07] (1207/1420) evaluated results/credit/synthetic/rl/window_k8/lam3_mu0.2_seed42.json
[22:28:07] (1208/1420) evaluated results/credit/synthetic/rl/window_k8/lam3_mu0.2_seed43.json
[22:28:07] (1209/1420) evaluated results/credit/synthetic/rl/window_k8/lam5_mu0.2_seed42.json
[22:28:07] (1210/1420) evaluated results/credit/synthetic/rl/window_k8/lam3_mu0.2_seed44.json
[22:28:07] (1211/1420) evaluated results/credit/synthetic/rl/window_k8/lam5_mu0.2_seed43.json
[22:28:07] (1212/1420) evaluated results/credit/synthetic/rl/window_k8/lam5_mu0.2_seed44.json
[22:28:07] (1213/1420) evaluated results/credit/synthetic/rl/window_k8/lam0_mu0.5_seed42.json
[22:28:07] (1214/1420) evaluated results/credit/synthetic/rl/window_k8/lam0_mu0.5_seed44.json
[22:28:07] (1215/1420) evaluated results/credit/synthetic/rl/window_k8/lam0_mu0.5_seed43.json
[22:28:08] (1216/1420) evaluated results/credit/synthetic/rl/window_k8/lam0.1_mu0.5_seed42.json
[22:28:08] (1217/1420) evaluated results/credit/synthetic/rl/window_k8/lam0.1_mu0.5_seed43.json
[22:28:08] (1218/1420) evaluated results/credit/synthetic/rl/window_k8/lam0.1_mu0.5_seed44.json
[22:28:08] (1219/1420) evaluated results/credit/synthetic/rl/window_k8/lam0.25_mu0.5_seed42.json
[22:28:08] (1220/1420) evaluated results/credit/synthetic/rl/window_k8/lam0.25_mu0.5_seed43.json
[22:28:08] (1221/1420) evaluated results/credit/synthetic/rl/window_k8/lam0.25_mu0.5_seed44.json
[22:28:08] (1222/1420) evaluated results/credit/synthetic/rl/window_k8/lam0.5_mu0.5_seed42.json
[22:28:08] (1223/1420) evaluated results/credit/synthetic/rl/window_k8/lam0.5_mu0.5_seed44.json
[22:28:08] (1224/1420) evaluated results/credit/synthetic/rl/window_k8/lam0.5_mu0.5_seed43.json
[22:28:08] (1225/1420) evaluated results/credit/synthetic/rl/window_k8/lam0.75_mu0.5_seed42.json
[22:28:08] (1226/1420) evaluated results/credit/synthetic/rl/window_k8/lam0.75_mu0.5_seed44.json
[22:28:09] (1227/1420) evaluated results/credit/synthetic/rl/window_k8/lam1_mu0.5_seed42.json
[22:28:09] (1228/1420) evaluated results/credit/synthetic/rl/window_k8/lam0.75_mu0.5_seed43.json
[22:28:09] (1229/1420) evaluated results/credit/synthetic/rl/window_k8/lam1_mu0.5_seed44.json
[22:28:09] (1230/1420) evaluated results/credit/synthetic/rl/window_k8/lam1_mu0.5_seed43.json
[22:28:09] (1231/1420) evaluated results/credit/synthetic/rl/window_k8/lam1.5_mu0.5_seed43.json
[22:28:09] (1232/1420) evaluated results/credit/synthetic/rl/window_k8/lam1.5_mu0.5_seed42.json
[22:28:09] (1233/1420) evaluated results/credit/synthetic/rl/window_k8/lam2_mu0.5_seed43.json
[22:28:09] (1234/1420) evaluated results/credit/synthetic/rl/window_k8/lam2_mu0.5_seed42.json
[22:28:09] (1235/1420) evaluated results/credit/synthetic/rl/window_k8/lam1.5_mu0.5_seed44.json
[22:28:09] (1236/1420) evaluated results/credit/synthetic/rl/window_k8/lam2_mu0.5_seed44.json
[22:28:09] (1237/1420) evaluated results/credit/synthetic/rl/window_k8/lam3_mu0.5_seed44.json
[22:28:09] (1238/1420) evaluated results/credit/synthetic/rl/window_k8/lam3_mu0.5_seed42.json
[22:28:09] (1239/1420) evaluated results/credit/synthetic/rl/window_k8/lam5_mu0.5_seed42.json
[22:28:09] (1240/1420) evaluated results/credit/synthetic/rl/window_k8/lam3_mu0.5_seed43.json
[22:28:09] (1241/1420) evaluated results/credit/synthetic/rl/window_k8/lam5_mu0.5_seed43.json
[22:28:09] (1242/1420) evaluated results/credit/synthetic/rl/none/lam0.1_mu0_seed42.json
[22:28:09] (1243/1420) evaluated results/credit/synthetic/rl/window_k8/lam5_mu0.5_seed44.json
[22:28:10] (1244/1420) evaluated results/credit/synthetic/rl/none/lam0.1_mu0_seed43.json
[22:28:10] (1245/1420) evaluated results/credit/synthetic/rl/none/lam0.1_mu0_seed44.json
[22:28:10] (1246/1420) evaluated results/credit/synthetic/rl/none/lam0.25_mu0_seed42.json
[22:28:10] (1247/1420) evaluated results/credit/synthetic/rl/none/lam0.25_mu0_seed44.json
[22:28:10] (1248/1420) evaluated results/credit/synthetic/rl/none/lam0.25_mu0_seed43.json
[22:28:10] (1249/1420) evaluated results/credit/synthetic/rl/none/lam0.5_mu0_seed42.json
[22:28:11] (1250/1420) evaluated results/credit/synthetic/rl/none/lam0.5_mu0_seed44.json
[22:28:11] (1251/1420) evaluated results/credit/synthetic/rl/none/lam0.5_mu0_seed43.json
[22:28:11] (1252/1420) evaluated results/credit/synthetic/rl/none/lam0.75_mu0_seed43.json
[22:28:11] (1253/1420) evaluated results/credit/synthetic/rl/none/lam0.75_mu0_seed42.json
[22:28:11] (1254/1420) evaluated results/credit/synthetic/rl/none/lam0.75_mu0_seed44.json
[22:28:12] (1255/1420) evaluated results/credit/synthetic/rl/none/lam1_mu0_seed43.json
[22:28:12] (1256/1420) evaluated results/credit/synthetic/rl/none/lam1_mu0_seed42.json
[22:28:12] (1257/1420) evaluated results/credit/synthetic/rl/none/lam1_mu0_seed44.json
[22:28:12] (1258/1420) evaluated results/credit/synthetic/rl/none/lam1.5_mu0_seed42.json
[22:28:12] (1259/1420) evaluated results/credit/synthetic/rl/none/lam1.5_mu0_seed43.json
[22:28:13] (1260/1420) evaluated results/credit/synthetic/rl/none/lam2_mu0_seed42.json
[22:28:13] (1261/1420) evaluated results/credit/synthetic/rl/none/lam2_mu0_seed43.json
[22:28:13] (1262/1420) evaluated results/credit/synthetic/rl/none/lam2_mu0_seed44.json
[22:28:13] (1263/1420) evaluated results/credit/synthetic/rl/none/lam1.5_mu0_seed44.json
[22:28:13] (1264/1420) evaluated results/credit/synthetic/rl/none/lam3_mu0_seed43.json
[22:28:13] (1265/1420) evaluated results/credit/synthetic/rl/none/lam5_mu0_seed42.json
[22:28:13] (1266/1420) evaluated results/credit/synthetic/rl/none/lam5_mu0_seed43.json
[22:28:13] (1267/1420) evaluated results/credit/synthetic/rl/none/lam5_mu0_seed44.json
[22:28:13] (1268/1420) evaluated results/credit/synthetic/rl/none/lam3_mu0_seed44.json
[22:28:13] (1269/1420) evaluated results/credit/synthetic/rl/none/lam3_mu0_seed42.json
[22:28:13] (1270/1420) evaluated results/credit/synthetic/rl/none/lam0_mu0.01_seed43.json
[22:28:14] (1271/1420) evaluated results/credit/synthetic/rl/none/lam0_mu0.01_seed42.json
[22:28:14] (1272/1420) evaluated results/credit/synthetic/rl/none/lam0_mu0.01_seed44.json
[22:28:14] (1273/1420) evaluated results/credit/synthetic/rl/none/lam0.1_mu0.01_seed42.json
[22:28:14] (1274/1420) evaluated results/credit/synthetic/rl/none/lam0.1_mu0.01_seed43.json
[22:28:14] (1275/1420) evaluated results/credit/synthetic/rl/none/lam0.25_mu0.01_seed42.json
[22:28:14] (1276/1420) evaluated results/credit/synthetic/rl/none/lam0.25_mu0.01_seed43.json
[22:28:14] (1277/1420) evaluated results/credit/synthetic/rl/none/lam0.1_mu0.01_seed44.json
[22:28:14] (1278/1420) evaluated results/credit/synthetic/rl/none/lam0.25_mu0.01_seed44.json
[22:28:14] (1279/1420) evaluated results/credit/synthetic/rl/none/lam0.5_mu0.01_seed43.json
[22:28:14] (1280/1420) evaluated results/credit/synthetic/rl/none/lam0.5_mu0.01_seed42.json
[22:28:14] (1281/1420) evaluated results/credit/synthetic/rl/none/lam0.75_mu0.01_seed42.json
[22:28:14] (1282/1420) evaluated results/credit/synthetic/rl/none/lam0.5_mu0.01_seed44.json
[22:28:15] (1283/1420) evaluated results/credit/synthetic/rl/none/lam0.75_mu0.01_seed43.json
[22:28:15] (1284/1420) evaluated results/credit/synthetic/rl/none/lam1_mu0.01_seed43.json
[22:28:15] (1285/1420) evaluated results/credit/synthetic/rl/none/lam1_mu0.01_seed42.json
[22:28:15] (1286/1420) evaluated results/credit/synthetic/rl/none/lam0.75_mu0.01_seed44.json
[22:28:15] (1287/1420) evaluated results/credit/synthetic/rl/none/lam1.5_mu0.01_seed42.json
[22:28:15] (1288/1420) evaluated results/credit/synthetic/rl/none/lam1_mu0.01_seed44.json
[22:28:15] (1289/1420) evaluated results/credit/synthetic/rl/none/lam1.5_mu0.01_seed44.json
[22:28:15] (1290/1420) evaluated results/credit/synthetic/rl/none/lam1.5_mu0.01_seed43.json
[22:28:15] (1291/1420) evaluated results/credit/synthetic/rl/none/lam3_mu0.01_seed42.json
[22:28:15] (1292/1420) evaluated results/credit/synthetic/rl/none/lam2_mu0.01_seed43.json
[22:28:15] (1293/1420) evaluated results/credit/synthetic/rl/none/lam3_mu0.01_seed44.json
[22:28:15] (1294/1420) evaluated results/credit/synthetic/rl/none/lam2_mu0.01_seed42.json
[22:28:15] (1295/1420) evaluated results/credit/synthetic/rl/none/lam5_mu0.01_seed42.json
[22:28:16] (1296/1420) evaluated results/credit/synthetic/rl/none/lam3_mu0.01_seed43.json
[22:28:16] (1297/1420) evaluated results/credit/synthetic/rl/none/lam2_mu0.01_seed44.json
[22:28:16] (1298/1420) evaluated results/credit/synthetic/rl/none/lam0_mu0.05_seed42.json
[22:28:16] (1299/1420) evaluated results/credit/synthetic/rl/none/lam0_mu0.05_seed44.json
[22:28:16] (1300/1420) evaluated results/credit/synthetic/rl/none/lam5_mu0.01_seed43.json
[22:28:16] (1301/1420) evaluated results/credit/synthetic/rl/none/lam5_mu0.01_seed44.json
[22:28:16] (1302/1420) evaluated results/credit/synthetic/rl/none/lam0_mu0.05_seed43.json
[22:28:16] (1303/1420) evaluated results/credit/synthetic/rl/none/lam0.1_mu0.05_seed42.json
[22:28:16] (1304/1420) evaluated results/credit/synthetic/rl/none/lam0.1_mu0.05_seed43.json
[22:28:16] (1305/1420) evaluated results/credit/synthetic/rl/none/lam0.1_mu0.05_seed44.json
[22:28:16] (1306/1420) evaluated results/credit/synthetic/rl/none/lam0.25_mu0.05_seed42.json
[22:28:16] (1307/1420) evaluated results/credit/synthetic/rl/none/lam0.25_mu0.05_seed43.json
[22:28:17] (1308/1420) evaluated results/credit/synthetic/rl/none/lam0.5_mu0.05_seed42.json
[22:28:17] (1309/1420) evaluated results/credit/synthetic/rl/none/lam0.25_mu0.05_seed44.json
[22:28:17] (1310/1420) evaluated results/credit/synthetic/rl/none/lam0.5_mu0.05_seed43.json
[22:28:17] (1311/1420) evaluated results/credit/synthetic/rl/none/lam0.75_mu0.05_seed42.json
[22:28:17] (1312/1420) evaluated results/credit/synthetic/rl/none/lam0.5_mu0.05_seed44.json
[22:28:17] (1313/1420) evaluated results/credit/synthetic/rl/none/lam0.75_mu0.05_seed43.json
[22:28:18] (1314/1420) evaluated results/credit/synthetic/rl/none/lam0.75_mu0.05_seed44.json
[22:28:18] (1315/1420) evaluated results/credit/synthetic/rl/none/lam1_mu0.05_seed42.json
[22:28:18] (1316/1420) evaluated results/credit/synthetic/rl/none/lam1_mu0.05_seed43.json
[22:28:18] (1317/1420) evaluated results/credit/synthetic/rl/none/lam1_mu0.05_seed44.json
[22:28:19] (1318/1420) evaluated results/credit/synthetic/rl/none/lam1.5_mu0.05_seed42.json
[22:28:19] (1319/1420) evaluated results/credit/synthetic/rl/none/lam2_mu0.05_seed43.json
[22:28:19] (1320/1420) evaluated results/credit/synthetic/rl/none/lam2_mu0.05_seed42.json
[22:28:19] (1321/1420) evaluated results/credit/synthetic/rl/none/lam1.5_mu0.05_seed44.json
[22:28:19] (1322/1420) evaluated results/credit/synthetic/rl/none/lam1.5_mu0.05_seed43.json
[22:28:19] (1323/1420) evaluated results/credit/synthetic/rl/none/lam2_mu0.05_seed44.json
[22:28:20] (1324/1420) evaluated results/credit/synthetic/rl/none/lam3_mu0.05_seed42.json
[22:28:20] (1325/1420) evaluated results/credit/synthetic/rl/none/lam3_mu0.05_seed43.json
[22:28:20] (1326/1420) evaluated results/credit/synthetic/rl/none/lam5_mu0.05_seed42.json
[22:28:20] (1327/1420) evaluated results/credit/synthetic/rl/none/lam5_mu0.05_seed43.json
[22:28:20] (1328/1420) evaluated results/credit/synthetic/rl/none/lam3_mu0.05_seed44.json
[22:28:20] (1329/1420) evaluated results/credit/synthetic/rl/none/lam5_mu0.05_seed44.json
[22:28:20] (1330/1420) evaluated results/credit/synthetic/rl/none/lam0_mu0.1_seed42.json
[22:28:20] (1331/1420) evaluated results/credit/synthetic/rl/none/lam0_mu0.1_seed43.json
[22:28:20] (1332/1420) evaluated results/credit/synthetic/rl/none/lam0_mu0.1_seed44.json
[22:28:20] (1333/1420) evaluated results/credit/synthetic/rl/none/lam0.1_mu0.1_seed42.json
[22:28:20] (1334/1420) evaluated results/credit/synthetic/rl/none/lam0.1_mu0.1_seed44.json
[22:28:20] (1335/1420) evaluated results/credit/synthetic/rl/none/lam0.1_mu0.1_seed43.json
[22:28:21] (1336/1420) evaluated results/credit/synthetic/rl/none/lam0.25_mu0.1_seed43.json
[22:28:21] (1337/1420) evaluated results/credit/synthetic/rl/none/lam0.25_mu0.1_seed42.json
[22:28:21] (1338/1420) evaluated results/credit/synthetic/rl/none/lam0.5_mu0.1_seed42.json
[22:28:21] (1339/1420) evaluated results/credit/synthetic/rl/none/lam0.25_mu0.1_seed44.json
[22:28:21] (1340/1420) evaluated results/credit/synthetic/rl/none/lam0.5_mu0.1_seed43.json
[22:28:21] (1341/1420) evaluated results/credit/synthetic/rl/none/lam0.5_mu0.1_seed44.json
[22:28:21] (1342/1420) evaluated results/credit/synthetic/rl/none/lam0.75_mu0.1_seed42.json
[22:28:21] (1343/1420) evaluated results/credit/synthetic/rl/none/lam0.75_mu0.1_seed43.json
[22:28:21] (1344/1420) evaluated results/credit/synthetic/rl/none/lam0.75_mu0.1_seed44.json
[22:28:21] (1345/1420) evaluated results/credit/synthetic/rl/none/lam1_mu0.1_seed42.json
[22:28:21] (1346/1420) evaluated results/credit/synthetic/rl/none/lam1_mu0.1_seed43.json
[22:28:21] (1347/1420) evaluated results/credit/synthetic/rl/none/lam1_mu0.1_seed44.json
[22:28:21] (1348/1420) evaluated results/credit/synthetic/rl/none/lam1.5_mu0.1_seed42.json
[22:28:22] (1349/1420) evaluated results/credit/synthetic/rl/none/lam1.5_mu0.1_seed43.json
[22:28:22] (1350/1420) evaluated results/credit/synthetic/rl/none/lam1.5_mu0.1_seed44.json
[22:28:22] (1351/1420) evaluated results/credit/synthetic/rl/none/lam2_mu0.1_seed42.json
[22:28:22] (1352/1420) evaluated results/credit/synthetic/rl/none/lam2_mu0.1_seed43.json
[22:28:22] (1353/1420) evaluated results/credit/synthetic/rl/none/lam2_mu0.1_seed44.json
[22:28:22] (1354/1420) evaluated results/credit/synthetic/rl/none/lam3_mu0.1_seed42.json
[22:28:22] (1355/1420) evaluated results/credit/synthetic/rl/none/lam3_mu0.1_seed44.json
[22:28:22] (1356/1420) evaluated results/credit/synthetic/rl/none/lam5_mu0.1_seed43.json
[22:28:22] (1357/1420) evaluated results/credit/synthetic/rl/none/lam3_mu0.1_seed43.json
[22:28:22] (1358/1420) evaluated results/credit/synthetic/rl/none/lam5_mu0.1_seed44.json
[22:28:22] (1359/1420) evaluated results/credit/synthetic/rl/none/lam0_mu0.2_seed42.json
[22:28:22] (1360/1420) evaluated results/credit/synthetic/rl/none/lam5_mu0.1_seed42.json
[22:28:22] (1361/1420) evaluated results/credit/synthetic/rl/none/lam0_mu0.2_seed43.json
[22:28:22] (1362/1420) evaluated results/credit/synthetic/rl/none/lam0_mu0.2_seed44.json
[22:28:23] (1363/1420) evaluated results/credit/synthetic/rl/none/lam0.1_mu0.2_seed43.json
[22:28:23] (1364/1420) evaluated results/credit/synthetic/rl/none/lam0.1_mu0.2_seed42.json
[22:28:23] (1365/1420) evaluated results/credit/synthetic/rl/none/lam0.1_mu0.2_seed44.json
[22:28:23] (1366/1420) evaluated results/credit/synthetic/rl/none/lam0.25_mu0.2_seed42.json
[22:28:23] (1367/1420) evaluated results/credit/synthetic/rl/none/lam0.25_mu0.2_seed43.json
[22:28:23] (1368/1420) evaluated results/credit/synthetic/rl/none/lam0.25_mu0.2_seed44.json
[22:28:23] (1369/1420) evaluated results/credit/synthetic/rl/none/lam0.5_mu0.2_seed42.json
[22:28:23] (1370/1420) evaluated results/credit/synthetic/baselines.json
[22:28:23] (1371/1420) evaluated results/credit/synthetic/rl/none/lam0.5_mu0.2_seed43.json
[22:28:24] (1372/1420) evaluated results/credit/synthetic/rl/none/lam0.5_mu0.2_seed44.json
[22:28:24] (1373/1420) evaluated results/credit/synthetic/rl/none/lam0.75_mu0.2_seed42.json
[22:28:24] (1374/1420) evaluated results/credit/synthetic/rl/none/lam0.75_mu0.2_seed43.json
[22:28:24] (1375/1420) evaluated results/credit/synthetic/rl/none/lam0.75_mu0.2_seed44.json
[22:28:24] (1376/1420) evaluated results/credit/synthetic/rl/none/lam1_mu0.2_seed42.json
[22:28:24] (1377/1420) evaluated results/credit/synthetic/rl/none/lam1_mu0.2_seed43.json
[22:28:24] (1378/1420) evaluated results/credit/synthetic/rl/none/lam1.5_mu0.2_seed42.json
[22:28:24] (1379/1420) evaluated results/credit/synthetic/rl/none/lam1_mu0.2_seed44.json
[22:28:25] (1380/1420) evaluated results/credit/synthetic/rl/none/lam1.5_mu0.2_seed43.json
[22:28:25] (1381/1420) evaluated results/credit/synthetic/rl/none/lam1.5_mu0.2_seed44.json
[22:28:25] (1382/1420) evaluated results/credit/synthetic/rl/none/lam2_mu0.2_seed42.json
[22:28:25] (1383/1420) evaluated results/credit/synthetic/rl/none/lam2_mu0.2_seed43.json
[22:28:26] (1384/1420) evaluated results/credit/synthetic/rl/none/lam2_mu0.2_seed44.json
[22:28:26] (1385/1420) evaluated results/credit/synthetic/rl/none/lam3_mu0.2_seed42.json
[22:28:26] (1386/1420) evaluated results/credit/synthetic/rl/none/lam3_mu0.2_seed43.json
[22:28:26] (1387/1420) evaluated results/credit/synthetic/rl/none/lam3_mu0.2_seed44.json
[22:28:26] (1388/1420) evaluated results/credit/synthetic/rl/none/lam5_mu0.2_seed42.json
[22:28:26] (1389/1420) evaluated results/credit/synthetic/rl/none/lam5_mu0.2_seed43.json
[22:28:26] (1390/1420) evaluated results/credit/synthetic/rl/none/lam0_mu0.5_seed42.json
[22:28:26] (1391/1420) evaluated results/credit/synthetic/rl/none/lam5_mu0.2_seed44.json
[22:28:26] (1392/1420) evaluated results/credit/synthetic/rl/none/lam0_mu0.5_seed44.json
[22:28:26] (1393/1420) evaluated results/credit/synthetic/rl/none/lam0.1_mu0.5_seed42.json
[22:28:26] (1394/1420) evaluated results/credit/synthetic/rl/none/lam0_mu0.5_seed43.json
[22:28:26] (1395/1420) evaluated results/credit/synthetic/rl/none/lam0.1_mu0.5_seed43.json
[22:28:27] (1396/1420) evaluated results/credit/synthetic/rl/none/lam0.25_mu0.5_seed42.json
[22:28:27] (1397/1420) evaluated results/credit/synthetic/rl/none/lam0.1_mu0.5_seed44.json
[22:28:27] (1398/1420) evaluated results/credit/synthetic/rl/none/lam0.25_mu0.5_seed43.json
[22:28:27] (1399/1420) evaluated results/credit/synthetic/rl/none/lam0.25_mu0.5_seed44.json
[22:28:27] (1400/1420) evaluated results/credit/synthetic/rl/none/lam0.5_mu0.5_seed42.json
[22:28:27] (1401/1420) evaluated results/credit/synthetic/rl/none/lam0.75_mu0.5_seed42.json
[22:28:27] (1402/1420) evaluated results/credit/synthetic/rl/none/lam0.5_mu0.5_seed43.json
[22:28:27] (1403/1420) evaluated results/credit/synthetic/rl/none/lam0.5_mu0.5_seed44.json
[22:28:27] (1404/1420) evaluated results/credit/synthetic/rl/none/lam0.75_mu0.5_seed44.json
[22:28:27] (1405/1420) evaluated results/credit/synthetic/rl/none/lam0.75_mu0.5_seed43.json
[22:28:27] (1406/1420) evaluated results/credit/synthetic/rl/none/lam1_mu0.5_seed42.json
[22:28:28] (1407/1420) evaluated results/credit/synthetic/rl/none/lam1_mu0.5_seed44.json
[22:28:28] (1408/1420) evaluated results/credit/synthetic/rl/none/lam1_mu0.5_seed43.json
[22:28:28] (1409/1420) evaluated results/credit/synthetic/rl/none/lam1.5_mu0.5_seed43.json
[22:28:28] (1410/1420) evaluated results/credit/synthetic/rl/none/lam1.5_mu0.5_seed42.json
[22:28:28] (1411/1420) evaluated results/credit/synthetic/rl/none/lam1.5_mu0.5_seed44.json
[22:28:28] (1412/1420) evaluated results/credit/synthetic/rl/none/lam2_mu0.5_seed42.json
[22:28:28] (1413/1420) evaluated results/credit/synthetic/rl/none/lam2_mu0.5_seed43.json
[22:28:28] (1414/1420) evaluated results/credit/synthetic/rl/none/lam2_mu0.5_seed44.json
[22:28:28] (1415/1420) evaluated results/credit/synthetic/rl/none/lam3_mu0.5_seed42.json
[22:28:28] (1416/1420) evaluated results/credit/synthetic/rl/none/lam3_mu0.5_seed43.json
[22:28:28] (1417/1420) evaluated results/credit/synthetic/rl/none/lam3_mu0.5_seed44.json
[22:28:28] (1418/1420) evaluated results/credit/synthetic/rl/none/lam5_mu0.5_seed42.json
[22:28:28] (1419/1420) evaluated results/credit/synthetic/rl/none/lam5_mu0.5_seed43.json
[22:28:28] (1420/1420) evaluated results/credit/synthetic/rl/none/lam5_mu0.5_seed44.json
[Sun Sep 27 22:28:30 +03 2026] aggregating

=== Adult Income (XGBoost + SHAP) / natural attacker ===
                   strategy            type  Adversary Error (Security) ↑  Explanation Distortion ↓  Spearman's ρ ↑  Top-3 Agreement ↑
                 No Defense Static Baseline                      0.234488                  0.000000        1.000000           1.000000
                Top-K (k=3) Static Baseline                      0.243808                  0.147416        0.941124           1.000000
   Gaussian Noise (lvl=0.5) Static Baseline                      0.252051                  1.068754        0.590057           0.721111
Precision Reduction (2 dec) Static Baseline                      0.234272                  0.006202        0.998184           0.994889
      Random Subset (p=0.5) Static Baseline                      0.275823                  0.588273        0.557506           0.547111
                      PRADA           PRADA                      0.234488                  0.000000        1.000000           1.000000
                    adversary_error           distortion            spearman                top3          
                               mean       std       mean       std      mean       std      mean       std
history mu   lambda                                                                                       
none    0.00 0.10          0.294294  0.020763   0.899599  0.258414  0.563251  0.114114  0.762667  0.046797
             0.25          0.296906  0.018159   0.940254  0.117489  0.541486  0.054588  0.751630  0.021028
             0.50          0.300482  0.013998   0.969570  0.081490  0.525422  0.037555  0.742593  0.010040
             0.75          0.302739  0.009352   0.974494  0.099159  0.519492  0.038845  0.739481  0.012599
             1.00          0.300670  0.008664   0.986419  0.067498  0.517790  0.029993  0.740667  0.012064
             1.50          0.299434  0.006532   0.985994  0.108904  0.518679  0.047787  0.740963  0.025872
             2.00          0.297547  0.004683   0.997598  0.218272  0.517752  0.084682  0.741333  0.043791
             3.00          0.282455  0.007877   0.777329  0.170068  0.625384  0.062673  0.793852  0.019368
             5.00          0.279507  0.003873   0.680911  0.083985  0.656025  0.034468  0.801407  0.025557
        0.01 0.00          0.234472  0.000027   0.000020  0.000035  1.000000  0.000000  1.000000  0.000000
             0.10          0.252413  0.021016   0.049319  0.039303  0.963949  0.031968  0.981037  0.012884
             0.25          0.273857  0.019929   0.093131  0.038427  0.927746  0.031982  0.967630  0.014397
             0.50          0.281296  0.019750   0.169435  0.080147  0.887251  0.052826  0.937333  0.024778
             0.75          0.290481  0.013721   0.290361  0.059960  0.819073  0.043229  0.895704  0.014127
             1.00          0.291171  0.014635   0.418176  0.046553  0.756698  0.039585  0.861259  0.010121
             1.50          0.295195  0.012656   0.588365  0.094024  0.680610  0.054260  0.822370  0.020198
             2.00          0.294341  0.006643   0.702289  0.197115  0.635594  0.083919  0.796000  0.040345
             3.00          0.283139  0.009523   0.760206  0.242074  0.626463  0.100191  0.795259  0.044285
             5.00          0.267509  0.007406   0.545746  0.204846  0.722349  0.096169  0.826889  0.053395
        0.05 0.00          0.234488  0.000000   0.000000  0.000000  1.000000  0.000000  1.000000  0.000000
             0.10          0.234927  0.000699   0.000693  0.001004  0.999848  0.000232  0.999556  0.000588
             0.25          0.238027  0.004970   0.014272  0.015918  0.991657  0.009777  0.992889  0.005791
             0.50          0.257003  0.016360   0.055917  0.027679  0.958616  0.022340  0.978148  0.010483
             0.75          0.269604  0.016417   0.079053  0.026617  0.937511  0.024529  0.971778  0.010164
             1.00          0.271653  0.016880   0.081264  0.025513  0.935073  0.024376  0.970370  0.009941
             1.50          0.274598  0.018108   0.100867  0.037605  0.924597  0.031920  0.962815  0.014211
             2.00          0.276264  0.012588   0.155876  0.050938  0.898743  0.034553  0.941037  0.017152
             3.00          0.276371  0.005447   0.365758  0.160506  0.798832  0.076859  0.876444  0.048228
             5.00          0.257802  0.006333   0.369753  0.105992  0.811657  0.052011  0.875852  0.021565
        0.10 0.00          0.234488  0.000000   0.000000  0.000000  1.000000  0.000000  1.000000  0.000000
             0.10          0.234630  0.000246   0.000164  0.000283  0.999975  0.000044  1.000000  0.000000
             0.25          0.234495  0.000012   0.000153  0.000266  0.999924  0.000132  0.999852  0.000257
             0.50          0.236263  0.003184   0.011639  0.011675  0.992978  0.006826  0.994148  0.003786
             0.75          0.245660  0.007358   0.037319  0.018856  0.976762  0.012200  0.985259  0.007060
             1.00          0.255245  0.012910   0.052917  0.022773  0.961295  0.018118  0.979333  0.008327
             1.50          0.265259  0.017238   0.071867  0.027790  0.945041  0.025356  0.974148  0.010013
             2.00          0.270099  0.015985   0.085763  0.031145  0.935378  0.026008  0.969037  0.012579
             3.00          0.268078  0.004733   0.128476  0.046332  0.919200  0.026414  0.950148  0.020787
             5.00          0.259219  0.007250   0.342111  0.029197  0.823644  0.017048  0.888222  0.001899
        0.20 0.00          0.234488  0.000000   0.000000  0.000000  1.000000  0.000000  1.000000  0.000000
             0.10          0.234488  0.000000   0.000000  0.000000  1.000000  0.000000  1.000000  0.000000
             0.25          0.234488  0.000000   0.000000  0.000000  1.000000  0.000000  1.000000  0.000000
             0.50          0.234511  0.000042   0.000025  0.000028  0.999987  0.000022  0.999926  0.000128
             0.75          0.234852  0.000635   0.002256  0.002425  0.999035  0.001157  0.998444  0.001819
             1.00          0.236034  0.003183   0.008684  0.009922  0.995175  0.005272  0.995185  0.005054
             1.50          0.243702  0.010662   0.031288  0.024211  0.979759  0.017507  0.986148  0.008599
             2.00          0.247899  0.009785   0.044783  0.021507  0.970324  0.014284  0.982148  0.007229
             3.00          0.255612  0.001149   0.066145  0.013402  0.957968  0.007717  0.973852  0.006442
             5.00          0.255087  0.007416   0.191881  0.068577  0.893638  0.046273  0.929333  0.029252
        0.50 0.00          0.234488  0.000000   0.000000  0.000000  1.000000  0.000000  1.000000  0.000000
             0.10          0.234488  0.000000   0.000000  0.000000  1.000000  0.000000  1.000000  0.000000
             0.25          0.234488  0.000000   0.000000  0.000000  1.000000  0.000000  1.000000  0.000000
             0.50          0.234488  0.000000   0.000000  0.000000  1.000000  0.000000  1.000000  0.000000
             0.75          0.234488  0.000000   0.000000  0.000000  1.000000  0.000000  1.000000  0.000000
             1.00          0.234488  0.000000   0.000000  0.000000  1.000000  0.000000  1.000000  0.000000
             1.50          0.234438  0.000086   0.000146  0.000253  0.999937  0.000110  0.999778  0.000385
             2.00          0.234509  0.000037   0.001948  0.003374  0.998844  0.002001  0.998296  0.002951
             3.00          0.240748  0.010123   0.020632  0.029561  0.986908  0.018978  0.991926  0.010542
             5.00          0.244208  0.003624   0.031921  0.014127  0.980711  0.008645  0.985111  0.003318
window  0.00 0.10          0.282077  0.004939   0.723769  0.060729  0.668863  0.036173  0.831037  0.013189
             0.25          0.281123  0.005020   0.708815  0.077369  0.676838  0.040723  0.831704  0.014083
             0.50          0.282479  0.002623   0.752679  0.123382  0.659263  0.060093  0.826222  0.025797
             0.75          0.282649  0.002974   0.758808  0.115676  0.656660  0.058720  0.825926  0.023560
             1.00          0.282639  0.002745   0.753503  0.121023  0.658806  0.061910  0.826444  0.025544
             1.50          0.284990  0.002697   0.746698  0.098084  0.660838  0.049220  0.826222  0.020354
             2.00          0.284531  0.002579   0.723391  0.077183  0.669816  0.041777  0.829926  0.014259
             3.00          0.277909  0.008152   0.655456  0.078195  0.692470  0.032937  0.834222  0.017023
             5.00          0.285278  0.006522   0.743745  0.093713  0.654387  0.039672  0.822444  0.013094
        0.01 0.00          0.236054  0.002445   0.003636  0.002851  0.997803  0.001993  0.998148  0.001224
             0.10          0.256764  0.003734   0.215498  0.006602  0.888952  0.009304  0.930000  0.002667
             0.25          0.270165  0.004459   0.445998  0.084168  0.782679  0.043356  0.882963  0.019859
             0.50          0.276292  0.003211   0.594387  0.129658  0.722705  0.063675  0.854815  0.026674
             0.75          0.278337  0.001826   0.665479  0.132885  0.694832  0.065902  0.843481  0.025855
             1.00          0.279542  0.002045   0.680429  0.132071  0.687606  0.065709  0.839556  0.026951
             1.50          0.281683  0.001661   0.696020  0.111859  0.684940  0.056000  0.836889  0.023546
             2.00          0.282246  0.002019   0.680033  0.081054  0.688952  0.043585  0.836370  0.016148
             3.00          0.277177  0.007069   0.643922  0.078531  0.696483  0.034429  0.836815  0.016956
             5.00          0.285351  0.005810   0.731191  0.096353  0.657587  0.040327  0.824741  0.010626
        0.05 0.00          0.234451  0.000171   0.000720  0.000532  0.999505  0.000202  0.999407  0.000257
             0.10          0.238736  0.002456   0.018529  0.012583  0.988749  0.009656  0.992444  0.004326
             0.25          0.245649  0.003563   0.072537  0.005139  0.959987  0.006843  0.972889  0.004683
             0.50          0.257585  0.004454   0.183046  0.039746  0.902616  0.025709  0.941185  0.013006
             0.75          0.261239  0.005097   0.293506  0.074780  0.852330  0.043852  0.915778  0.021001
             1.00          0.265066  0.004393   0.376276  0.096885  0.814019  0.055089  0.897704  0.025858
             1.50          0.271532  0.002998   0.466230  0.092957  0.773587  0.049885  0.875630  0.023455
             2.00          0.274712  0.002853   0.507425  0.079202  0.759048  0.041919  0.866222  0.020009
             3.00          0.268194  0.006703   0.483439  0.092854  0.764343  0.040796  0.866074  0.016424
             5.00          0.281306  0.006756   0.653959  0.121033  0.689981  0.053041  0.838296  0.019199
        0.10 0.00          0.234707  0.000335   0.000720  0.000261  0.999505  0.000495  0.999778  0.000222
             0.10          0.234926  0.000315   0.004148  0.002257  0.997600  0.001983  0.997926  0.001480
             0.25          0.237739  0.000634   0.018449  0.007998  0.989422  0.006933  0.991926  0.003984
             0.50          0.245613  0.004876   0.060904  0.015265  0.965943  0.010039  0.976074  0.007560
             0.75          0.251931  0.006580   0.116982  0.033076  0.935771  0.022248  0.959259  0.011802
             1.00          0.253566  0.008763   0.160684  0.055320  0.912787  0.037120  0.944667  0.017848
             1.50          0.261160  0.006017   0.270014  0.075462  0.861041  0.042887  0.919926  0.020190
             2.00          0.265019  0.005511   0.346977  0.093217  0.826146  0.049610  0.901926  0.024386
             3.00          0.266358  0.009611   0.422603  0.098410  0.793867  0.052770  0.883630  0.021196
             5.00          0.275302  0.006026   0.532702  0.090259  0.744076  0.042251  0.860667  0.017258
        0.20 0.00          0.234489  0.000037   0.000469  0.000752  0.999568  0.000748  0.999926  0.000128
             0.10          0.234695  0.000253   0.001616  0.001769  0.998997  0.001059  0.999259  0.000559
             0.25          0.234509  0.000719   0.004072  0.001741  0.998070  0.001260  0.998222  0.001176
             0.50          0.238633  0.001037   0.018642  0.006871  0.989460  0.005880  0.992148  0.002438
             0.75          0.244186  0.004704   0.039778  0.011310  0.976254  0.008775  0.983852  0.005213
             1.00          0.246359  0.007202   0.056258  0.024474  0.966133  0.017908  0.977556  0.010302
             1.50          0.248709  0.009601   0.098560  0.040893  0.944127  0.027326  0.964222  0.014241
             2.00          0.252922  0.008712   0.153686  0.057276  0.917181  0.035863  0.946148  0.016615
             3.00          0.258774  0.009548   0.253768  0.080902  0.866997  0.044676  0.922074  0.023385
             5.00          0.267943  0.005490   0.396016  0.068493  0.801778  0.036012  0.887037  0.016927
        0.50 0.00          0.234490  0.000004   0.000080  0.000138  0.999784  0.000374  0.999852  0.000257
             0.10          0.234471  0.000029   0.000086  0.000100  0.999924  0.000076  1.000000  0.000000
             0.25          0.234526  0.000016   0.000561  0.000241  0.999352  0.000429  0.999630  0.000128
             0.50          0.234916  0.000377   0.002813  0.001676  0.998133  0.001559  0.998519  0.001050
             0.75          0.235789  0.000245   0.005987  0.003499  0.996483  0.002897  0.997259  0.001782
             1.00          0.237653  0.000590   0.011929  0.006053  0.992762  0.004410  0.994815  0.002651
             1.50          0.241320  0.003929   0.026140  0.014845  0.984356  0.009523  0.989630  0.005535
             2.00          0.244484  0.005746   0.038224  0.018557  0.977448  0.012021  0.984444  0.007711
             3.00          0.246511  0.007983   0.062455  0.032610  0.962629  0.021426  0.976074  0.010810
             5.00          0.251222  0.010074   0.137066  0.055037  0.922235  0.033510  0.950148  0.018737
 -> saved figures/adult_natural_mu0_lambda_sweep.png
 -> saved figures/adult_natural_mu0_none_tradeoff.png
 -> saved figures/adult_natural_mu0_window_tradeoff.png
 -> saved figures/adult_natural_mu0.01_lambda_sweep.png
 -> saved figures/adult_natural_mu0.01_none_tradeoff.png
 -> saved figures/adult_natural_mu0.01_window_tradeoff.png
 -> saved figures/adult_natural_mu0.05_lambda_sweep.png
 -> saved figures/adult_natural_mu0.05_none_tradeoff.png
 -> saved figures/adult_natural_mu0.05_window_tradeoff.png
 -> saved figures/adult_natural_mu0.1_lambda_sweep.png
 -> saved figures/adult_natural_mu0.1_none_tradeoff.png
 -> saved figures/adult_natural_mu0.1_window_tradeoff.png
 -> saved figures/adult_natural_mu0.2_lambda_sweep.png
 -> saved figures/adult_natural_mu0.2_none_tradeoff.png
 -> saved figures/adult_natural_mu0.2_window_tradeoff.png
 -> saved figures/adult_natural_mu0.5_lambda_sweep.png
 -> saved figures/adult_natural_mu0.5_none_tradeoff.png
 -> saved figures/adult_natural_mu0.5_window_tradeoff.png

=== Adult Income (XGBoost + SHAP) / synthetic attacker ===
                   strategy            type  Adversary Error (Security) ↑  Explanation Distortion ↓  Spearman's ρ ↑  Top-3 Agreement ↑
                 No Defense Static Baseline                      0.125890                  0.000000        1.000000           1.000000
                Top-K (k=3) Static Baseline                      0.124441                  0.117767        0.941124           1.000000
   Gaussian Noise (lvl=0.5) Static Baseline                      0.143163                  0.772199        0.668838           0.736000
Precision Reduction (2 dec) Static Baseline                      0.126712                  0.004431        0.998427           0.992667
      Random Subset (p=0.5) Static Baseline                      0.180752                  0.590456        0.499838           0.545778
                      PRADA           PRADA                      0.210135                  1.491929        0.196419           0.677333
                    adversary_error               distortion            spearman                top3          
                               mean           std       mean       std      mean       std      mean       std
history mu   lambda                                                                                           
none    0.00 0.10          0.195816  2.543439e-02   0.546962  0.210933  0.701473  0.101383  0.824667  0.046120
             0.25          0.198657  2.212172e-02   0.540099  0.119497  0.693663  0.054031  0.817111  0.035134
             0.50          0.203446  1.317113e-02   0.617919  0.119532  0.653816  0.051975  0.796815  0.038637
             0.75          0.204590  9.645351e-03   0.634276  0.109322  0.644749  0.045197  0.793259  0.032540
             1.00          0.204530  5.654086e-03   0.642844  0.132408  0.642019  0.052435  0.794963  0.027948
             1.50          0.205342  2.879053e-03   0.648271  0.178704  0.648673  0.058715  0.799778  0.024472
             2.00          0.200922  3.884793e-03   0.652306  0.310034  0.654984  0.108027  0.801481  0.058453
             3.00          0.205544  1.328719e-02   0.499977  0.116528  0.704686  0.052248  0.837037  0.025159
             5.00          0.200691  1.142098e-02   0.455603  0.096035  0.748724  0.035253  0.857556  0.038417
        0.01 0.00          0.125890  0.000000e+00   0.000000  0.000000  1.000000  0.000000  1.000000  0.000000
             0.10          0.130186  6.896668e-03   0.018410  0.030320  0.989956  0.017101  0.991481  0.013992
             0.25          0.156825  2.688729e-02   0.078279  0.068324  0.945486  0.047391  0.971778  0.025305
             0.50          0.170376  3.096366e-02   0.125226  0.057608  0.914641  0.047873  0.952667  0.011581
             0.75          0.188599  1.625347e-02   0.188994  0.016211  0.872406  0.016235  0.927111  0.008575
             1.00          0.189828  1.151670e-02   0.244420  0.045190  0.846286  0.022123  0.906889  0.018897
             1.50          0.198185  1.047685e-02   0.380134  0.138532  0.779619  0.064361  0.871037  0.032430
             2.00          0.194882  3.555920e-03   0.473027  0.275023  0.743149  0.111456  0.846296  0.061446
             3.00          0.205552  1.264318e-02   0.491129  0.176005  0.712521  0.076314  0.844148  0.037089
             5.00          0.187198  1.883774e-02   0.368887  0.205155  0.795746  0.102398  0.872519  0.068002
        0.05 0.00          0.125890  0.000000e+00   0.000000  0.000000  1.000000  0.000000  1.000000  0.000000
             0.10          0.125890  0.000000e+00   0.000000  0.000000  1.000000  0.000000  1.000000  0.000000
             0.25          0.125939  7.713655e-05   0.000072  0.000115  0.999987  0.000022  1.000000  0.000000
             0.50          0.132501  6.674041e-03   0.026627  0.025971  0.985651  0.012590  0.988296  0.011253
             0.75          0.146950  2.162302e-02   0.057842  0.052726  0.961308  0.036127  0.977778  0.019495
             1.00          0.156712  2.691662e-02   0.075400  0.065900  0.947111  0.046089  0.973259  0.023413
             1.50          0.160249  2.576723e-02   0.094867  0.057557  0.940724  0.043905  0.963333  0.017818
             2.00          0.162426  1.328727e-02   0.123431  0.022193  0.926083  0.015275  0.944889  0.003471
             3.00          0.186032  1.193426e-02   0.253587  0.100065  0.846997  0.050425  0.903556  0.038136
             5.00          0.176826  2.084656e-02   0.276825  0.104200  0.843568  0.057723  0.887333  0.043793
        0.10 0.00          0.125890  0.000000e+00   0.000000  0.000000  1.000000  0.000000  1.000000  0.000000
             0.10          0.125890  0.000000e+00   0.000000  0.000000  1.000000  0.000000  1.000000  0.000000
             0.25          0.125890  0.000000e+00   0.000000  0.000000  1.000000  0.000000  1.000000  0.000000
             0.50          0.126212  2.944970e-04   0.000494  0.000769  0.999924  0.000132  0.999852  0.000257
             0.75          0.128121  1.942577e-03   0.009249  0.008059  0.995873  0.003596  0.996000  0.003492
             1.00          0.132971  7.913058e-03   0.025241  0.028460  0.985537  0.014002  0.988741  0.012899
             1.50          0.141189  1.377907e-02   0.049094  0.043228  0.969994  0.027631  0.979778  0.017592
             2.00          0.146786  1.960113e-02   0.061815  0.053982  0.961740  0.033673  0.974963  0.021684
             3.00          0.148740  2.675637e-03   0.087482  0.015371  0.955594  0.006086  0.962889  0.010984
             5.00          0.178144  2.133474e-02   0.237634  0.011207  0.862857  0.017044  0.909259  0.014460
        0.20 0.00          0.125890  0.000000e+00   0.000000  0.000000  1.000000  0.000000  1.000000  0.000000
             0.10          0.125890  0.000000e+00   0.000000  0.000000  1.000000  0.000000  1.000000  0.000000
             0.25          0.125890  0.000000e+00   0.000000  0.000000  1.000000  0.000000  1.000000  0.000000
             0.50          0.125890  0.000000e+00   0.000000  0.000000  1.000000  0.000000  1.000000  0.000000
             0.75          0.125918  4.870333e-05   0.000055  0.000095  0.999987  0.000022  1.000000  0.000000
             1.00          0.126394  4.893370e-04   0.001312  0.002215  0.999314  0.001188  0.999333  0.001155
             1.50          0.127672  2.169506e-03   0.005262  0.007701  0.997054  0.004939  0.998000  0.002906
             2.00          0.129219  3.248444e-03   0.013057  0.012465  0.994184  0.005236  0.994222  0.005892
             3.00          0.130076  3.880942e-03   0.019790  0.016161  0.992241  0.006659  0.991037  0.007763
             5.00          0.161154  1.239013e-02   0.162303  0.052745  0.908813  0.028635  0.930815  0.031200
        0.50 0.00          0.125890  0.000000e+00   0.000000  0.000000  1.000000  0.000000  1.000000  0.000000
             0.10          0.125890  0.000000e+00   0.000000  0.000000  1.000000  0.000000  1.000000  0.000000
             0.25          0.125890  0.000000e+00   0.000000  0.000000  1.000000  0.000000  1.000000  0.000000
             0.50          0.125890  0.000000e+00   0.000000  0.000000  1.000000  0.000000  1.000000  0.000000
             0.75          0.125890  0.000000e+00   0.000000  0.000000  1.000000  0.000000  1.000000  0.000000
             1.00          0.125890  0.000000e+00   0.000000  0.000000  1.000000  0.000000  1.000000  0.000000
             1.50          0.125890  0.000000e+00   0.000000  0.000000  1.000000  0.000000  1.000000  0.000000
             2.00          0.125929  6.632556e-05   0.000061  0.000106  1.000000  0.000000  1.000000  0.000000
             3.00          0.126434  8.588346e-04   0.002171  0.003670  0.998870  0.001957  0.998963  0.001608
             5.00          0.129494  3.001293e-03   0.013656  0.011621  0.994832  0.004587  0.993704  0.005508
window  0.00 0.10          0.177660  2.431285e-02   0.558160  0.112926  0.707124  0.053051  0.840000  0.029976
             0.25          0.172304  2.344662e-02   0.552795  0.062999  0.712673  0.051199  0.838444  0.021631
             0.50          0.175259  2.813806e-02   0.560240  0.057828  0.710959  0.038794  0.838296  0.013629
             0.75          0.177125  2.835455e-02   0.595318  0.108459  0.693219  0.054692  0.834296  0.030839
             1.00          0.177305  2.739720e-02   0.601770  0.142645  0.689537  0.067190  0.831778  0.043473
             1.50          0.180701  2.677965e-02   0.604716  0.149960  0.692749  0.074473  0.833704  0.048463
             2.00          0.182588  2.240039e-02   0.549053  0.128520  0.725727  0.060214  0.849259  0.043488
             3.00          0.173806  2.127518e-02   0.449378  0.171632  0.780140  0.075981  0.867111  0.046725
             5.00          0.185558  1.197757e-02   0.546700  0.238663  0.734057  0.106040  0.856370  0.057252
        0.01 0.00          0.125957  1.045817e-04   0.000729  0.000751  0.999556  0.000673  0.999556  0.000588
             0.10          0.136400  5.376445e-03   0.116562  0.024696  0.936000  0.011672  0.949926  0.006022
             0.25          0.158687  2.015596e-02   0.328676  0.066454  0.821562  0.044318  0.890370  0.019819
             0.50          0.166651  2.453767e-02   0.417227  0.063638  0.780457  0.045303  0.872222  0.019590
             0.75          0.172040  2.632980e-02   0.486852  0.075604  0.746362  0.046206  0.855704  0.026325
             1.00          0.174239  2.581998e-02   0.554469  0.107084  0.713778  0.052721  0.841037  0.035308
             1.50          0.178620  2.618755e-02   0.550347  0.123167  0.720838  0.061043  0.845704  0.042436
             2.00          0.179019  2.238414e-02   0.526126  0.129931  0.735746  0.062142  0.851481  0.044777
             3.00          0.173606  2.003068e-02   0.448002  0.174566  0.779721  0.079100  0.868222  0.047985
             5.00          0.187865  1.047660e-02   0.559764  0.260572  0.726476  0.111927  0.852667  0.060227
        0.05 0.00          0.125890  8.407283e-07   0.000033  0.000057  1.000000  0.000000  1.000000  0.000000
             0.10          0.126300  2.458439e-04   0.002958  0.001976  0.998578  0.000778  0.998593  0.001224
             0.25          0.128689  6.710659e-04   0.019262  0.002693  0.989575  0.001879  0.989852  0.001850
             0.50          0.136921  9.889586e-03   0.090189  0.042406  0.952927  0.020476  0.964370  0.012793
             0.75          0.147350  1.420781e-02   0.164478  0.061146  0.911606  0.032512  0.939407  0.017307
             1.00          0.153045  1.746943e-02   0.236823  0.054703  0.876343  0.034349  0.919630  0.018744
             1.50          0.164098  2.088592e-02   0.344833  0.067738  0.820559  0.043511  0.891852  0.027162
             2.00          0.170699  2.297722e-02   0.379602  0.054981  0.805524  0.033853  0.885481  0.028838
             3.00          0.155329  1.127881e-02   0.276854  0.079805  0.868419  0.033361  0.910148  0.026790
             5.00          0.181388  9.417771e-03   0.479355  0.315709  0.766895  0.142212  0.871037  0.075261
        0.10 0.00          0.125883  1.340598e-05   0.000060  0.000056  1.000000  0.000000  1.000000  0.000000
             0.10          0.125951  1.031326e-04   0.000307  0.000318  0.999810  0.000238  0.999778  0.000222
             0.25          0.126240  2.958002e-04   0.002223  0.001792  0.998908  0.000881  0.999037  0.000642
             0.50          0.127665  8.521195e-04   0.014052  0.008014  0.993181  0.003563  0.993630  0.003572
             0.75          0.130688  4.031263e-03   0.037844  0.020466  0.980825  0.009860  0.983630  0.006646
             1.00          0.132881  4.089329e-03   0.064890  0.019044  0.965765  0.010077  0.973185  0.007583
             1.50          0.145018  1.169843e-02   0.158469  0.053371  0.915848  0.031281  0.942815  0.016427
             2.00          0.154465  1.717910e-02   0.250163  0.038114  0.871352  0.027054  0.916074  0.017426
             3.00          0.154458  1.233462e-02   0.262012  0.075057  0.871898  0.031095  0.915333  0.027223
             5.00          0.166677  7.572381e-03   0.297786  0.173323  0.857968  0.069491  0.911926  0.046541
        0.20 0.00          0.125891  2.411155e-07   0.000011  0.000015  1.000000  0.000000  1.000000  0.000000
             0.10          0.125898  1.136824e-05   0.000238  0.000387  0.999937  0.000110  0.999778  0.000385
             0.25          0.126116  2.914659e-04   0.000559  0.000524  0.999517  0.000541  0.999778  0.000222
             0.50          0.126536  5.571062e-04   0.002217  0.002088  0.999035  0.000830  0.999333  0.000801
             0.75          0.126780  1.420864e-04   0.003538  0.001592  0.998210  0.000798  0.998593  0.000780
             1.00          0.127407  9.110472e-04   0.009329  0.005390  0.995314  0.003354  0.995407  0.002779
             1.50          0.128794  2.647818e-03   0.024464  0.008484  0.986362  0.004572  0.988741  0.003343
             2.00          0.135383  9.491739e-03   0.072488  0.033217  0.962070  0.017269  0.973407  0.010530
             3.00          0.143890  1.088273e-02   0.141540  0.020104  0.929905  0.010152  0.950815  0.004931
             5.00          0.157306  1.345721e-02   0.252267  0.112957  0.876254  0.047266  0.919185  0.035703
        0.50 0.00          0.125890  0.000000e+00   0.000000  0.000000  1.000000  0.000000  1.000000  0.000000
             0.10          0.125890  0.000000e+00   0.000000  0.000000  1.000000  0.000000  1.000000  0.000000
             0.25          0.125890  1.028235e-08   0.000001  0.000002  1.000000  0.000000  1.000000  0.000000
             0.50          0.125932  6.698668e-05   0.000247  0.000181  0.999797  0.000233  0.999926  0.000128
             0.75          0.125992  9.044440e-05   0.000396  0.000394  0.999733  0.000250  0.999852  0.000128
             1.00          0.126034  1.323016e-04   0.000649  0.000615  0.999797  0.000210  1.000000  0.000000
             1.50          0.126385  4.904833e-04   0.002483  0.001560  0.999225  0.000442  0.999111  0.000385
             2.00          0.126686  3.967937e-04   0.003526  0.001230  0.998197  0.000756  0.998593  0.000257
             3.00          0.128318  2.009826e-03   0.012936  0.004875  0.993206  0.002256  0.994222  0.002906
             5.00          0.131065  2.827038e-03   0.044643  0.008226  0.978476  0.005043  0.983185  0.003786
 -> saved figures/adult_synthetic_mu0_lambda_sweep.png
 -> saved figures/adult_synthetic_mu0_none_tradeoff.png
 -> saved figures/adult_synthetic_mu0_window_tradeoff.png
 -> saved figures/adult_synthetic_mu0.01_lambda_sweep.png
 -> saved figures/adult_synthetic_mu0.01_none_tradeoff.png
 -> saved figures/adult_synthetic_mu0.01_window_tradeoff.png
 -> saved figures/adult_synthetic_mu0.05_lambda_sweep.png
 -> saved figures/adult_synthetic_mu0.05_none_tradeoff.png
 -> saved figures/adult_synthetic_mu0.05_window_tradeoff.png
 -> saved figures/adult_synthetic_mu0.1_lambda_sweep.png
 -> saved figures/adult_synthetic_mu0.1_none_tradeoff.png
 -> saved figures/adult_synthetic_mu0.1_window_tradeoff.png
 -> saved figures/adult_synthetic_mu0.2_lambda_sweep.png
 -> saved figures/adult_synthetic_mu0.2_none_tradeoff.png
 -> saved figures/adult_synthetic_mu0.2_window_tradeoff.png
 -> saved figures/adult_synthetic_mu0.5_lambda_sweep.png
 -> saved figures/adult_synthetic_mu0.5_none_tradeoff.png
 -> saved figures/adult_synthetic_mu0.5_window_tradeoff.png

=== Credit Card (DNN + LIME) / natural attacker ===
                   strategy            type  Adversary Error (Security) ↑  Explanation Distortion ↓  Spearman's ρ ↑  Top-3 Agreement ↑
                 No Defense Static Baseline                      0.086625                  0.000000        1.000000           1.000000
                Top-K (k=3) Static Baseline                      0.082223                  0.763247        0.528731           1.000000
   Gaussian Noise (lvl=0.5) Static Baseline                      0.081166                  0.706366        0.796677           0.525556
Precision Reduction (2 dec) Static Baseline                      0.085093                  0.564275        0.772782           0.443778
      Random Subset (p=0.5) Static Baseline                      0.093263                  0.697717        0.646930           0.498667
                      PRADA           PRADA                      0.086625                  0.000000        1.000000           1.000000
                    adversary_error           distortion            spearman                top3          
                               mean       std       mean       std      mean       std      mean       std
history mu   lambda                                                                                       
none    0.00 0.10          0.087089  0.000183   0.337399  0.110860  0.847182  0.060656  0.768222  0.071979
             0.25          0.087370  0.000307   0.340043  0.102463  0.848503  0.053573  0.769111  0.065347
             0.50          0.087335  0.000499   0.347701  0.115945  0.841150  0.061363  0.764815  0.071777
             0.75          0.086999  0.000957   0.378652  0.131630  0.821933  0.071433  0.746667  0.080969
             1.00          0.086964  0.001168   0.384156  0.144114  0.818626  0.077999  0.748444  0.084931
             1.50          0.086890  0.001018   0.380142  0.123246  0.822371  0.066657  0.748000  0.074053
             2.00          0.087031  0.000796   0.376303  0.120586  0.825329  0.064669  0.748074  0.071756
             3.00          0.087422  0.000323   0.354984  0.121033  0.835800  0.062866  0.759778  0.079080
             5.00          0.087349  0.000081   0.345853  0.132388  0.842674  0.066130  0.768815  0.078850
        0.01 0.00          0.086535  0.000154   0.002483  0.002213  0.998970  0.001172  0.998370  0.001513
             0.10          0.086503  0.000463   0.048715  0.029450  0.981637  0.013820  0.968444  0.020871
             0.25          0.086783  0.000716   0.102005  0.045093  0.959645  0.021819  0.930593  0.028860
             0.50          0.086880  0.000482   0.170580  0.077435  0.927315  0.038090  0.880519  0.054084
             0.75          0.087036  0.000773   0.227746  0.096320  0.897336  0.048700  0.840074  0.069134
             1.00          0.086917  0.001028   0.262248  0.100934  0.880649  0.051137  0.818593  0.069428
             1.50          0.087103  0.000964   0.295515  0.113278  0.863716  0.059511  0.799630  0.072732
             2.00          0.087043  0.000829   0.310220  0.110029  0.857389  0.058691  0.788370  0.067396
             3.00          0.087402  0.000361   0.315367  0.112313  0.855594  0.058744  0.784593  0.072337
             5.00          0.087377  0.000203   0.320937  0.124906  0.854746  0.061076  0.782667  0.078397
        0.05 0.00          0.086436  0.000236   0.000432  0.000381  0.999737  0.000361  0.999556  0.000385
             0.10          0.086422  0.000153   0.007016  0.003175  0.997731  0.001072  0.996148  0.000714
             0.25          0.086279  0.000306   0.018271  0.002389  0.993788  0.001617  0.989037  0.002670
             0.50          0.086322  0.000361   0.031019  0.007062  0.989450  0.002281  0.979852  0.008596
             0.75          0.086281  0.000361   0.053900  0.027591  0.979198  0.013110  0.963926  0.021757
             1.00          0.086405  0.000242   0.067361  0.038140  0.973893  0.017502  0.955037  0.029003
             1.50          0.086701  0.000397   0.101509  0.059870  0.958426  0.027867  0.931185  0.042194
             2.00          0.086566  0.000519   0.134435  0.072542  0.943688  0.035925  0.906741  0.049112
             3.00          0.086937  0.000299   0.178552  0.084456  0.922704  0.042827  0.875185  0.055268
             5.00          0.087102  0.000259   0.229126  0.099158  0.899085  0.047044  0.841111  0.065930
        0.10 0.00          0.086472  0.000146   0.000824  0.001076  0.999622  0.000378  0.999111  0.001176
             0.10          0.086427  0.000126   0.001377  0.001098  0.999503  0.000344  0.998593  0.001283
             0.25          0.086415  0.000242   0.006153  0.002059  0.998024  0.000390  0.996444  0.000801
             0.50          0.086385  0.000308   0.012651  0.001990  0.995737  0.002048  0.992889  0.001018
             0.75          0.086421  0.000461   0.018594  0.002616  0.993822  0.001949  0.989111  0.003006
             1.00          0.086405  0.000434   0.024963  0.006056  0.991342  0.002481  0.984000  0.007595
             1.50          0.086332  0.000297   0.040024  0.021705  0.984999  0.009253  0.973926  0.015461
             2.00          0.086525  0.000317   0.058162  0.032262  0.977814  0.013436  0.961333  0.023806
             3.00          0.086628  0.000230   0.090432  0.055122  0.964693  0.024608  0.939037  0.038680
             5.00          0.086963  0.000077   0.149724  0.071996  0.937245  0.033748  0.894148  0.052087
        0.20 0.00          0.086534  0.000100   0.000177  0.000138  0.999956  0.000043  0.999778  0.000385
             0.10          0.086487  0.000156   0.000511  0.000171  0.999763  0.000198  0.999407  0.000257
             0.25          0.086414  0.000249   0.001665  0.000506  0.999396  0.000229  0.998222  0.000588
             0.50          0.086465  0.000293   0.004164  0.002225  0.998695  0.000717  0.997333  0.000444
             0.75          0.086375  0.000278   0.007521  0.003094  0.997445  0.001401  0.995778  0.000801
             1.00          0.086342  0.000244   0.009662  0.003677  0.996793  0.001617  0.994741  0.000925
             1.50          0.086375  0.000327   0.012679  0.001859  0.995703  0.001580  0.993111  0.000801
             2.00          0.086381  0.000235   0.019651  0.006622  0.992950  0.002483  0.987481  0.005898
             3.00          0.086392  0.000213   0.036301  0.018412  0.986740  0.007503  0.976444  0.014243
             5.00          0.086640  0.000202   0.071319  0.039460  0.973021  0.016708  0.953111  0.028981
        0.50 0.00          0.086516  0.000094   0.000246  0.000311  0.999922  0.000086  0.999704  0.000513
             0.10          0.086515  0.000098   0.000375  0.000179  0.999907  0.000029  0.999630  0.000463
             0.25          0.086546  0.000135   0.000239  0.000207  0.999907  0.000129  0.999852  0.000128
             0.50          0.086474  0.000258   0.001721  0.000613  0.999329  0.000117  0.998519  0.000841
             0.75          0.086448  0.000279   0.002966  0.001275  0.998742  0.000460  0.998148  0.000898
             1.00          0.086457  0.000286   0.003308  0.001484  0.998648  0.000529  0.998000  0.000969
             1.50          0.086456  0.000246   0.004750  0.003568  0.998540  0.000661  0.997333  0.001556
             2.00          0.086423  0.000266   0.005151  0.003454  0.998541  0.000679  0.997037  0.001026
             3.00          0.086363  0.000224   0.008146  0.002600  0.997261  0.000216  0.994222  0.001540
             5.00          0.086370  0.000129   0.016261  0.003013  0.994614  0.001214  0.989630  0.003760
window  0.00 0.10          0.085047  0.002044   0.556193  0.101603  0.711348  0.047929  0.675407  0.053854
             0.25          0.085207  0.001053   0.544689  0.095496  0.721754  0.044421  0.682963  0.049906
             0.50          0.085465  0.000983   0.538019  0.074314  0.725395  0.031217  0.684000  0.036784
             0.75          0.085011  0.000577   0.541112  0.064333  0.728329  0.027276  0.685037  0.028805
             1.00          0.084690  0.001288   0.544021  0.065761  0.723069  0.028627  0.678815  0.026144
             1.50          0.085685  0.001482   0.523418  0.054416  0.733563  0.020754  0.688370  0.019709
             2.00          0.085759  0.001336   0.533856  0.054805  0.726945  0.021239  0.685481  0.020291
             3.00          0.085294  0.000485   0.517656  0.045837  0.735530  0.018677  0.689778  0.019559
             5.00          0.085705  0.000432   0.512927  0.052504  0.742103  0.023491  0.694444  0.026914
        0.01 0.00          0.086828  0.000310   0.133960  0.031941  0.940798  0.016031  0.908963  0.021046
             0.10          0.086347  0.001305   0.411471  0.075334  0.792127  0.037594  0.750074  0.044266
             0.25          0.085375  0.000969   0.465223  0.077401  0.766033  0.037862  0.720889  0.040093
             0.50          0.085120  0.001114   0.513946  0.060684  0.739169  0.025103  0.697407  0.024922
             0.75          0.085549  0.000371   0.513817  0.072780  0.741110  0.032794  0.695926  0.032716
             1.00          0.084818  0.001508   0.531948  0.062042  0.729461  0.029853  0.685926  0.028559
             1.50          0.085292  0.000928   0.518570  0.060074  0.735400  0.023617  0.692963  0.022389
             2.00          0.085731  0.001122   0.506944  0.067343  0.741496  0.026651  0.697037  0.028429
             3.00          0.085632  0.000551   0.509942  0.054294  0.740990  0.021373  0.694148  0.022312
             5.00          0.085940  0.000412   0.500555  0.058029  0.749148  0.025948  0.697333  0.024813
        0.05 0.00          0.086968  0.000525   0.096701  0.016491  0.959417  0.006092  0.931926  0.009924
             0.10          0.086702  0.000465   0.151018  0.019781  0.933107  0.008241  0.898519  0.015017
             0.25          0.086206  0.000908   0.240421  0.041052  0.886867  0.014985  0.844296  0.023944
             0.50          0.085808  0.000179   0.314373  0.082555  0.844691  0.040321  0.802296  0.041334
             0.75          0.085929  0.000473   0.381552  0.077421  0.806403  0.038844  0.764593  0.039984
             1.00          0.085945  0.001023   0.423987  0.065116  0.785562  0.029702  0.740074  0.028302
             1.50          0.085443  0.001489   0.440956  0.083759  0.777819  0.038100  0.731926  0.040913
             2.00          0.085328  0.001286   0.462204  0.070477  0.764470  0.029059  0.724296  0.026717
             3.00          0.085449  0.000578   0.463303  0.061695  0.765881  0.027426  0.721407  0.028150
             5.00          0.085443  0.000572   0.461124  0.066029  0.770019  0.030590  0.718741  0.033570
        0.10 0.00          0.087157  0.000412   0.079201  0.008877  0.967284  0.005336  0.944222  0.008168
             0.10          0.087047  0.000464   0.103608  0.022488  0.957640  0.010607  0.932148  0.016445
             0.25          0.087037  0.000315   0.156951  0.045383  0.930593  0.020952  0.894296  0.030693
             0.50          0.086689  0.000844   0.207941  0.043207  0.904807  0.016382  0.861185  0.025063
             0.75          0.086426  0.000774   0.270386  0.061843  0.869349  0.029414  0.826741  0.033559
             1.00          0.086341  0.000281   0.300004  0.074342  0.852370  0.033710  0.808222  0.037844
             1.50          0.086122  0.000839   0.351891  0.079900  0.823224  0.039106  0.779037  0.044358
             2.00          0.085952  0.001282   0.395036  0.056821  0.798892  0.024268  0.753778  0.025204
             3.00          0.086408  0.000426   0.415293  0.055324  0.791618  0.025009  0.742370  0.025579
             5.00          0.085814  0.000666   0.432241  0.047521  0.785269  0.020386  0.734667  0.023005
        0.20 0.00          0.086946  0.000603   0.065210  0.016620  0.975540  0.008950  0.952148  0.012253
             0.10          0.086905  0.000393   0.067848  0.011546  0.972747  0.004531  0.951778  0.009462
             0.25          0.086919  0.000740   0.092964  0.018597  0.963494  0.005726  0.935259  0.012790
             0.50          0.086910  0.000681   0.124017  0.043965  0.947220  0.017746  0.915852  0.025746
             0.75          0.087350  0.000693   0.160701  0.035462  0.927072  0.013791  0.892370  0.019018
             1.00          0.087125  0.000678   0.185636  0.042114  0.913189  0.016367  0.876296  0.026403
             1.50          0.086787  0.000179   0.227301  0.039580  0.891986  0.015752  0.851333  0.021991
             2.00          0.086640  0.000156   0.272398  0.052165  0.864339  0.022661  0.824889  0.030464
             3.00          0.086063  0.000563   0.322825  0.066469  0.838174  0.032486  0.789333  0.034669
             5.00          0.086185  0.000430   0.372199  0.048551  0.816436  0.021975  0.765407  0.026053
        0.50 0.00          0.086834  0.000080   0.032975  0.012674  0.988323  0.005639  0.974963  0.005069
             0.10          0.086909  0.000158   0.030630  0.006831  0.988950  0.003147  0.975704  0.004556
             0.25          0.087033  0.000821   0.045033  0.015812  0.984579  0.005931  0.968444  0.009462
             0.50          0.086714  0.000441   0.058798  0.010975  0.978490  0.003632  0.960519  0.005000
             0.75          0.086634  0.000643   0.065643  0.011703  0.973658  0.004111  0.954889  0.009663
             1.00          0.086684  0.000464   0.077593  0.009934  0.967586  0.002371  0.945852  0.006937
             1.50          0.086835  0.000724   0.099141  0.007864  0.957563  0.002214  0.931259  0.005650
             2.00          0.087172  0.000464   0.128492  0.015450  0.941844  0.006593  0.912593  0.009580
             3.00          0.086887  0.000418   0.160945  0.030514  0.927033  0.012220  0.890519  0.017686
             5.00          0.086227  0.000511   0.220961  0.040335  0.896490  0.015248  0.851407  0.021671
 -> saved figures/credit_natural_mu0_lambda_sweep.png
 -> saved figures/credit_natural_mu0_none_tradeoff.png
 -> saved figures/credit_natural_mu0_window_tradeoff.png
 -> saved figures/credit_natural_mu0.01_lambda_sweep.png
 -> saved figures/credit_natural_mu0.01_none_tradeoff.png
 -> saved figures/credit_natural_mu0.01_window_tradeoff.png
 -> saved figures/credit_natural_mu0.05_lambda_sweep.png
 -> saved figures/credit_natural_mu0.05_none_tradeoff.png
 -> saved figures/credit_natural_mu0.05_window_tradeoff.png
 -> saved figures/credit_natural_mu0.1_lambda_sweep.png
 -> saved figures/credit_natural_mu0.1_none_tradeoff.png
 -> saved figures/credit_natural_mu0.1_window_tradeoff.png
 -> saved figures/credit_natural_mu0.2_lambda_sweep.png
 -> saved figures/credit_natural_mu0.2_none_tradeoff.png
 -> saved figures/credit_natural_mu0.2_window_tradeoff.png
 -> saved figures/credit_natural_mu0.5_lambda_sweep.png
 -> saved figures/credit_natural_mu0.5_none_tradeoff.png
 -> saved figures/credit_natural_mu0.5_window_tradeoff.png

=== Credit Card (DNN + LIME) / synthetic attacker ===
                   strategy            type  Adversary Error (Security) ↑  Explanation Distortion ↓  Spearman's ρ ↑  Top-3 Agreement ↑
                 No Defense Static Baseline                      0.062697                  0.000000        1.000000           1.000000
                Top-K (k=3) Static Baseline                      0.061858                  0.762430        0.528731           1.000000
   Gaussian Noise (lvl=0.5) Static Baseline                      0.059380                  0.724495        0.788210           0.528667
Precision Reduction (2 dec) Static Baseline                      0.062641                  0.574186        0.758746           0.451111
      Random Subset (p=0.5) Static Baseline                      0.068544                  0.699234        0.647195           0.498000
                      PRADA           PRADA                      0.062254                  1.438392        0.203190           0.298667
                    adversary_error               distortion            spearman                    top3          
                               mean           std       mean       std      mean           std      mean       std
history mu   lambda                                                                                               
none    0.00 0.10          0.063975  1.182072e-03   0.540499  0.284550  0.734411  1.696208e-01  0.665556  0.132424
             0.25          0.063752  5.623113e-04   0.492030  0.283386  0.763283  1.699049e-01  0.695111  0.152878
             0.50          0.063457  6.453577e-04   0.495139  0.255141  0.761550  1.538329e-01  0.692741  0.140424
             0.75          0.063600  7.113548e-04   0.503372  0.228050  0.755924  1.368209e-01  0.691037  0.126483
             1.00          0.063665  8.159661e-04   0.514667  0.242677  0.744230  1.452967e-01  0.689333  0.125274
             1.50          0.063507  1.135463e-03   0.509003  0.230041  0.756443  1.366537e-01  0.681926  0.118571
             2.00          0.063247  1.425949e-03   0.497039  0.231516  0.766966  1.402843e-01  0.684815  0.115390
             3.00          0.063376  7.586072e-04   0.474941  0.253005  0.780298  1.484349e-01  0.693185  0.133552
             5.00          0.063258  9.677728e-04   0.481196  0.283321  0.777749  1.635750e-01  0.693630  0.141106
        0.01 0.00          0.062697  0.000000e+00   0.000000  0.000000  1.000000  0.000000e+00  1.000000  0.000000
             0.10          0.063068  3.245706e-04   0.099000  0.110975  0.958926  4.436383e-02  0.932889  0.085445
             0.25          0.063040  5.359745e-04   0.156984  0.128258  0.929497  6.420176e-02  0.895333  0.093953
             0.50          0.062949  8.313386e-04   0.260012  0.185292  0.873563  1.018214e-01  0.833481  0.124614
             0.75          0.063219  8.639239e-04   0.323334  0.213898  0.843745  1.202268e-01  0.796296  0.132160
             1.00          0.063422  9.745582e-04   0.371001  0.207080  0.822674  1.186549e-01  0.765407  0.121794
             1.50          0.063315  1.168620e-03   0.404487  0.232677  0.808862  1.393794e-01  0.745704  0.124100
             2.00          0.063505  1.013387e-03   0.430676  0.217631  0.799412  1.311796e-01  0.726963  0.107304
             3.00          0.063582  5.768034e-04   0.422782  0.233594  0.806699  1.373481e-01  0.728444  0.123747
             5.00          0.063397  7.717499e-04   0.455852  0.273971  0.789812  1.583675e-01  0.709037  0.142803
        0.05 0.00          0.062697  0.000000e+00   0.000000  0.000000  1.000000  0.000000e+00  1.000000  0.000000
             0.10          0.062770  1.119674e-04   0.009704  0.011501  0.996638  4.679595e-03  0.992963  0.007307
             0.25          0.062922  4.453855e-04   0.026802  0.025131  0.988918  1.391076e-02  0.984815  0.009559
             0.50          0.062877  5.153218e-04   0.047938  0.036025  0.982524  1.392780e-02  0.968741  0.026881
             0.75          0.062876  7.349706e-04   0.090809  0.068557  0.962297  3.020976e-02  0.937852  0.054745
             1.00          0.062871  7.342210e-04   0.119713  0.099305  0.948062  4.886628e-02  0.920444  0.072608
             1.50          0.063099  3.824207e-04   0.161236  0.120080  0.928965  6.008626e-02  0.891259  0.089547
             2.00          0.063177  3.748969e-04   0.199149  0.162101  0.910980  8.556505e-02  0.870815  0.105421
             3.00          0.063197  5.960114e-04   0.252371  0.221088  0.885657  1.243240e-01  0.836222  0.134482
             5.00          0.063257  6.646172e-04   0.324745  0.231668  0.855033  1.339152e-01  0.786593  0.138388
        0.10 0.00          0.062697  0.000000e+00   0.000000  0.000000  1.000000  0.000000e+00  1.000000  0.000000
             0.10          0.062697  1.525781e-09   0.000010  0.000017  1.000000  7.584240e-07  1.000000  0.000000
             0.25          0.062765  6.365965e-05   0.007466  0.006869  0.997717  2.514839e-03  0.994593  0.004556
             0.50          0.062837  4.049929e-04   0.021143  0.022220  0.991120  1.225608e-02  0.987111  0.010416
             0.75          0.062813  6.310341e-04   0.033491  0.027508  0.986165  1.379057e-02  0.981259  0.013638
             1.00          0.062775  6.907736e-04   0.044070  0.034538  0.980969  1.582179e-02  0.973630  0.021816
             1.50          0.062835  7.250241e-04   0.061322  0.043881  0.973613  1.992940e-02  0.959778  0.033780
             2.00          0.063006  4.540025e-04   0.083755  0.065778  0.964625  2.891001e-02  0.945926  0.050378
             3.00          0.063153  3.152846e-04   0.131361  0.118540  0.945886  5.228017e-02  0.912444  0.088972
             5.00          0.063073  3.774594e-04   0.205960  0.182061  0.910282  9.651811e-02  0.859704  0.121489
        0.20 0.00          0.062697  0.000000e+00   0.000000  0.000000  1.000000  0.000000e+00  1.000000  0.000000
             0.10          0.062697  0.000000e+00   0.000000  0.000000  1.000000  0.000000e+00  1.000000  0.000000
             0.25          0.062703  1.290826e-05   0.000985  0.000847  0.999874  1.098511e-04  0.999407  0.000559
             0.50          0.062757  9.610679e-05   0.006400  0.009827  0.997819  3.593681e-03  0.995333  0.006603
             0.75          0.062802  2.870325e-04   0.016110  0.018079  0.993546  9.021514e-03  0.989333  0.010557
             1.00          0.062760  3.641394e-04   0.018722  0.019444  0.992427  9.747725e-03  0.988074  0.010670
             1.50          0.062849  4.770766e-04   0.024903  0.024441  0.989313  1.266566e-02  0.985407  0.012615
             2.00          0.062682  5.986967e-04   0.031826  0.026774  0.986076  1.200930e-02  0.979185  0.018163
             3.00          0.062781  6.589285e-04   0.051849  0.042338  0.977432  1.858190e-02  0.967778  0.030408
             5.00          0.063115  2.740373e-04   0.104045  0.102208  0.957078  4.287187e-02  0.933630  0.074092
        0.50 0.00          0.062697  0.000000e+00   0.000000  0.000000  1.000000  0.000000e+00  1.000000  0.000000
             0.10          0.062697  0.000000e+00   0.000000  0.000000  1.000000  0.000000e+00  1.000000  0.000000
             0.25          0.062697  0.000000e+00   0.000000  0.000000  1.000000  0.000000e+00  1.000000  0.000000
             0.50          0.062697  0.000000e+00   0.000000  0.000000  1.000000  0.000000e+00  1.000000  0.000000
             0.75          0.062699  3.884632e-06   0.000169  0.000293  0.999984  2.787208e-05  0.999852  0.000257
             1.00          0.062704  1.255411e-05   0.002512  0.004350  0.999347  1.131000e-03  0.998000  0.003464
             1.50          0.062713  2.958689e-05   0.002906  0.004817  0.999218  1.336761e-03  0.997704  0.003977
             2.00          0.062738  1.269439e-04   0.007733  0.008825  0.997611  3.356806e-03  0.994296  0.006152
             3.00          0.062714  2.696098e-04   0.013924  0.011964  0.995556  4.346224e-03  0.990593  0.008032
             5.00          0.062760  3.299798e-04   0.023857  0.020605  0.991377  7.850548e-03  0.983556  0.014678
window  0.00 0.10          0.065023  1.308651e-03   0.490618  0.096668  0.748511  4.970767e-02  0.717556  0.057715
             0.25          0.064051  4.664904e-04   0.371484  0.142049  0.812203  7.366954e-02  0.780667  0.083696
             0.50          0.063828  8.786979e-04   0.333722  0.055394  0.834545  3.055877e-02  0.796963  0.042488
             0.75          0.063832  1.300332e-03   0.373891  0.023990  0.815043  1.406514e-02  0.774444  0.020401
             1.00          0.063515  1.415175e-03   0.404225  0.047648  0.796936  3.163076e-02  0.762296  0.036469
             1.50          0.064113  7.003956e-04   0.408533  0.085453  0.795249  5.211299e-02  0.760963  0.059018
             2.00          0.064302  9.459822e-04   0.429976  0.092198  0.782804  5.697769e-02  0.745852  0.062989
             3.00          0.063354  1.128614e-03   0.438089  0.099079  0.779131  5.574267e-02  0.741704  0.063841
             5.00          0.063590  5.888608e-04   0.384719  0.092467  0.809558  4.979136e-02  0.767333  0.066046
        0.01 0.00          0.063189  3.948941e-04   0.088320  0.005695  0.964290  1.135861e-03  0.942148  0.004752
             0.10          0.063459  5.876575e-04   0.289156  0.078027  0.857234  4.611623e-02  0.822815  0.046163
             0.25          0.063714  2.948309e-04   0.275939  0.098465  0.865800  4.811059e-02  0.831556  0.065220
             0.50          0.063014  5.876489e-04   0.313058  0.031289  0.843846  1.805401e-02  0.804963  0.027742
             0.75          0.063858  1.055021e-03   0.352489  0.041561  0.826575  2.505280e-02  0.786889  0.038954
             1.00          0.063839  9.609082e-04   0.384386  0.038345  0.807721  2.793206e-02  0.772000  0.034897
             1.50          0.064303  5.650865e-04   0.406185  0.033571  0.795320  2.062535e-02  0.761481  0.030828
             2.00          0.064239  9.558356e-04   0.399566  0.096386  0.799279  5.890213e-02  0.764000  0.063396
             3.00          0.063832  9.368295e-04   0.420937  0.084163  0.787056  4.794864e-02  0.749407  0.055902
             5.00          0.063742  5.477958e-04   0.371797  0.101051  0.816784  5.514593e-02  0.773630  0.069357
        0.05 0.00          0.063388  1.756971e-04   0.065194  0.036033  0.973996  1.670483e-02  0.956593  0.020932
             0.10          0.063195  1.781086e-04   0.114258  0.048729  0.949957  2.401421e-02  0.925852  0.031729
             0.25          0.063133  1.394788e-03   0.162530  0.018098  0.927525  9.093482e-03  0.895852  0.019981
             0.50          0.062868  4.405001e-04   0.186975  0.058681  0.912578  3.017188e-02  0.880667  0.043113
             0.75          0.062948  6.847534e-04   0.226736  0.010387  0.890665  1.001867e-02  0.854148  0.014188
             1.00          0.063328  8.453058e-04   0.296703  0.044475  0.855479  2.886753e-02  0.817481  0.037381
             1.50          0.064132  5.889258e-04   0.364574  0.098990  0.820307  5.885434e-02  0.778593  0.064510
             2.00          0.064045  8.223900e-04   0.382134  0.105256  0.811643  6.215977e-02  0.769185  0.071257
             3.00          0.063818  8.835897e-04   0.389552  0.118485  0.804617  6.514000e-02  0.763704  0.073974
             5.00          0.063561  2.090921e-04   0.371382  0.130479  0.817432  7.148921e-02  0.775333  0.083224
        0.10 0.00          0.063176  2.720734e-04   0.047790  0.029400  0.980258  1.319185e-02  0.965778  0.017081
             0.10          0.062951  1.103172e-04   0.057173  0.042491  0.976103  1.967830e-02  0.961185  0.024224
             0.25          0.062873  1.051031e-04   0.087019  0.054910  0.962751  2.422211e-02  0.941333  0.037415
             0.50          0.062683  1.014919e-03   0.148266  0.031596  0.934533  1.535939e-02  0.902370  0.011895
             0.75          0.063216  4.837988e-04   0.179079  0.012202  0.917562  7.426306e-03  0.883111  0.012019
             1.00          0.062897  5.009467e-04   0.187022  0.015816  0.912548  6.792748e-03  0.876000  0.018676
             1.50          0.063026  4.915648e-04   0.238367  0.010800  0.889220  8.278481e-03  0.848889  0.019358
             2.00          0.063652  3.274505e-04   0.302086  0.084152  0.855169  4.782089e-02  0.815630  0.053611
             3.00          0.063769  6.178631e-04   0.358407  0.078243  0.824819  4.560687e-02  0.781185  0.053277
             5.00          0.063429  3.076408e-04   0.347031  0.093006  0.828849  4.900306e-02  0.785185  0.064007
        0.20 0.00          0.063182  1.757435e-04   0.059001  0.056059  0.975587  2.610057e-02  0.958000  0.039071
             0.10          0.062896  4.460823e-05   0.049136  0.030435  0.980901  1.342419e-02  0.965704  0.018486
             0.25          0.063057  1.869474e-04   0.056920  0.010777  0.977679  4.749162e-03  0.957111  0.006932
             0.50          0.062885  2.697180e-04   0.053868  0.010969  0.979761  3.334280e-03  0.961407  0.008026
             0.75          0.062868  5.876835e-04   0.083647  0.016816  0.964438  8.227630e-03  0.944963  0.007877
             1.00          0.063279  7.768327e-04   0.107048  0.044734  0.954744  2.136595e-02  0.929556  0.016516
             1.50          0.063485  7.387088e-04   0.129885  0.040253  0.941744  1.981105e-02  0.917259  0.015464
             2.00          0.063183  7.576825e-04   0.190417  0.017909  0.911405  1.024733e-02  0.878000  0.010632
             3.00          0.063285  2.936502e-04   0.225894  0.007636  0.894198  2.984807e-03  0.856815  0.004112
             5.00          0.063701  2.190636e-04   0.307064  0.029372  0.853703  1.591354e-02  0.805407  0.027789
        0.50 0.00          0.062864  1.536179e-04   0.032072  0.031949  0.987527  1.371497e-02  0.975333  0.023821
             0.10          0.062887  2.622645e-04   0.030296  0.015896  0.988989  6.656776e-03  0.977185  0.011036
             0.25          0.062918  1.325152e-04   0.033719  0.008399  0.987724  3.821170e-03  0.974815  0.007070
             0.50          0.063096  2.673492e-04   0.035921  0.021612  0.986790  9.016331e-03  0.974667  0.013654
             0.75          0.063109  4.767150e-04   0.041596  0.023156  0.984344  9.143176e-03  0.969333  0.015378
             1.00          0.062963  5.164909e-04   0.043479  0.033398  0.983619  1.353574e-02  0.969630  0.020464
             1.50          0.062996  1.303353e-04   0.062227  0.048298  0.975811  1.957149e-02  0.957630  0.030971
             2.00          0.063415  3.571025e-05   0.105075  0.076055  0.955402  3.491019e-02  0.930519  0.046019
             3.00          0.063277  8.680319e-04   0.116005  0.062177  0.949455  3.026254e-02  0.925333  0.033533
             5.00          0.063274  9.890453e-04   0.161629  0.015952  0.930252  4.869425e-03  0.898444  0.005967
 -> saved figures/credit_synthetic_mu0_lambda_sweep.png
 -> saved figures/credit_synthetic_mu0_none_tradeoff.png
 -> saved figures/credit_synthetic_mu0_window_tradeoff.png
 -> saved figures/credit_synthetic_mu0.01_lambda_sweep.png
 -> saved figures/credit_synthetic_mu0.01_none_tradeoff.png
 -> saved figures/credit_synthetic_mu0.01_window_tradeoff.png
 -> saved figures/credit_synthetic_mu0.05_lambda_sweep.png
 -> saved figures/credit_synthetic_mu0.05_none_tradeoff.png
 -> saved figures/credit_synthetic_mu0.05_window_tradeoff.png
 -> saved figures/credit_synthetic_mu0.1_lambda_sweep.png
 -> saved figures/credit_synthetic_mu0.1_none_tradeoff.png
 -> saved figures/credit_synthetic_mu0.1_window_tradeoff.png
 -> saved figures/credit_synthetic_mu0.2_lambda_sweep.png
 -> saved figures/credit_synthetic_mu0.2_none_tradeoff.png
 -> saved figures/credit_synthetic_mu0.2_window_tradeoff.png
 -> saved figures/credit_synthetic_mu0.5_lambda_sweep.png
 -> saved figures/credit_synthetic_mu0.5_none_tradeoff.png
 -> saved figures/credit_synthetic_mu0.5_window_tradeoff.png

=== Adult Income (XGBoost + SHAP): time per query (ms, median) ===
                             defence_ms  predict_ms  explain_ms  overhead_vs_explanation_%
defence                                                                                   
No Defense                       0.0021      0.2995      0.6064                     0.3544
Top-K (k=3)                      0.0103      0.2995      0.6064                     1.6974
Gaussian Noise (lvl=0.5)         0.0224      0.2995      0.6064                     3.6900
Precision Reduction (2 dec)      0.0083      0.2995      0.6064                     1.3688
Random Subset (p=0.5)            0.0101      0.2995      0.6064                     1.6727
PRADA                            0.4400      0.2995      0.6064                    72.5556
RL agent, history: none          0.3382      0.2995      0.6064                    55.7629
RL agent, history: window        0.3384      0.2995      0.6064                    55.8050


=== Credit Card (DNN + LIME): time per query (ms, median) ===
                             defence_ms  predict_ms  explain_ms  overhead_vs_explanation_%
defence                                                                                   
No Defense                       0.0022      0.1981     15.0877                     0.0145
Top-K (k=3)                      0.0108      0.1981     15.0877                     0.0718
Gaussian Noise (lvl=0.5)         0.0233      0.1981     15.0877                     0.1543
Precision Reduction (2 dec)      0.0087      0.1981     15.0877                     0.0575
Random Subset (p=0.5)            0.0104      0.1981     15.0877                     0.0691
PRADA                            0.4610      0.1981     15.0877                     3.0552
RL agent, history: none          0.3422      0.1981     15.0877                     2.2681
RL agent, history: window        0.3467      0.1981     15.0877                     2.2976

[Sun Sep 27 22:31:47 +03 2026] done - results/, figures/, evaluation_log.txt

===== SLURM IS ISTATISTIKLERI (JOB STATISTICS) ========================
Job ID: 530074
Cluster: altay
User/Group: gerdogan01/c00006
State: COMPLETED (exit code 0)
Nodes: 1
Cores per node: 64
CPU Utilized: 17:15:45
CPU Efficiency: 61.19% of 1-04:12:48 core-walltime
Job Wall-clock time: 00:26:27
Memory Utilized: 32.62 GB
Memory Efficiency: 3.34% of 976.56 GB

=======================================================================
